{"type": "FeatureCollection", "features": [{"type": "Feature", "properties": {"OBJECTID": 330334, "CSE_NAME": "BROWN BEAR #1", "CSE_TYPE_NR": "384101", "CSE_NR": "OR101366310", "LEG_CSE_NR": "ORMC157181", "CSE_DISP": "Active", "RCRD_ACRS": 20.66}, "geometry": {"type": "MultiPolygon", "coordinates": [[[[-118.92104, 44.73935], [-118.92103, 44.73568], [-118.91565, 44.73565], [-118.91066, 44.73562], [-118.91063, 44.73932], [-118.91061, 44.74302], [-118.91058, 44.74669], [-118.91056, 44.75037], [-118.91561, 44.75037], [-118.92105, 44.75037], [-118.92105, 44.7499], [-118.92105, 44.7467], [-118.92104, 44.74303], [-118.92104, 44.73935]]], [[[-118.80881, 44.74251], [-118.80886, 44.73893], [-118.80891, 44.73535], [-118.80388, 44.73531], [-118.79886, 44.73528], [-118.79887, 44.73707], [-118.79888, 44.73886], [-118.79889, 44.74245], [-118.7989, 44.74604], [-118.79892, 44.74962], [-118.80382, 44.74967], [-118.80872, 44.74972], [-118.80876, 44.74612], [-118.80881, 44.74251]]]]}}, {"type": "Feature", "properties": {"OBJECTID": 330335, "CSE_NAME": "BROWN BEAR #2", "CSE_TYPE_NR": "384101", "CSE_NR": "OR101366311", "LEG_CSE_NR": "ORMC157182", "CSE_DISP": "Active", "RCRD_ACRS": 20.66}, "geometry": {"type": "MultiPolygon", "coordinates": [[[[-118.92104, 44.73935], [-118.92103, 44.73568], [-118.91565, 44.73565], [-118.91066, 44.73562], [-118.91063, 44.73932], [-118.91061, 44.74302], [-118.91058, 44.74669], [-118.91056, 44.75037], [-118.91561, 44.75037], [-118.92105, 44.75037], [-118.92105, 44.7499], [-118.92105, 44.7467], [-118.92104, 44.74303], [-118.92104, 44.73935]]], [[[-118.80881, 44.74251], [-118.80385, 44.74248], [-118.79889, 44.74245], [-118.7989, 44.74604], [-118.79892, 44.74962], [-118.80382, 44.74967], [-118.80872, 44.74972], [-118.80876, 44.74612], [-118.80881, 44.74251]]]]}}, {"type": "Feature", "properties": {"OBJECTID": 450397, "CSE_NAME": "GOLD BC # 121", "CSE_TYPE_NR": "384201", "CSE_NR": "OR105270216", "CSE_DISP": "Active", "RCRD_ACRS": 20}, "geometry": {"type": "Polygon", "coordinates": [[[-118.83415, 44.77184], [-118.82906, 44.77191], [-118.82906, 44.77551], [-118.82905, 44.77911], [-118.83415, 44.77911], [-118.83924, 44.77912], [-118.83924, 44.77545], [-118.83924, 44.77178], [-118.83415, 44.77184]]]}}, {"type": "Feature", "properties": {"OBJECTID": 455520, "CSE_NAME": "B Creek # A2", "CSE_TYPE_NR": "384201", "CSE_NR": "OR105767071", "CSE_DISP": "Active", "RCRD_ACRS": 20}, "geometry": {"type": "Polygon", "coordinates": [[[-118.82433, 44.77567], [-118.8243, 44.77937], [-118.82905, 44.77911], [-118.82906, 44.77551], [-118.82433, 44.77567]]]}}, {"type": "Feature", "properties": {"OBJECTID": 497477, "CSE_NAME": "CORNFLAKE", "CSE_TYPE_NR": "384201", "CSE_NR": "OR101508968", "LEG_CSE_NR": "ORMC169469", "CSE_DISP": "Active", "RCRD_ACRS": 40}, "geometry": {"type": "Polygon", "coordinates": [[[-118.78861, 44.76431], [-118.78605, 44.76434], [-118.78349, 44.76436], [-118.78092, 44.76438], [-118.77836, 44.7644], [-118.77836, 44.76625], [-118.77836, 44.7681], [-118.77837, 44.77181], [-118.78352, 44.77182], [-118.78867, 44.77183], [-118.78865, 44.76995], [-118.78864, 44.76807], [-118.78863, 44.76619], [-118.78861, 44.76431]]]}}, {"type": "Feature", "properties": {"OBJECTID": 497894, "CSE_NAME": "GOLD CAP 305", "CSE_TYPE_NR": "384201", "CSE_NR": "OR101742187", "LEG_CSE_NR": "ORMC172488", "CSE_DISP": "Active", "RCRD_ACRS": 20}, "geometry": {"type": "Polygon", "coordinates": [[[-118.83415, 44.77911], [-118.83924, 44.77912], [-118.83924, 44.77545], [-118.83924, 44.77178], [-118.83415, 44.77184], [-118.82906, 44.77191], [-118.82906, 44.77551], [-118.82905, 44.77911], [-118.83415, 44.77911]]]}}, {"type": "Feature", "properties": {"OBJECTID": 498371, "CSE_NAME": "B CREEK 1", "CSE_TYPE_NR": "384201", "CSE_NR": "OR101640009", "LEG_CSE_NR": "ORMC174715", "CSE_DISP": "Active", "RCRD_ACRS": 20}, "geometry": {"type": "Polygon", "coordinates": [[[-118.83415, 44.77911], [-118.83924, 44.77912], [-118.83924, 44.77545], [-118.83924, 44.77178], [-118.83415, 44.77184], [-118.82906, 44.77191], [-118.82906, 44.77551], [-118.82905, 44.77911], [-118.83415, 44.77911]]]}}, {"type": "Feature", "properties": {"OBJECTID": 531219, "CSE_NAME": "Twice Shy", "CSE_TYPE_NR": "384201", "CSE_NR": "OR106705573", "CSE_DISP": "Filed", "RCRD_ACRS": 640}, "geometry": {"type": "Polygon", "coordinates": [[[-118.83416, 44.76448], [-118.82908, 44.76452], [-118.82443, 44.76446], [-118.81979, 44.7644], [-118.81973, 44.76821], [-118.81967, 44.77202], [-118.81961, 44.77583], [-118.81955, 44.77964], [-118.8243, 44.77937], [-118.82905, 44.77911], [-118.83415, 44.77911], [-118.83924, 44.77912], [-118.83924, 44.77545], [-118.83924, 44.77178], [-118.83924, 44.76811], [-118.83924, 44.76444], [-118.83416, 44.76448]]]}}, {"type": "Feature", "properties": {"OBJECTID": 3439, "CSE_NAME": "Agate Meadow", "CSE_TYPE_NR": "384101", "CSE_NR": "OR105229779", "CSE_DISP": "Active", "RCRD_ACRS": 15.52}, "geometry": {"type": "Polygon", "coordinates": [[[-120.38137, 44.43631], [-120.3764, 44.43655], [-120.37614, 44.43656], [-120.37144, 44.43679], [-120.36647, 44.43702], [-120.36628, 44.44058], [-120.36609, 44.44415], [-120.36622, 44.44782], [-120.36635, 44.45149], [-120.3713, 44.45128], [-120.37614, 44.45108], [-120.37625, 44.45108], [-120.38125, 44.45088], [-120.38598, 44.4507], [-120.38601, 44.44704], [-120.38603, 44.44339], [-120.38606, 44.43974], [-120.38609, 44.43609], [-120.38137, 44.43631]]]}}, {"type": "Feature", "properties": {"OBJECTID": 420110, "CSE_NAME": "Wild Horse South", "CSE_TYPE_NR": "384101", "CSE_NR": "OR106371163", "CSE_DISP": "Active", "RCRD_ACRS": 18.67768595}, "geometry": {"type": "Polygon", "coordinates": [[[-120.37653, 44.41813], [-120.37652, 44.41443], [-120.37336, 44.41451], [-120.37593, 44.41168], [-120.37398, 44.41082], [-120.37397, 44.41081], [-120.37396, 44.41082], [-120.37262, 44.41228], [-120.37264, 44.41221], [-120.37147, 44.41201], [-120.3704, 44.41184], [-120.37002, 44.41303], [-120.37002, 44.41272], [-120.36773, 44.41272], [-120.36771, 44.41466], [-120.36771, 44.41494], [-120.36705, 44.41576], [-120.36647, 44.41545], [-120.36646, 44.41545], [-120.36645, 44.41545], [-120.36646, 44.4165], [-120.36647, 44.41762], [-120.36647, 44.4184], [-120.36647, 44.41907], [-120.36649, 44.42211], [-120.37152, 44.42197], [-120.37614, 44.42185], [-120.37655, 44.42184], [-120.37653, 44.41813]]]}}, {"type": "Feature", "properties": {"OBJECTID": 420111, "CSE_NAME": "Wild Horse", "CSE_TYPE_NR": "384101", "CSE_NR": "OR106371164", "CSE_DISP": "Active", "RCRD_ACRS": 20.66115702}, "geometry": {"type": "Polygon", "coordinates": [[[-120.37653, 44.41813], [-120.37652, 44.41443], [-120.37336, 44.41451], [-120.37593, 44.41168], [-120.37398, 44.41082], [-120.37397, 44.41081], [-120.37396, 44.41082], [-120.37262, 44.41228], [-120.37264, 44.41221], [-120.37147, 44.41201], [-120.3704, 44.41184], [-120.37002, 44.41303], [-120.37002, 44.41272], [-120.36773, 44.41272], [-120.36771, 44.41466], [-120.36771, 44.41494], [-120.36705, 44.41576], [-120.36647, 44.41545], [-120.36646, 44.41545], [-120.36645, 44.41545], [-120.36646, 44.4165], [-120.36647, 44.41762], [-120.36647, 44.4184], [-120.36647, 44.41907], [-120.36649, 44.42211], [-120.37152, 44.42197], [-120.37614, 44.42185], [-120.37655, 44.42184], [-120.37653, 44.41813]]]}}, {"type": "Feature", "properties": {"OBJECTID": 450420, "CSE_NAME": "Coopah Jr.", "CSE_TYPE_NR": "384201", "CSE_NR": "OR105270641", "CSE_DISP": "Active", "RCRD_ACRS": 20}, "geometry": {"type": "Polygon", "coordinates": [[[-120.36641, 44.40727], [-120.36643, 44.41098], [-120.36645, 44.41469], [-120.36645, 44.41545], [-120.36646, 44.41545], [-120.36647, 44.41545], [-120.36705, 44.41576], [-120.36771, 44.41494], [-120.36771, 44.41466], [-120.36773, 44.41272], [-120.37002, 44.41272], [-120.37002, 44.41303], [-120.3704, 44.41184], [-120.37147, 44.41201], [-120.37264, 44.41221], [-120.37262, 44.41228], [-120.37396, 44.41082], [-120.37397, 44.41081], [-120.37398, 44.41082], [-120.37593, 44.41168], [-120.37336, 44.41451], [-120.37652, 44.41443], [-120.3765, 44.41076], [-120.37648, 44.4071], [-120.37614, 44.40711], [-120.37144, 44.40718], [-120.36641, 44.40727]]]}}, {"type": "Feature", "properties": {"OBJECTID": 497157, "CSE_NAME": "GOLDEN KNIGHT", "CSE_TYPE_NR": "384201", "CSE_NR": "OR101313674", "LEG_CSE_NR": "ORMC161553", "CSE_DISP": "Active", "RCRD_ACRS": 20}, "geometry": {"type": "Polygon", "coordinates": [[[-120.36641, 44.40727], [-120.36643, 44.41098], [-120.36645, 44.41469], [-120.36645, 44.41545], [-120.36646, 44.41545], [-120.36647, 44.41545], [-120.36705, 44.41576], [-120.36771, 44.41494], [-120.36771, 44.41466], [-120.36773, 44.41272], [-120.37002, 44.41272], [-120.37002, 44.41303], [-120.3704, 44.41184], [-120.37147, 44.41201], [-120.37264, 44.41221], [-120.37262, 44.41228], [-120.37396, 44.41082], [-120.37397, 44.41081], [-120.37398, 44.41082], [-120.37593, 44.41168], [-120.37336, 44.41451], [-120.37652, 44.41443], [-120.3765, 44.41076], [-120.37648, 44.4071], [-120.37614, 44.40711], [-120.37144, 44.40718], [-120.36641, 44.40727]]]}}, {"type": "Feature", "properties": {"OBJECTID": 509057, "CSE_NAME": "4 D's Mining Claim", "CSE_TYPE_NR": "384201", "CSE_NR": "OR106308499", "CSE_DISP": "Active", "RCRD_ACRS": 160}, "geometry": {"type": "Polygon", "coordinates": [[[-120.36138, 44.40734], [-120.3614, 44.41105], [-120.36643, 44.41098], [-120.36641, 44.40727], [-120.36138, 44.40734]]]}}, {"type": "Feature", "properties": {"OBJECTID": 509376, "CSE_NAME": "Ochoco I", "CSE_TYPE_NR": "384201", "CSE_NR": "OR105283663", "CSE_DISP": "Active", "RCRD_ACRS": 20}, "geometry": {"type": "Polygon", "coordinates": [[[-120.42357, 44.39088], [-120.4211, 44.39098], [-120.41738, 44.39111], [-120.41614, 44.39116], [-120.41119, 44.39134], [-120.40623, 44.39153], [-120.40626, 44.39517], [-120.40628, 44.39881], [-120.40631, 44.40245], [-120.40634, 44.40609], [-120.41132, 44.4059], [-120.4163, 44.40571], [-120.42133, 44.40556], [-120.42384, 44.40548], [-120.42636, 44.4054], [-120.42632, 44.40358], [-120.42628, 44.40175], [-120.42621, 44.3981], [-120.42613, 44.39444], [-120.42605, 44.39079], [-120.42357, 44.39088]]]}}, {"type": "Feature", "properties": {"OBJECTID": 571387, "CSE_NAME": "Seek Ye First", "CSE_TYPE_NR": "384201", "CSE_NR": "OR106750124", "CSE_DISP": "Active", "RCRD_ACRS": 80}, "geometry": {"type": "Polygon", "coordinates": [[[-120.36397, 44.42029], [-120.36398, 44.42215], [-120.36398, 44.42215], [-120.36398, 44.42401], [-120.36649, 44.42397], [-120.36649, 44.42584], [-120.36899, 44.42575], [-120.369, 44.4239], [-120.36901, 44.42204], [-120.36649, 44.42211], [-120.36895, 44.42203], [-120.37142, 44.42195], [-120.37141, 44.4201], [-120.36895, 44.42018], [-120.36894, 44.41833], [-120.36647, 44.4184], [-120.36396, 44.41844], [-120.36397, 44.42029]]]}}, {"type": "Feature", "properties": {"OBJECTID": 589618, "CSE_NAME": "STAR DUST", "CSE_TYPE_NR": "384101", "CSE_NR": "OR106778354", "CSE_DISP": "Active", "RCRD_ACRS": 20.66}, "geometry": {"type": "Polygon", "coordinates": [[[-120.35156, 44.42981], [-120.34658, 44.42989], [-120.34668, 44.43364], [-120.34679, 44.43739], [-120.35171, 44.43729], [-120.35663, 44.4372], [-120.35658, 44.43347], [-120.35653, 44.42973], [-120.35156, 44.42981]]]}}, {"type": "Feature", "properties": {"OBJECTID": 329786, "CSE_NAME": "(Symbol) placer claim #18", "CSE_TYPE_NR": "384101", "CSE_NR": "OR101433362", "LEG_CSE_NR": "ORMC138209", "CSE_DISP": "Active", "RCRD_ACRS": 20.66}, "geometry": {"type": "Polygon", "coordinates": [[[-118.69515, 44.53312], [-118.69026, 44.53324], [-118.68537, 44.53336], [-118.68537, 44.53695], [-118.68537, 44.54054], [-118.68724, 44.54051], [-118.68924, 44.54047], [-118.69028, 44.54046], [-118.69094, 44.54045], [-118.69518, 44.54037], [-118.69516, 44.53675], [-118.69515, 44.53312]]]}}, {"type": "Feature", "properties": {"OBJECTID": 329787, "CSE_NAME": "(Symbol) placer claim #19", "CSE_TYPE_NR": "384101", "CSE_NR": "OR101334016", "LEG_CSE_NR": "ORMC138210", "CSE_DISP": "Active", "RCRD_ACRS": 20.66}, "geometry": {"type": "Polygon", "coordinates": [[[-118.69515, 44.53312], [-118.69026, 44.53324], [-118.68537, 44.53336], [-118.68537, 44.53695], [-118.68537, 44.54054], [-118.68724, 44.54051], [-118.68924, 44.54047], [-118.69028, 44.54046], [-118.69094, 44.54045], [-118.69518, 44.54037], [-118.69516, 44.53675], [-118.69515, 44.53312]]]}}, {"type": "Feature", "properties": {"OBJECTID": 330283, "CSE_NAME": "PRESENT NEED #3", "CSE_TYPE_NR": "384101", "CSE_NR": "OR101385075", "LEG_CSE_NR": "ORMC156056", "CSE_DISP": "Active", "RCRD_ACRS": 20.66}, "geometry": {"type": "Polygon", "coordinates": [[[-118.69518, 44.54037], [-118.6952, 44.544], [-118.69521, 44.54762], [-118.69523, 44.5495], [-118.69525, 44.55119], [-118.69525, 44.55174], [-118.69525, 44.5518], [-118.69526, 44.55279], [-118.69528, 44.55437], [-118.69528, 44.55476], [-118.69597, 44.55476], [-118.69827, 44.55475], [-118.70015, 44.55474], [-118.70502, 44.55472], [-118.70499, 44.55293], [-118.70497, 44.55114], [-118.70495, 44.54987], [-118.70494, 44.5486], [-118.70492, 44.54756], [-118.70506, 44.54396], [-118.70521, 44.54035], [-118.70019, 44.54036], [-118.69518, 44.54037]]]}}, {"type": "Feature", "properties": {"OBJECTID": 330647, "CSE_NAME": "COUGAR", "CSE_TYPE_NR": "384101", "CSE_NR": "OR101658900", "LEG_CSE_NR": "ORMC158334", "CSE_DISP": "Active", "RCRD_ACRS": 20.66}, "geometry": {"type": "Polygon", "coordinates": [[[-118.70521, 44.54035], [-118.70019, 44.54036], [-118.69518, 44.54037], [-118.69094, 44.54045], [-118.69028, 44.54046], [-118.68924, 44.54047], [-118.68724, 44.54051], [-118.68537, 44.54054], [-118.68537, 44.54175], [-118.68537, 44.54269], [-118.68537, 44.54273], [-118.68537, 44.54409], [-118.68537, 44.54414], [-118.68537, 44.54414], [-118.68537, 44.54568], [-118.68537, 44.54707], [-118.68537, 44.54775], [-118.68537, 44.54792], [-118.68536, 44.55129], [-118.68536, 44.55431], [-118.68536, 44.55483], [-118.68684, 44.55482], [-118.68722, 44.55482], [-118.68918, 44.55481], [-118.69032, 44.5548], [-118.69204, 44.55479], [-118.69366, 44.55477], [-118.69427, 44.55477], [-118.69528, 44.55476], [-118.69597, 44.55476], [-118.69827, 44.55475], [-118.70015, 44.55474], [-118.70502, 44.55472], [-118.70499, 44.55293], [-118.70497, 44.55114], [-118.70495, 44.54987], [-118.70494, 44.5486], [-118.70492, 44.54756], [-118.70506, 44.54396], [-118.70521, 44.54035]]]}}, {"type": "Feature", "properties": {"OBJECTID": 331157, "CSE_NAME": "KEYSTONE II", "CSE_TYPE_NR": "384101", "CSE_NR": "OR101519137", "LEG_CSE_NR": "ORMC162403", "CSE_DISP": "Active", "RCRD_ACRS": 20.66}, "geometry": {"type": "Polygon", "coordinates": [[[-118.69518, 44.54037], [-118.6952, 44.544], [-118.69521, 44.54762], [-118.69523, 44.5495], [-118.69525, 44.55119], [-118.69525, 44.55174], [-118.69525, 44.5518], [-118.69526, 44.55279], [-118.69528, 44.55437], [-118.69528, 44.55476], [-118.69597, 44.55476], [-118.69827, 44.55475], [-118.70015, 44.55474], [-118.70502, 44.55472], [-118.70499, 44.55293], [-118.70497, 44.55114], [-118.70495, 44.54987], [-118.70494, 44.5486], [-118.70492, 44.54756], [-118.70506, 44.54396], [-118.70521, 44.54035], [-118.70019, 44.54036], [-118.69518, 44.54037]]]}}, {"type": "Feature", "properties": {"OBJECTID": 331951, "CSE_NAME": "OPHIR #1", "CSE_TYPE_NR": "384101", "CSE_NR": "OR101746116", "LEG_CSE_NR": "ORMC169659", "CSE_DISP": "Active", "RCRD_ACRS": 20.66}, "geometry": {"type": "Polygon", "coordinates": [[[-118.71233, 44.52608], [-118.71094, 44.52607], [-118.70774, 44.52605], [-118.7058, 44.52604], [-118.70573, 44.52771], [-118.70565, 44.52961], [-118.70549, 44.53317], [-118.71066, 44.53319], [-118.71583, 44.53322], [-118.71596, 44.52966], [-118.71608, 44.5261], [-118.71233, 44.52608]]]}}, {"type": "Feature", "properties": {"OBJECTID": 331952, "CSE_NAME": "OPHIR #3", "CSE_TYPE_NR": "384101", "CSE_NR": "OR101743542", "LEG_CSE_NR": "ORMC169673", "CSE_DISP": "Active", "RCRD_ACRS": 20.66}, "geometry": {"type": "Polygon", "coordinates": [[[-118.71233, 44.52608], [-118.71094, 44.52607], [-118.70774, 44.52605], [-118.7058, 44.52604], [-118.70573, 44.52771], [-118.70565, 44.52961], [-118.70549, 44.53317], [-118.71066, 44.53319], [-118.71583, 44.53322], [-118.71596, 44.52966], [-118.71608, 44.5261], [-118.71233, 44.52608]]]}}, {"type": "Feature", "properties": {"OBJECTID": 388680, "CSE_NAME": "Elk Ridge", "CSE_TYPE_NR": "384101", "CSE_NR": "OR106319480", "CSE_DISP": "Active", "RCRD_ACRS": 160.89}, "geometry": {"type": "Polygon", "coordinates": [[[-118.62943, 44.56227], [-118.63445, 44.56223], [-118.63442, 44.5586], [-118.6344, 44.55499], [-118.62936, 44.555], [-118.62432, 44.55501], [-118.62436, 44.55863], [-118.6244, 44.5623], [-118.62607, 44.56229], [-118.62943, 44.56227]]]}}, {"type": "Feature", "properties": {"OBJECTID": 390683, "CSE_NAME": "Tell Heart", "CSE_TYPE_NR": "384101", "CSE_NR": "OR106324268", "CSE_DISP": "Active", "RCRD_ACRS": 570.042}, "geometry": {"type": "Polygon", "coordinates": [[[-118.69028, 44.54046], [-118.69094, 44.54045], [-118.69518, 44.54037], [-118.69516, 44.53675], [-118.69515, 44.53312], [-118.69026, 44.53324], [-118.68537, 44.53336], [-118.68537, 44.53695], [-118.68537, 44.54054], [-118.68724, 44.54051], [-118.68924, 44.54047], [-118.69028, 44.54046]]]}}, {"type": "Feature", "properties": {"OBJECTID": 390710, "CSE_NAME": "Beaver State #1", "CSE_TYPE_NR": "384101", "CSE_NR": "OR106324269", "CSE_DISP": "Active", "RCRD_ACRS": 160}, "geometry": {"type": "Polygon", "coordinates": [[[-118.70032, 44.53314], [-118.69515, 44.53312], [-118.69516, 44.53675], [-118.69518, 44.54037], [-118.70019, 44.54036], [-118.70521, 44.54035], [-118.70535, 44.53676], [-118.70549, 44.53317], [-118.70032, 44.53314]]]}}, {"type": "Feature", "properties": {"OBJECTID": 496966, "CSE_NAME": "COUGAR #1", "CSE_TYPE_NR": "384201", "CSE_NR": "OR101387495", "LEG_CSE_NR": "ORMC156271", "CSE_DISP": "Active", "RCRD_ACRS": 160}, "geometry": {"type": "Polygon", "coordinates": [[[-118.69518, 44.54037], [-118.69094, 44.54045], [-118.69028, 44.54046], [-118.68924, 44.54047], [-118.68724, 44.54051], [-118.68537, 44.54054], [-118.68537, 44.54175], [-118.68537, 44.54269], [-118.68537, 44.54273], [-118.68537, 44.54409], [-118.68537, 44.54414], [-118.68537, 44.54414], [-118.68537, 44.54568], [-118.68537, 44.54707], [-118.68537, 44.54775], [-118.68537, 44.54792], [-118.68536, 44.55129], [-118.68536, 44.55431], [-118.68536, 44.55483], [-118.68684, 44.55482], [-118.68722, 44.55482], [-118.68918, 44.55481], [-118.69032, 44.5548], [-118.69204, 44.55479], [-118.69366, 44.55477], [-118.69427, 44.55477], [-118.69528, 44.55476], [-118.69597, 44.55476], [-118.69827, 44.55475], [-118.70015, 44.55474], [-118.70502, 44.55472], [-118.70499, 44.55293], [-118.70497, 44.55114], [-118.70495, 44.54987], [-118.70494, 44.5486], [-118.70492, 44.54756], [-118.70506, 44.54396], [-118.70521, 44.54035], [-118.70019, 44.54036], [-118.69518, 44.54037]]]}}, {"type": "Feature", "properties": {"OBJECTID": 497082, "CSE_NAME": "DIXIE TRAIL GROUP 1", "CSE_TYPE_NR": "384201", "CSE_NR": "OR101522389", "LEG_CSE_NR": "ORMC160028", "CSE_DISP": "Active", "RCRD_ACRS": 80}, "geometry": {"type": "Polygon", "coordinates": [[[-118.56332, 44.57332], [-118.56347, 44.5698], [-118.55842, 44.56985], [-118.55337, 44.5699], [-118.55328, 44.57344], [-118.55319, 44.57698], [-118.55819, 44.57691], [-118.56318, 44.57685], [-118.56332, 44.57332]]]}}, {"type": "Feature", "properties": {"OBJECTID": 497167, "CSE_NAME": "LOBO MINE", "CSE_TYPE_NR": "384201", "CSE_NR": "OR101363879", "LEG_CSE_NR": "ORMC162138", "CSE_DISP": "Active", "RCRD_ACRS": 60}, "geometry": {"type": "Polygon", "coordinates": [[[-118.57825, 44.5768], [-118.57317, 44.57673], [-118.57315, 44.58045], [-118.57313, 44.58418], [-118.57811, 44.58424], [-118.58309, 44.5843], [-118.58807, 44.58436], [-118.59305, 44.58442], [-118.59327, 44.5807], [-118.59349, 44.57699], [-118.58841, 44.57693], [-118.58333, 44.57686], [-118.57825, 44.5768]]]}}, {"type": "Feature", "properties": {"OBJECTID": 497299, "CSE_NAME": "LOBODIXIE", "CSE_TYPE_NR": "384201", "CSE_NR": "OR101622522", "LEG_CSE_NR": "ORMC164788", "CSE_DISP": "Active", "RCRD_ACRS": 80}, "geometry": {"type": "Polygon", "coordinates": [[[-118.56817, 44.57679], [-118.57317, 44.57673], [-118.57825, 44.5768], [-118.58333, 44.57686], [-118.58348, 44.57329], [-118.58362, 44.56972], [-118.57856, 44.56971], [-118.5735, 44.56969], [-118.56848, 44.56975], [-118.56347, 44.5698], [-118.56332, 44.57332], [-118.56318, 44.57685], [-118.56817, 44.57679]]]}}, {"type": "Feature", "properties": {"OBJECTID": 497875, "CSE_NAME": "DIXIE", "CSE_TYPE_NR": "384201", "CSE_NR": "OR101545551", "LEG_CSE_NR": "ORMC172368", "CSE_DISP": "Active", "RCRD_ACRS": 20}, "geometry": {"type": "Polygon", "coordinates": [[[-118.7058, 44.52604], [-118.70066, 44.52601], [-118.69552, 44.52598], [-118.69534, 44.52955], [-118.69515, 44.53312], [-118.70032, 44.53314], [-118.70549, 44.53317], [-118.70565, 44.52961], [-118.7058, 44.52604]]]}}, {"type": "Feature", "properties": {"OBJECTID": 574269, "CSE_NAME": "bonanza II", "CSE_TYPE_NR": "384201", "CSE_NR": "OR106754148", "CSE_DISP": "Active", "RCRD_ACRS": 20}, "geometry": {"type": "Polygon", "coordinates": [[[-118.69545, 44.56011], [-118.69549, 44.5619], [-118.69797, 44.56191], [-118.69794, 44.56012], [-118.69791, 44.55833], [-118.69542, 44.55833], [-118.69545, 44.56011]]]}}, {"type": "Feature", "properties": {"OBJECTID": 582306, "CSE_NAME": "bonanza 3", "CSE_TYPE_NR": "384201", "CSE_NR": "OR106769188", "CSE_DISP": "Filed", "RCRD_ACRS": 56.56}, "geometry": {"type": "Polygon", "coordinates": [[[-118.69818, 44.55763], [-118.6959, 44.55757], [-118.69588, 44.55832], [-118.69588, 44.55837], [-118.69587, 44.55849], [-118.69539, 44.55849], [-118.69549, 44.5619], [-118.7003, 44.56192], [-118.70023, 44.55884], [-118.70022, 44.55835], [-118.70015, 44.55474], [-118.69827, 44.55475], [-118.69818, 44.55763]]]}}, {"type": "Feature", "properties": {"OBJECTID": 610252, "CSE_NAME": "Sundance's Stash", "CSE_TYPE_NR": "384201", "CSE_NR": "OR106800821", "CSE_DISP": "Filed", "RCRD_ACRS": 20}, "geometry": {"type": "Polygon", "coordinates": [[[-118.53884, 44.6136], [-118.53884, 44.6137], [-118.53884, 44.61381], [-118.53892, 44.61706], [-118.53904, 44.61706], [-118.54379, 44.61711], [-118.54364, 44.61346], [-118.53976, 44.61341], [-118.53926, 44.6134], [-118.53916, 44.6134], [-118.53906, 44.6134], [-118.53883, 44.6134], [-118.53884, 44.6136]]]}}, {"type": "Feature", "properties": {"OBJECTID": 497975, "CSE_NAME": "MINE CREEK", "CSE_TYPE_NR": "384201", "CSE_NR": "OR101842656", "LEG_CSE_NR": "ORMC173398", "CSE_DISP": "Active", "RCRD_ACRS": 20}, "geometry": {"type": "Polygon", "coordinates": [[[-119.15966, 44.5546], [-119.15879, 44.5546], [-119.15871, 44.5546], [-119.15379, 44.55458], [-119.15385, 44.55809], [-119.1539, 44.56154], [-119.15896, 44.56151], [-119.15899, 44.56151], [-119.16415, 44.56148], [-119.164, 44.55807], [-119.164, 44.55806], [-119.164, 44.55805], [-119.16385, 44.55461], [-119.16132, 44.5546], [-119.15967, 44.5546], [-119.15966, 44.5546]]]}}, {"type": "Feature", "properties": {"OBJECTID": 520510, "CSE_NAME": "Mine Creek #1", "CSE_TYPE_NR": "384201", "CSE_NR": "OR106361668", "CSE_DISP": "Active", "RCRD_ACRS": 39.91}, "geometry": {"type": "Polygon", "coordinates": [[[-119.16153, 44.55977], [-119.1616, 44.5615], [-119.16415, 44.56148], [-119.16408, 44.55976], [-119.164, 44.55804], [-119.16147, 44.55804], [-119.16153, 44.55977]]]}}, {"type": "Feature", "properties": {"OBJECTID": 4716, "CSE_NAME": "Sky Scraper III", "CSE_TYPE_NR": "384101", "CSE_NR": "OR105233816", "CSE_DISP": "Active", "RCRD_ACRS": 20.66}, "geometry": {"type": "Polygon", "coordinates": [[[-118.79893, 44.71758], [-118.79894, 44.72115], [-118.8041, 44.7212], [-118.80927, 44.72125], [-118.80927, 44.71765], [-118.80927, 44.71404], [-118.8041, 44.71402], [-118.79893, 44.714], [-118.79893, 44.71758]]]}}, {"type": "Feature", "properties": {"OBJECTID": 329636, "CSE_NAME": "BELL OF THE HILLS", "CSE_TYPE_NR": "384101", "CSE_NR": "OR101431192", "LEG_CSE_NR": "ORMC10052", "CSE_DISP": "Active", "RCRD_ACRS": 20.66}, "geometry": {"type": "Polygon", "coordinates": [[[-118.80926, 44.70679], [-118.8041, 44.70677], [-118.79894, 44.70675], [-118.79894, 44.71037], [-118.79893, 44.714], [-118.8041, 44.71402], [-118.80927, 44.71404], [-118.80926, 44.71042], [-118.80926, 44.7086], [-118.80926, 44.70679]]]}}, {"type": "Feature", "properties": {"OBJECTID": 329637, "CSE_NAME": "HIDDEN TREASURE", "CSE_TYPE_NR": "384101", "CSE_NR": "OR101380015", "LEG_CSE_NR": "ORMC10053", "CSE_DISP": "Active", "RCRD_ACRS": 20.66}, "geometry": {"type": "Polygon", "coordinates": [[[-118.79893, 44.714], [-118.8041, 44.71402], [-118.80927, 44.71404], [-118.80926, 44.71042], [-118.80926, 44.7086], [-118.80926, 44.70679], [-118.8041, 44.70677], [-118.79894, 44.70675], [-118.79371, 44.7067], [-118.78974, 44.70666], [-118.78861, 44.70665], [-118.78862, 44.70753], [-118.78862, 44.70793], [-118.78863, 44.70925], [-118.78863, 44.70967], [-118.78863, 44.70971], [-118.78863, 44.71028], [-118.78864, 44.71142], [-118.78864, 44.71155], [-118.78864, 44.71221], [-118.78865, 44.7136], [-118.78865, 44.71388], [-118.78865, 44.71391], [-118.78986, 44.71392], [-118.79373, 44.71396], [-118.79893, 44.714]]]}}, {"type": "Feature", "properties": {"OBJECTID": 329638, "CSE_NAME": "VICTOR", "CSE_TYPE_NR": "384101", "CSE_NR": "OR101481869", "LEG_CSE_NR": "ORMC10054", "CSE_DISP": "Active", "RCRD_ACRS": 20.66}, "geometry": {"type": "Polygon", "coordinates": [[[-118.79894, 44.70675], [-118.79371, 44.7067], [-118.78974, 44.70666], [-118.78861, 44.70665], [-118.78862, 44.70753], [-118.78862, 44.70793], [-118.78863, 44.70925], [-118.78863, 44.70967], [-118.78863, 44.70971], [-118.78863, 44.71028], [-118.78864, 44.71142], [-118.78864, 44.71155], [-118.78864, 44.71221], [-118.78865, 44.7136], [-118.78865, 44.71388], [-118.78865, 44.71391], [-118.78986, 44.71392], [-118.79373, 44.71396], [-118.79893, 44.714], [-118.79894, 44.71037], [-118.79894, 44.70675]]]}}, {"type": "Feature", "properties": {"OBJECTID": 329797, "CSE_NAME": "NOELLE", "CSE_TYPE_NR": "384101", "CSE_NR": "OR101433563", "LEG_CSE_NR": "ORMC144521", "CSE_DISP": "Active", "RCRD_ACRS": 20.66}, "geometry": {"type": "Polygon", "coordinates": [[[-118.79893, 44.714], [-118.8041, 44.71402], [-118.80927, 44.71404], [-118.80926, 44.71042], [-118.80926, 44.7086], [-118.80926, 44.70679], [-118.8041, 44.70677], [-118.79894, 44.70675], [-118.79371, 44.7067], [-118.78974, 44.70666], [-118.78861, 44.70665], [-118.78862, 44.70753], [-118.78862, 44.70793], [-118.78863, 44.70925], [-118.78863, 44.70967], [-118.78863, 44.70971], [-118.78863, 44.71028], [-118.78864, 44.71142], [-118.78864, 44.71155], [-118.78864, 44.71221], [-118.78865, 44.7136], [-118.78865, 44.71388], [-118.78865, 44.71391], [-118.78986, 44.71392], [-118.79373, 44.71396], [-118.79893, 44.714]]]}}, {"type": "Feature", "properties": {"OBJECTID": 330099, "CSE_NAME": "GO4IT", "CSE_TYPE_NR": "384101", "CSE_NR": "OR101430705", "LEG_CSE_NR": "ORMC153181", "CSE_DISP": "Active", "RCRD_ACRS": 12.4}, "geometry": {"type": "Polygon", "coordinates": [[[-118.80919, 44.66285], [-118.80408, 44.66284], [-118.79898, 44.66282], [-118.79899, 44.6665], [-118.799, 44.67017], [-118.80407, 44.67018], [-118.80914, 44.67018], [-118.80916, 44.66652], [-118.80919, 44.66285]]]}}, {"type": "Feature", "properties": {"OBJECTID": 330337, "CSE_NAME": "BROWN BEAR #4", "CSE_TYPE_NR": "384101", "CSE_NR": "OR101367117", "LEG_CSE_NR": "ORMC157184", "CSE_DISP": "Active", "RCRD_ACRS": 20.66}, "geometry": {"type": "Polygon", "coordinates": [[[-118.80886, 44.73893], [-118.80891, 44.73535], [-118.80388, 44.73531], [-118.79886, 44.73528], [-118.79887, 44.73707], [-118.79888, 44.73886], [-118.79889, 44.74245], [-118.80385, 44.74248], [-118.80881, 44.74251], [-118.80886, 44.73893]]]}}, {"type": "Feature", "properties": {"OBJECTID": 330759, "CSE_NAME": "LIGHTNING", "CSE_TYPE_NR": "384101", "CSE_NR": "OR101738864", "LEG_CSE_NR": "ORMC160792", "CSE_DISP": "Active", "RCRD_ACRS": 8.26}, "geometry": {"type": "Polygon", "coordinates": [[[-118.80881, 44.74251], [-118.81386, 44.74254], [-118.81891, 44.74257], [-118.81893, 44.73899], [-118.81895, 44.73541], [-118.81393, 44.73538], [-118.80891, 44.73535], [-118.80388, 44.73531], [-118.79886, 44.73528], [-118.79887, 44.73707], [-118.79888, 44.73886], [-118.79889, 44.74245], [-118.80385, 44.74248], [-118.80881, 44.74251]]]}}, {"type": "Feature", "properties": {"OBJECTID": 332220, "CSE_NAME": "ANGEL & THE BAD MAN", "CSE_TYPE_NR": "384101", "CSE_NR": "OR101542720", "LEG_CSE_NR": "ORMC172269", "CSE_DISP": "Active", "RCRD_ACRS": 20.66}, "geometry": {"type": "Polygon", "coordinates": [[[-118.80926, 44.70679], [-118.8041, 44.70677], [-118.79894, 44.70675], [-118.79894, 44.71037], [-118.79893, 44.714], [-118.8041, 44.71402], [-118.80927, 44.71404], [-118.80926, 44.71042], [-118.80926, 44.7086], [-118.80926, 44.70679]]]}}, {"type": "Feature", "properties": {"OBJECTID": 332708, "CSE_NAME": "PACK RAT 1", "CSE_TYPE_NR": "384101", "CSE_NR": "OR101562049", "LEG_CSE_NR": "ORMC174733", "CSE_DISP": "Active", "RCRD_ACRS": 20.66}, "geometry": {"type": "Polygon", "coordinates": [[[-118.79893, 44.714], [-118.79373, 44.71396], [-118.78986, 44.71392], [-118.78865, 44.71391], [-118.78867, 44.7175], [-118.78869, 44.72108], [-118.79377, 44.72112], [-118.79894, 44.72115], [-118.79893, 44.71758], [-118.79893, 44.714]]]}}, {"type": "Feature", "properties": {"OBJECTID": 332709, "CSE_NAME": "PACK RAT 2", "CSE_TYPE_NR": "384101", "CSE_NR": "OR101562050", "LEG_CSE_NR": "ORMC174734", "CSE_DISP": "Active", "RCRD_ACRS": 20.66}, "geometry": {"type": "Polygon", "coordinates": [[[-118.79893, 44.714], [-118.79373, 44.71396], [-118.78986, 44.71392], [-118.78865, 44.71391], [-118.78867, 44.7175], [-118.78869, 44.72108], [-118.78864, 44.72465], [-118.78859, 44.72823], [-118.79365, 44.72819], [-118.79369, 44.72819], [-118.79889, 44.72816], [-118.79891, 44.72465], [-118.79894, 44.72115], [-118.79893, 44.71758], [-118.79893, 44.714]]]}}, {"type": "Feature", "properties": {"OBJECTID": 332837, "CSE_NAME": "RIO BRAVO", "CSE_TYPE_NR": "384101", "CSE_NR": "OR101869864", "LEG_CSE_NR": "ORMC175534", "CSE_DISP": "Active", "RCRD_ACRS": 20.66}, "geometry": {"type": "Polygon", "coordinates": [[[-118.79893, 44.714], [-118.79373, 44.71396], [-118.78986, 44.71392], [-118.78865, 44.71391], [-118.78867, 44.7175], [-118.78869, 44.72108], [-118.79377, 44.72112], [-118.79894, 44.72115], [-118.79893, 44.71758], [-118.79893, 44.714]]]}}, {"type": "Feature", "properties": {"OBJECTID": 332839, "CSE_NAME": "JAG", "CSE_TYPE_NR": "384101", "CSE_NR": "OR101557936", "LEG_CSE_NR": "ORMC175543", "CSE_DISP": "Active", "RCRD_ACRS": 20.66}, "geometry": {"type": "Polygon", "coordinates": [[[-118.79894, 44.70675], [-118.79371, 44.7067], [-118.78974, 44.70666], [-118.78861, 44.70665], [-118.78862, 44.70753], [-118.78862, 44.70793], [-118.78863, 44.70925], [-118.78863, 44.70967], [-118.78863, 44.70971], [-118.78863, 44.71028], [-118.78864, 44.71142], [-118.78864, 44.71155], [-118.78864, 44.71221], [-118.78865, 44.7136], [-118.78865, 44.71388], [-118.78865, 44.71391], [-118.78867, 44.7175], [-118.78869, 44.72108], [-118.79377, 44.72112], [-118.79894, 44.72115], [-118.79893, 44.71758], [-118.79893, 44.714], [-118.79894, 44.71037], [-118.79894, 44.70675]]]}}, {"type": "Feature", "properties": {"OBJECTID": 497198, "CSE_NAME": "BLUE DEVIL", "CSE_TYPE_NR": "384201", "CSE_NR": "OR101673922", "LEG_CSE_NR": "ORMC163150", "CSE_DISP": "Active", "RCRD_ACRS": 20}, "geometry": {"type": "Polygon", "coordinates": [[[-118.77856, 44.72166], [-118.77856, 44.72101], [-118.77583, 44.7211], [-118.77496, 44.72113], [-118.77364, 44.72118], [-118.76871, 44.72135], [-118.76852, 44.72492], [-118.76833, 44.72848], [-118.77005, 44.72845], [-118.77005, 44.72845], [-118.77346, 44.72839], [-118.77371, 44.72838], [-118.77859, 44.72829], [-118.77858, 44.72465], [-118.77857, 44.7245], [-118.77856, 44.72191], [-118.77856, 44.72166]]]}}, {"type": "Feature", "properties": {"OBJECTID": 497199, "CSE_NAME": "BLUE DEVIL #2", "CSE_TYPE_NR": "384201", "CSE_NR": "OR101673923", "LEG_CSE_NR": "ORMC163151", "CSE_DISP": "Active", "RCRD_ACRS": 20}, "geometry": {"type": "Polygon", "coordinates": [[[-118.77856, 44.72166], [-118.77856, 44.72101], [-118.77583, 44.7211], [-118.77496, 44.72113], [-118.77364, 44.72118], [-118.76871, 44.72135], [-118.76852, 44.72492], [-118.76833, 44.72848], [-118.77005, 44.72845], [-118.77005, 44.72845], [-118.77346, 44.72839], [-118.77371, 44.72838], [-118.77859, 44.72829], [-118.77858, 44.72465], [-118.77857, 44.7245], [-118.77856, 44.72191], [-118.77856, 44.72166]]]}}, {"type": "Feature", "properties": {"OBJECTID": 497695, "CSE_NAME": "HAND OF FAITH", "CSE_TYPE_NR": "384201", "CSE_NR": "OR101352110", "LEG_CSE_NR": "ORMC171618", "CSE_DISP": "Active", "RCRD_ACRS": 20}, "geometry": {"type": "Polygon", "coordinates": [[[-118.8196, 44.72135], [-118.81939, 44.72488], [-118.81919, 44.72841], [-118.82429, 44.72843], [-118.8294, 44.72846], [-118.82954, 44.72488], [-118.82968, 44.72129], [-118.82464, 44.72132], [-118.8196, 44.72135]]]}}, {"type": "Feature", "properties": {"OBJECTID": 498347, "CSE_NAME": "LUCKY CHUCK", "CSE_TYPE_NR": "384201", "CSE_NR": "OR101476293", "LEG_CSE_NR": "ORMC174348", "CSE_DISP": "Active", "RCRD_ACRS": 19.5}, "geometry": {"type": "Polygon", "coordinates": [[[-118.81919, 44.72841], [-118.81414, 44.72834], [-118.80909, 44.72828], [-118.809, 44.73185], [-118.80891, 44.73535], [-118.81393, 44.73538], [-118.81895, 44.73541], [-118.81906, 44.73198], [-118.81919, 44.72841]]]}}, {"type": "Feature", "properties": {"OBJECTID": 498348, "CSE_NAME": "TOUGH LUCK", "CSE_TYPE_NR": "384201", "CSE_NR": "OR101476294", "LEG_CSE_NR": "ORMC174349", "CSE_DISP": "Active", "RCRD_ACRS": 19.5}, "geometry": {"type": "Polygon", "coordinates": [[[-118.81919, 44.72841], [-118.81414, 44.72834], [-118.80909, 44.72828], [-118.809, 44.73185], [-118.80891, 44.73535], [-118.81393, 44.73538], [-118.81895, 44.73541], [-118.81906, 44.73198], [-118.81919, 44.72841]]]}}, {"type": "Feature", "properties": {"OBJECTID": 498378, "CSE_NAME": "HERD BULL 1", "CSE_TYPE_NR": "384201", "CSE_NR": "OR101838802", "LEG_CSE_NR": "ORMC174898", "CSE_DISP": "Active", "RCRD_ACRS": 20}, "geometry": {"type": "Polygon", "coordinates": [[[-118.81863, 44.64844], [-118.81443, 44.64844], [-118.81348, 44.64844], [-118.80935, 44.64844], [-118.80931, 44.65205], [-118.80927, 44.65565], [-118.81435, 44.65567], [-118.81943, 44.65568], [-118.81947, 44.65206], [-118.81952, 44.64845], [-118.81863, 44.64844]]]}}, {"type": "Feature", "properties": {"OBJECTID": 554244, "CSE_NAME": "Phip #1", "CSE_TYPE_NR": "384201", "CSE_NR": "OR106728181", "CSE_DISP": "Active", "RCRD_ACRS": 20}, "geometry": {"type": "Polygon", "coordinates": [[[-118.79891, 44.72465], [-118.79889, 44.72816], [-118.79887, 44.73172], [-118.79886, 44.73528], [-118.80388, 44.73531], [-118.80891, 44.73535], [-118.81393, 44.73538], [-118.81895, 44.73541], [-118.81906, 44.73198], [-118.81919, 44.72841], [-118.81939, 44.72488], [-118.8196, 44.72135], [-118.81443, 44.7213], [-118.80927, 44.72125], [-118.8041, 44.7212], [-118.79894, 44.72115], [-118.79891, 44.72465]]]}}, {"type": "Feature", "properties": {"OBJECTID": 564257, "CSE_NAME": "True Grit", "CSE_TYPE_NR": "384101", "CSE_NR": "OR106743268", "CSE_DISP": "Filed", "RCRD_ACRS": 20.66}, "geometry": {"type": "Polygon", "coordinates": [[[-118.79894, 44.71037], [-118.79893, 44.714], [-118.79893, 44.71758], [-118.79894, 44.72115], [-118.8041, 44.7212], [-118.80927, 44.72125], [-118.81443, 44.7213], [-118.8196, 44.72135], [-118.81959, 44.71772], [-118.81959, 44.71703], [-118.81959, 44.71633], [-118.81959, 44.7159], [-118.81959, 44.71409], [-118.81959, 44.71227], [-118.81958, 44.71046], [-118.81958, 44.70864], [-118.81958, 44.70683], [-118.817, 44.70682], [-118.81442, 44.70681], [-118.81184, 44.7068], [-118.80926, 44.70679], [-118.8041, 44.70677], [-118.79894, 44.70675], [-118.79894, 44.71037]]]}}, {"type": "Feature", "properties": {"OBJECTID": 569995, "CSE_NAME": "Pack Rat 2", "CSE_TYPE_NR": "384101", "CSE_NR": "OR106749180", "CSE_DISP": "Active", "RCRD_ACRS": 20.66}, "geometry": {"type": "Polygon", "coordinates": [[[-118.78867, 44.7175], [-118.78869, 44.72108], [-118.79377, 44.72112], [-118.79894, 44.72115], [-118.79893, 44.71758], [-118.79893, 44.714], [-118.79373, 44.71396], [-118.78986, 44.71392], [-118.78865, 44.71391], [-118.78867, 44.7175]]]}}, {"type": "Feature", "properties": {"OBJECTID": 570064, "CSE_NAME": "Pack Rat 1", "CSE_TYPE_NR": "384101", "CSE_NR": "OR106749179", "CSE_DISP": "Active", "RCRD_ACRS": 20.66}, "geometry": {"type": "Polygon", "coordinates": [[[-118.78867, 44.7175], [-118.78869, 44.72108], [-118.79377, 44.72112], [-118.79894, 44.72115], [-118.79893, 44.71758], [-118.79893, 44.714], [-118.79373, 44.71396], [-118.78986, 44.71392], [-118.78865, 44.71391], [-118.78867, 44.7175]]]}}, {"type": "Feature", "properties": {"OBJECTID": 618364, "CSE_NAME": "Red Chile", "CSE_TYPE_NR": "384201", "CSE_NR": "OR106812299", "CSE_DISP": "Filed", "RCRD_ACRS": 20}, "geometry": {"type": "Polygon", "coordinates": [[[-118.76317, 44.73565], [-118.7584, 44.73584], [-118.75829, 44.73937], [-118.75819, 44.74291], [-118.76309, 44.74285], [-118.76799, 44.74278], [-118.76797, 44.73912], [-118.76795, 44.73546], [-118.76317, 44.73565]]]}}, {"type": "Feature", "properties": {"OBJECTID": 622174, "CSE_NAME": "Red Chile #2", "CSE_TYPE_NR": "384201", "CSE_NR": "OR106823381", "CSE_DISP": "Filed", "RCRD_ACRS": 20}, "geometry": {"type": "Polygon", "coordinates": [[[-118.74813, 44.73935], [-118.74805, 44.74291], [-118.75312, 44.74291], [-118.75819, 44.74291], [-118.75829, 44.73937], [-118.7584, 44.73584], [-118.7533, 44.73581], [-118.75108, 44.7358], [-118.7482, 44.73579], [-118.74813, 44.73935]]]}}, {"type": "Feature", "properties": {"OBJECTID": 498651, "CSE_NAME": "GOLD HILL PLACERS", "CSE_TYPE_NR": "384201", "CSE_NR": "OR101814601", "LEG_CSE_NR": "ORMC176624", "CSE_DISP": "Active", "RCRD_ACRS": 40}, "geometry": {"type": "Polygon", "coordinates": [[[-119.04732, 43.98202], [-119.04736, 43.97839], [-119.04739, 43.97476], [-119.04222, 43.97478], [-119.03706, 43.97479], [-119.03703, 43.97844], [-119.037, 43.98208], [-119.04216, 43.98205], [-119.04732, 43.98202]]]}}, {"type": "Feature", "properties": {"OBJECTID": 330280, "CSE_NAME": "BOSCO", "CSE_TYPE_NR": "384101", "CSE_NR": "OR101476841", "LEG_CSE_NR": "ORMC155986", "CSE_DISP": "Active", "RCRD_ACRS": 20.66}, "geometry": {"type": "Polygon", "coordinates": [[[-119.53129, 43.85127], [-119.52628, 43.85143], [-119.52625, 43.85488], [-119.52625, 43.85504], [-119.52622, 43.85866], [-119.52619, 43.86184], [-119.52619, 43.86229], [-119.52615, 43.86593], [-119.53115, 43.86576], [-119.53671, 43.86557], [-119.53669, 43.86195], [-119.53666, 43.85834], [-119.53664, 43.85472], [-119.53661, 43.85111], [-119.53129, 43.85127]]]}}, {"type": "Feature", "properties": {"OBJECTID": 330281, "CSE_NAME": "BOSWORTH", "CSE_TYPE_NR": "384101", "CSE_NR": "OR101476842", "LEG_CSE_NR": "ORMC155987", "CSE_DISP": "Active", "RCRD_ACRS": 20.66}, "geometry": {"type": "Polygon", "coordinates": [[[-119.53124, 43.8585], [-119.5291, 43.85857], [-119.52622, 43.85866], [-119.52305, 43.85876], [-119.52119, 43.85882], [-119.51615, 43.85898], [-119.51615, 43.86262], [-119.51616, 43.86627], [-119.52116, 43.8661], [-119.52615, 43.86593], [-119.53115, 43.86576], [-119.53671, 43.86557], [-119.53669, 43.86195], [-119.53666, 43.85834], [-119.53124, 43.8585]]]}}, {"type": "Feature", "properties": {"OBJECTID": 330282, "CSE_NAME": "SIR TALKS-ALOT", "CSE_TYPE_NR": "384101", "CSE_NR": "OR101475071", "LEG_CSE_NR": "ORMC156032", "CSE_DISP": "Active", "RCRD_ACRS": 20.66}, "geometry": {"type": "Polygon", "coordinates": [[[-119.53129, 43.85127], [-119.52628, 43.85143], [-119.52625, 43.85488], [-119.52625, 43.85504], [-119.52622, 43.85866], [-119.52619, 43.86184], [-119.52619, 43.86229], [-119.52615, 43.86593], [-119.53115, 43.86576], [-119.53671, 43.86557], [-119.53669, 43.86195], [-119.53666, 43.85834], [-119.53664, 43.85472], [-119.53661, 43.85111], [-119.53129, 43.85127]]]}}, {"type": "Feature", "properties": {"OBJECTID": 330285, "CSE_NAME": "CJ3", "CSE_TYPE_NR": "384101", "CSE_NR": "OR101389874", "LEG_CSE_NR": "ORMC156122", "CSE_DISP": "Active", "RCRD_ACRS": 20.66}, "geometry": {"type": "Polygon", "coordinates": [[[-119.53129, 43.85127], [-119.52628, 43.85143], [-119.52625, 43.85488], [-119.52625, 43.85504], [-119.52622, 43.85866], [-119.5291, 43.85857], [-119.53124, 43.8585], [-119.53666, 43.85834], [-119.53664, 43.85472], [-119.53661, 43.85111], [-119.53129, 43.85127]]]}}, {"type": "Feature", "properties": {"OBJECTID": 330736, "CSE_NAME": "MY MINI MINE", "CSE_TYPE_NR": "384101", "CSE_NR": "OR101374607", "LEG_CSE_NR": "ORMC159778", "CSE_DISP": "Active", "RCRD_ACRS": 4.13}, "geometry": {"type": "Polygon", "coordinates": [[[-119.53129, 43.85127], [-119.52628, 43.85143], [-119.52625, 43.85488], [-119.52625, 43.85504], [-119.52622, 43.85866], [-119.52619, 43.86184], [-119.52619, 43.86229], [-119.52615, 43.86593], [-119.53115, 43.86576], [-119.53671, 43.86557], [-119.53669, 43.86195], [-119.53666, 43.85834], [-119.53664, 43.85472], [-119.53661, 43.85111], [-119.53129, 43.85127]]]}}, {"type": "Feature", "properties": {"OBJECTID": 330766, "CSE_NAME": "BOWLEGGED BOWDRIE", "CSE_TYPE_NR": "384101", "CSE_NR": "OR101485619", "LEG_CSE_NR": "ORMC160902", "CSE_DISP": "Active", "RCRD_ACRS": 20.66}, "geometry": {"type": "Polygon", "coordinates": [[[-119.53129, 43.85127], [-119.52628, 43.85143], [-119.52126, 43.85158], [-119.51624, 43.85174], [-119.5162, 43.85536], [-119.51615, 43.85898], [-119.52119, 43.85882], [-119.52305, 43.85876], [-119.52622, 43.85866], [-119.5291, 43.85857], [-119.53124, 43.8585], [-119.53666, 43.85834], [-119.53664, 43.85472], [-119.53661, 43.85111], [-119.53129, 43.85127]]]}}, {"type": "Feature", "properties": {"OBJECTID": 330767, "CSE_NAME": "BROKEN WING", "CSE_TYPE_NR": "384101", "CSE_NR": "OR101485620", "LEG_CSE_NR": "ORMC160903", "CSE_DISP": "Active", "RCRD_ACRS": 20.66}, "geometry": {"type": "Polygon", "coordinates": [[[-119.51624, 43.85174], [-119.5162, 43.85536], [-119.51615, 43.85898], [-119.51615, 43.86262], [-119.51616, 43.86627], [-119.52116, 43.8661], [-119.52615, 43.86593], [-119.52619, 43.86229], [-119.52619, 43.86184], [-119.52622, 43.85866], [-119.52625, 43.85504], [-119.52625, 43.85488], [-119.52628, 43.85143], [-119.52126, 43.85158], [-119.51624, 43.85174]]]}}, {"type": "Feature", "properties": {"OBJECTID": 332184, "CSE_NAME": "CHUCK", "CSE_TYPE_NR": "384101", "CSE_NR": "OR101896446", "LEG_CSE_NR": "ORMC172137", "CSE_DISP": "Active", "RCRD_ACRS": 20.66}, "geometry": {"type": "Polygon", "coordinates": [[[-119.53129, 43.85127], [-119.52628, 43.85143], [-119.52625, 43.85488], [-119.52625, 43.85504], [-119.52622, 43.85866], [-119.52619, 43.86184], [-119.52619, 43.86229], [-119.52615, 43.86593], [-119.53115, 43.86576], [-119.53671, 43.86557], [-119.53669, 43.86195], [-119.53666, 43.85834], [-119.53664, 43.85472], [-119.53661, 43.85111], [-119.53129, 43.85127]]]}}, {"type": "Feature", "properties": {"OBJECTID": 332185, "CSE_NAME": "GINNIE", "CSE_TYPE_NR": "384101", "CSE_NR": "OR101896447", "LEG_CSE_NR": "ORMC172138", "CSE_DISP": "Active", "RCRD_ACRS": 20.66}, "geometry": {"type": "Polygon", "coordinates": [[[-119.53124, 43.8585], [-119.5291, 43.85857], [-119.52622, 43.85866], [-119.52619, 43.86184], [-119.52619, 43.86229], [-119.52615, 43.86593], [-119.53115, 43.86576], [-119.53671, 43.86557], [-119.53669, 43.86195], [-119.53666, 43.85834], [-119.53124, 43.8585]]]}}, {"type": "Feature", "properties": {"OBJECTID": 528266, "CSE_NAME": "Ponderosa 1", "CSE_TYPE_NR": "384101", "CSE_NR": "OR106696118", "CSE_DISP": "Active", "RCRD_ACRS": 20.66}, "geometry": {"type": "Polygon", "coordinates": [[[-119.52619, 43.86184], [-119.52622, 43.85866], [-119.52305, 43.85876], [-119.52119, 43.85882], [-119.51615, 43.85898], [-119.51615, 43.86262], [-119.51616, 43.86627], [-119.52116, 43.8661], [-119.52615, 43.86593], [-119.52619, 43.86229], [-119.52619, 43.86184]]]}}, {"type": "Feature", "properties": {"OBJECTID": 528267, "CSE_NAME": "Ponderosa 2", "CSE_TYPE_NR": "384101", "CSE_NR": "OR106696119", "CSE_DISP": "Active", "RCRD_ACRS": 20.66}, "geometry": {"type": "Polygon", "coordinates": [[[-119.52619, 43.86184], [-119.52622, 43.85866], [-119.52305, 43.85876], [-119.52119, 43.85882], [-119.51615, 43.85898], [-119.51615, 43.86262], [-119.51616, 43.86627], [-119.52116, 43.8661], [-119.52615, 43.86593], [-119.52619, 43.86229], [-119.52619, 43.86184]]]}}, {"type": "Feature", "properties": {"OBJECTID": 7176, "CSE_NAME": "Golden Peacock 1", "CSE_TYPE_NR": "384101", "CSE_NR": "OR105238733", "CSE_DISP": "Active", "RCRD_ACRS": 20.66}, "geometry": {"type": "Polygon", "coordinates": [[[-119.87962, 42.7245], [-119.8747, 42.72451], [-119.87472, 42.72819], [-119.87473, 42.73188], [-119.87608, 42.73187], [-119.87966, 42.73187], [-119.88459, 42.73186], [-119.88457, 42.72818], [-119.88455, 42.72449], [-119.87962, 42.7245]]]}}, {"type": "Feature", "properties": {"OBJECTID": 7177, "CSE_NAME": "Golden Peacock 2", "CSE_TYPE_NR": "384101", "CSE_NR": "OR105238734", "CSE_DISP": "Active", "RCRD_ACRS": 20.66}, "geometry": {"type": "Polygon", "coordinates": [[[-119.87962, 42.7245], [-119.8747, 42.72451], [-119.87472, 42.72819], [-119.87473, 42.73188], [-119.87608, 42.73187], [-119.87966, 42.73187], [-119.88459, 42.73186], [-119.88457, 42.72818], [-119.88455, 42.72449], [-119.87962, 42.7245]]]}}, {"type": "Feature", "properties": {"OBJECTID": 7178, "CSE_NAME": "Golden Peacock 3", "CSE_TYPE_NR": "384101", "CSE_NR": "OR105238735", "CSE_DISP": "Active", "RCRD_ACRS": 20.66}, "geometry": {"type": "Polygon", "coordinates": [[[-119.87962, 42.7245], [-119.8747, 42.72451], [-119.87472, 42.72819], [-119.87473, 42.73188], [-119.87608, 42.73187], [-119.87966, 42.73187], [-119.88459, 42.73186], [-119.88457, 42.72818], [-119.88455, 42.72449], [-119.87962, 42.7245]]]}}, {"type": "Feature", "properties": {"OBJECTID": 7179, "CSE_NAME": "Golden Peacock 4", "CSE_TYPE_NR": "384101", "CSE_NR": "OR105238736", "CSE_DISP": "Active", "RCRD_ACRS": 20.66}, "geometry": {"type": "Polygon", "coordinates": [[[-119.87962, 42.7245], [-119.8747, 42.72451], [-119.87472, 42.72819], [-119.87473, 42.73188], [-119.87608, 42.73187], [-119.87966, 42.73187], [-119.88459, 42.73186], [-119.88457, 42.72818], [-119.88455, 42.72449], [-119.87962, 42.7245]]]}}, {"type": "Feature", "properties": {"OBJECTID": 15565, "CSE_NAME": "KM - 2", "CSE_TYPE_NR": "384101", "CSE_NR": "OR105254631", "CSE_DISP": "Active", "RCRD_ACRS": 20.66}, "geometry": {"type": "Polygon", "coordinates": [[[-119.86236, 42.7135], [-119.85989, 42.71351], [-119.85988, 42.71535], [-119.85986, 42.71718], [-119.86233, 42.71718], [-119.8648, 42.71717], [-119.86482, 42.71533], [-119.86484, 42.71349], [-119.86236, 42.7135]]]}}, {"type": "Feature", "properties": {"OBJECTID": 54451, "CSE_NAME": "Pink Lizard 3", "CSE_TYPE_NR": "384101", "CSE_NR": "OR105785180", "CSE_DISP": "Filed", "RCRD_ACRS": 640}, "geometry": {"type": "Polygon", "coordinates": [[[-119.78535, 42.72115], [-119.7853, 42.72483], [-119.78524, 42.72851], [-119.78518, 42.7322], [-119.79015, 42.73221], [-119.79512, 42.73221], [-119.80009, 42.73222], [-119.80506, 42.73223], [-119.80511, 42.72854], [-119.80514, 42.7267], [-119.80516, 42.72486], [-119.80521, 42.72117], [-119.80524, 42.71933], [-119.80526, 42.71749], [-119.8003, 42.71748], [-119.79534, 42.71748], [-119.79037, 42.71747], [-119.78541, 42.71747], [-119.78535, 42.72115]]]}}, {"type": "Feature", "properties": {"OBJECTID": 62186, "CSE_NAME": "Minion #1", "CSE_TYPE_NR": "384101", "CSE_NR": "OR105801772", "CSE_DISP": "Active", "RCRD_ACRS": 20.66}, "geometry": {"type": "Polygon", "coordinates": [[[-119.84008, 42.70992], [-119.83512, 42.70996], [-119.83513, 42.71364], [-119.83513, 42.71733], [-119.84009, 42.71728], [-119.84504, 42.71723], [-119.84504, 42.71539], [-119.84504, 42.71355], [-119.84504, 42.70988], [-119.84008, 42.70992]]]}}, {"type": "Feature", "properties": {"OBJECTID": 62188, "CSE_NAME": "Minion #3", "CSE_TYPE_NR": "384101", "CSE_NR": "OR105801774", "CSE_DISP": "Active", "RCRD_ACRS": 20.66}, "geometry": {"type": "Polygon", "coordinates": [[[-119.84008, 42.70992], [-119.83512, 42.70996], [-119.83513, 42.71364], [-119.83513, 42.71733], [-119.84009, 42.71728], [-119.84504, 42.71723], [-119.84504, 42.71539], [-119.84504, 42.71355], [-119.84504, 42.70988], [-119.84008, 42.70992]]]}}, {"type": "Feature", "properties": {"OBJECTID": 62189, "CSE_NAME": "Minion #2", "CSE_TYPE_NR": "384101", "CSE_NR": "OR105801773", "CSE_DISP": "Active", "RCRD_ACRS": 20.66}, "geometry": {"type": "Polygon", "coordinates": [[[-119.84008, 42.70992], [-119.83512, 42.70996], [-119.83513, 42.71364], [-119.83513, 42.71733], [-119.84009, 42.71728], [-119.84504, 42.71723], [-119.84504, 42.71539], [-119.84504, 42.71355], [-119.84504, 42.70988], [-119.84008, 42.70992]]]}}, {"type": "Feature", "properties": {"OBJECTID": 62191, "CSE_NAME": "Minion #4", "CSE_TYPE_NR": "384101", "CSE_NR": "OR105801775", "CSE_DISP": "Active", "RCRD_ACRS": 20.66}, "geometry": {"type": "Polygon", "coordinates": [[[-119.84008, 42.70992], [-119.83512, 42.70996], [-119.83513, 42.71364], [-119.83513, 42.71733], [-119.84009, 42.71728], [-119.84504, 42.71723], [-119.84504, 42.71539], [-119.84504, 42.71355], [-119.84504, 42.70988], [-119.84008, 42.70992]]]}}, {"type": "Feature", "properties": {"OBJECTID": 71375, "CSE_NAME": "Sunrise #1", "CSE_TYPE_NR": "384101", "CSE_NR": "OR105823177", "CSE_DISP": "Active", "RCRD_ACRS": 20.66}, "geometry": {"type": "Polygon", "coordinates": [[[-119.81014, 42.72485], [-119.80765, 42.72485], [-119.80516, 42.72486], [-119.80514, 42.7267], [-119.80511, 42.72854], [-119.80506, 42.73223], [-119.81004, 42.73223], [-119.81501, 42.73223], [-119.81506, 42.72854], [-119.81512, 42.72484], [-119.81014, 42.72485]]]}}, {"type": "Feature", "properties": {"OBJECTID": 329723, "CSE_NAME": "NIGHT BIRD 1", "CSE_TYPE_NR": "384101", "CSE_NR": "OR101482749", "LEG_CSE_NR": "ORMC107064", "CSE_DISP": "Active", "RCRD_ACRS": 19.28}, "geometry": {"type": "Polygon", "coordinates": [[[-119.82021, 42.71745], [-119.81523, 42.71746], [-119.81517, 42.72115], [-119.81512, 42.72484], [-119.82009, 42.72484], [-119.82009, 42.72484], [-119.82516, 42.72483], [-119.82519, 42.72113], [-119.82523, 42.71743], [-119.82021, 42.71745]]]}}, {"type": "Feature", "properties": {"OBJECTID": 329790, "CSE_NAME": "BIMBO #1", "CSE_TYPE_NR": "384101", "CSE_NR": "OR101484507", "LEG_CSE_NR": "ORMC141125", "CSE_DISP": "Active", "RCRD_ACRS": 20.66}, "geometry": {"type": "Polygon", "coordinates": [[[-119.81523, 42.71746], [-119.8152, 42.71377], [-119.81518, 42.71008], [-119.81021, 42.7101], [-119.80524, 42.71012], [-119.80525, 42.7138], [-119.80526, 42.71749], [-119.80775, 42.71748], [-119.81024, 42.71747], [-119.81523, 42.71746]]]}}, {"type": "Feature", "properties": {"OBJECTID": 329791, "CSE_NAME": "SAMPO #2", "CSE_TYPE_NR": "384101", "CSE_NR": "OR101483738", "LEG_CSE_NR": "ORMC141127", "CSE_DISP": "Active", "RCRD_ACRS": 20.66}, "geometry": {"type": "Polygon", "coordinates": [[[-119.80526, 42.71749], [-119.80524, 42.71933], [-119.80521, 42.72117], [-119.80516, 42.72486], [-119.80765, 42.72485], [-119.81014, 42.72485], [-119.81512, 42.72484], [-119.81517, 42.72115], [-119.81523, 42.71746], [-119.8152, 42.71377], [-119.81518, 42.71008], [-119.81021, 42.7101], [-119.80524, 42.71012], [-119.80525, 42.7138], [-119.80526, 42.71749]]]}}, {"type": "Feature", "properties": {"OBJECTID": 329817, "CSE_NAME": "NIGHT BIRD II", "CSE_TYPE_NR": "384101", "CSE_NR": "OR101435025", "LEG_CSE_NR": "ORMC145982", "CSE_DISP": "Active", "RCRD_ACRS": 19.28}, "geometry": {"type": "Polygon", "coordinates": [[[-119.82021, 42.71745], [-119.81523, 42.71746], [-119.81517, 42.72115], [-119.81512, 42.72484], [-119.82009, 42.72484], [-119.82009, 42.72484], [-119.82516, 42.72483], [-119.82519, 42.72113], [-119.82523, 42.71743], [-119.82021, 42.71745]]]}}, {"type": "Feature", "properties": {"OBJECTID": 329818, "CSE_NAME": "NIGHT BIRD III", "CSE_TYPE_NR": "384101", "CSE_NR": "OR101481003", "LEG_CSE_NR": "ORMC145983", "CSE_DISP": "Active", "RCRD_ACRS": 19.28}, "geometry": {"type": "Polygon", "coordinates": [[[-119.81024, 42.71747], [-119.80775, 42.71748], [-119.80526, 42.71749], [-119.80524, 42.71933], [-119.80521, 42.72117], [-119.80516, 42.72486], [-119.80765, 42.72485], [-119.81014, 42.72485], [-119.81512, 42.72484], [-119.81517, 42.72115], [-119.81523, 42.71746], [-119.81024, 42.71747]]]}}, {"type": "Feature", "properties": {"OBJECTID": 329839, "CSE_NAME": "LAST CHANCE #2", "CSE_TYPE_NR": "384101", "CSE_NR": "OR101431162", "LEG_CSE_NR": "ORMC146464", "CSE_DISP": "Active", "RCRD_ACRS": 20.66}, "geometry": {"type": "Polygon", "coordinates": [[[-119.87472, 42.70979], [-119.8698, 42.7098], [-119.86487, 42.70981], [-119.86484, 42.71349], [-119.86482, 42.71533], [-119.8648, 42.71717], [-119.86973, 42.71716], [-119.87466, 42.71715], [-119.87469, 42.71347], [-119.87472, 42.70979]]]}}, {"type": "Feature", "properties": {"OBJECTID": 329840, "CSE_NAME": "COYOTE #1", "CSE_TYPE_NR": "384101", "CSE_NR": "OR101431735", "LEG_CSE_NR": "ORMC147112", "CSE_DISP": "Active", "RCRD_ACRS": 20.66}, "geometry": {"type": "Polygon", "coordinates": [[[-119.81512, 42.72484], [-119.81014, 42.72485], [-119.80765, 42.72485], [-119.80516, 42.72486], [-119.80268, 42.72486], [-119.8002, 42.72485], [-119.79523, 42.72485], [-119.79518, 42.72853], [-119.79512, 42.73221], [-119.80009, 42.73222], [-119.80506, 42.73223], [-119.81004, 42.73223], [-119.81501, 42.73223], [-119.81506, 42.72854], [-119.81512, 42.72484]]]}}, {"type": "Feature", "properties": {"OBJECTID": 329956, "CSE_NAME": "OSG 9", "CSE_TYPE_NR": "384101", "CSE_NR": "OR101358616", "LEG_CSE_NR": "ORMC150080", "CSE_DISP": "Active", "RCRD_ACRS": 16.36}, "geometry": {"type": "Polygon", "coordinates": [[[-119.82516, 42.72483], [-119.82512, 42.72853], [-119.82509, 42.73223], [-119.83007, 42.73215], [-119.83505, 42.73208], [-119.83507, 42.72839], [-119.83509, 42.7247], [-119.83012, 42.72477], [-119.82516, 42.72483]]]}}, {"type": "Feature", "properties": {"OBJECTID": 329957, "CSE_NAME": "OSG 10", "CSE_TYPE_NR": "384101", "CSE_NR": "OR101433173", "LEG_CSE_NR": "ORMC150081", "CSE_DISP": "Active", "RCRD_ACRS": 18.18}, "geometry": {"type": "Polygon", "coordinates": [[[-119.82516, 42.72483], [-119.82512, 42.72853], [-119.82509, 42.73223], [-119.83007, 42.73215], [-119.83505, 42.73208], [-119.83507, 42.72839], [-119.83509, 42.7247], [-119.83012, 42.72477], [-119.82516, 42.72483]]]}}, {"type": "Feature", "properties": {"OBJECTID": 329958, "CSE_NAME": "OSG 13", "CSE_TYPE_NR": "384101", "CSE_NR": "OR101483263", "LEG_CSE_NR": "ORMC150084", "CSE_DISP": "Active", "RCRD_ACRS": 10.66}, "geometry": {"type": "Polygon", "coordinates": [[[-119.82516, 42.72483], [-119.82512, 42.72853], [-119.82509, 42.73223], [-119.83007, 42.73215], [-119.83505, 42.73208], [-119.83507, 42.72839], [-119.83509, 42.7247], [-119.83012, 42.72477], [-119.82516, 42.72483]]]}}, {"type": "Feature", "properties": {"OBJECTID": 330095, "CSE_NAME": "WISH FULL", "CSE_TYPE_NR": "384101", "CSE_NR": "OR101434784", "LEG_CSE_NR": "ORMC153106", "CSE_DISP": "Active", "RCRD_ACRS": 16.12}, "geometry": {"type": "Polygon", "coordinates": [[[-119.81024, 42.71747], [-119.80775, 42.71748], [-119.80526, 42.71749], [-119.80524, 42.71933], [-119.80521, 42.72117], [-119.80516, 42.72486], [-119.80765, 42.72485], [-119.81014, 42.72485], [-119.81512, 42.72484], [-119.81517, 42.72115], [-119.81523, 42.71746], [-119.81024, 42.71747]]]}}, {"type": "Feature", "properties": {"OBJECTID": 330096, "CSE_NAME": "THANK FULL", "CSE_TYPE_NR": "384101", "CSE_NR": "OR101370258", "LEG_CSE_NR": "ORMC153107", "CSE_DISP": "Active", "RCRD_ACRS": 16.12}, "geometry": {"type": "Polygon", "coordinates": [[[-119.81523, 42.71746], [-119.8152, 42.71377], [-119.81518, 42.71008], [-119.81021, 42.7101], [-119.80524, 42.71012], [-119.80525, 42.7138], [-119.80526, 42.71749], [-119.80775, 42.71748], [-119.81024, 42.71747], [-119.81523, 42.71746]]]}}, {"type": "Feature", "properties": {"OBJECTID": 330097, "CSE_NAME": "DUST DEVIL #10", "CSE_TYPE_NR": "384101", "CSE_NR": "OR101480896", "LEG_CSE_NR": "ORMC153144", "CSE_DISP": "Active", "RCRD_ACRS": 12.5}, "geometry": {"type": "Polygon", "coordinates": [[[-119.86487, 42.70981], [-119.8624, 42.70982], [-119.85992, 42.70983], [-119.85496, 42.70985], [-119.85494, 42.71352], [-119.85492, 42.7172], [-119.85986, 42.71718], [-119.86233, 42.71718], [-119.8648, 42.71717], [-119.86482, 42.71533], [-119.86484, 42.71349], [-119.86487, 42.70981]]]}}, {"type": "Feature", "properties": {"OBJECTID": 330098, "CSE_NAME": "DUST DEVIL #11", "CSE_TYPE_NR": "384101", "CSE_NR": "OR101433523", "LEG_CSE_NR": "ORMC153145", "CSE_DISP": "Active", "RCRD_ACRS": 7.02}, "geometry": {"type": "Polygon", "coordinates": [[[-119.87472, 42.70979], [-119.8698, 42.7098], [-119.86487, 42.70981], [-119.86484, 42.71349], [-119.86482, 42.71533], [-119.8648, 42.71717], [-119.86973, 42.71716], [-119.87466, 42.71715], [-119.87469, 42.71347], [-119.87472, 42.70979]]]}}, {"type": "Feature", "properties": {"OBJECTID": 330105, "CSE_NAME": "DUST DEVIL #2", "CSE_TYPE_NR": "384101", "CSE_NR": "OR101431389", "LEG_CSE_NR": "ORMC153608", "CSE_DISP": "Active", "RCRD_ACRS": 20.24}, "geometry": {"type": "Polygon", "coordinates": [[[-119.84504, 42.70988], [-119.84504, 42.71355], [-119.84504, 42.71539], [-119.84504, 42.71723], [-119.84751, 42.71722], [-119.84998, 42.71721], [-119.85492, 42.7172], [-119.85494, 42.71352], [-119.85496, 42.70985], [-119.85, 42.70986], [-119.84504, 42.70988]]]}}, {"type": "Feature", "properties": {"OBJECTID": 330122, "CSE_NAME": "LAUREL & HARDY", "CSE_TYPE_NR": "384101", "CSE_NR": "OR101787417", "LEG_CSE_NR": "ORMC154445", "CSE_DISP": "Active", "RCRD_ACRS": 20.66}, "geometry": {"type": "Polygon", "coordinates": [[[-119.87472, 42.70979], [-119.8698, 42.7098], [-119.86487, 42.70981], [-119.8624, 42.70982], [-119.85992, 42.70983], [-119.85496, 42.70985], [-119.85494, 42.71352], [-119.85492, 42.7172], [-119.85986, 42.71718], [-119.86233, 42.71718], [-119.8648, 42.71717], [-119.86973, 42.71716], [-119.87466, 42.71715], [-119.87469, 42.71347], [-119.87472, 42.70979]]]}}, {"type": "Feature", "properties": {"OBJECTID": 330123, "CSE_NAME": "MUTT AND JEFF #1", "CSE_TYPE_NR": "384101", "CSE_NR": "OR101787419", "LEG_CSE_NR": "ORMC154446", "CSE_DISP": "Active", "RCRD_ACRS": 20.66}, "geometry": {"type": "Polygon", "coordinates": [[[-119.84504, 42.70988], [-119.84504, 42.71355], [-119.84504, 42.71539], [-119.84504, 42.71723], [-119.84751, 42.71722], [-119.84998, 42.71721], [-119.85492, 42.7172], [-119.85494, 42.71352], [-119.85496, 42.70985], [-119.85, 42.70986], [-119.84504, 42.70988]]]}}, {"type": "Feature", "properties": {"OBJECTID": 330124, "CSE_NAME": "THREE STOOGES", "CSE_TYPE_NR": "384101", "CSE_NR": "OR101787420", "LEG_CSE_NR": "ORMC154447", "CSE_DISP": "Active", "RCRD_ACRS": 20.66}, "geometry": {"type": "Polygon", "coordinates": [[[-119.81512, 42.72484], [-119.81014, 42.72485], [-119.80765, 42.72485], [-119.80516, 42.72486], [-119.80268, 42.72486], [-119.8002, 42.72485], [-119.79523, 42.72485], [-119.79518, 42.72853], [-119.79512, 42.73221], [-119.80009, 42.73222], [-119.80506, 42.73223], [-119.81004, 42.73223], [-119.81501, 42.73223], [-119.81506, 42.72854], [-119.81512, 42.72484]]]}}, {"type": "Feature", "properties": {"OBJECTID": 330140, "CSE_NAME": "FACETERS FOLLY", "CSE_TYPE_NR": "384101", "CSE_NR": "OR101824520", "LEG_CSE_NR": "ORMC155151", "CSE_DISP": "Active", "RCRD_ACRS": 4.61}, "geometry": {"type": "Polygon", "coordinates": [[[-119.85992, 42.70983], [-119.85496, 42.70985], [-119.85494, 42.71352], [-119.85492, 42.7172], [-119.85986, 42.71718], [-119.86233, 42.71718], [-119.8648, 42.71717], [-119.86482, 42.71533], [-119.86484, 42.71349], [-119.86487, 42.70981], [-119.8624, 42.70982], [-119.85992, 42.70983]]]}}, {"type": "Feature", "properties": {"OBJECTID": 330143, "CSE_NAME": "SNAKE BITE #20", "CSE_TYPE_NR": "384101", "CSE_NR": "OR101824523", "LEG_CSE_NR": "ORMC155158", "CSE_DISP": "Active", "RCRD_ACRS": 20.66}, "geometry": {"type": "Polygon", "coordinates": [[[-119.87508, 42.74665], [-119.87012, 42.74664], [-119.86515, 42.74663], [-119.86515, 42.74989], [-119.86515, 42.75032], [-119.86514, 42.754], [-119.87012, 42.75398], [-119.8751, 42.75396], [-119.87509, 42.75031], [-119.87508, 42.74665]]]}}, {"type": "Feature", "properties": {"OBJECTID": 330144, "CSE_NAME": "SNAKE BITE #21", "CSE_TYPE_NR": "384101", "CSE_NR": "OR101824524", "LEG_CSE_NR": "ORMC155159", "CSE_DISP": "Active", "RCRD_ACRS": 20.66}, "geometry": {"type": "Polygon", "coordinates": [[[-119.87508, 42.74665], [-119.87012, 42.74664], [-119.86515, 42.74663], [-119.86515, 42.74989], [-119.86515, 42.75032], [-119.86514, 42.754], [-119.87012, 42.75398], [-119.8751, 42.75396], [-119.87509, 42.75031], [-119.87508, 42.74665]]]}}, {"type": "Feature", "properties": {"OBJECTID": 330145, "CSE_NAME": "SNAKE BITE #22", "CSE_TYPE_NR": "384101", "CSE_NR": "OR101824525", "LEG_CSE_NR": "ORMC155160", "CSE_DISP": "Active", "RCRD_ACRS": 20.66}, "geometry": {"type": "Polygon", "coordinates": [[[-119.87508, 42.74665], [-119.87012, 42.74664], [-119.86515, 42.74663], [-119.86515, 42.74989], [-119.86515, 42.75032], [-119.86514, 42.754], [-119.87012, 42.75398], [-119.8751, 42.75396], [-119.87509, 42.75031], [-119.87508, 42.74665]]]}}, {"type": "Feature", "properties": {"OBJECTID": 330146, "CSE_NAME": "SNAKE BITE #23", "CSE_TYPE_NR": "384101", "CSE_NR": "OR101824526", "LEG_CSE_NR": "ORMC155161", "CSE_DISP": "Active", "RCRD_ACRS": 20.66}, "geometry": {"type": "Polygon", "coordinates": [[[-119.87508, 42.74665], [-119.87012, 42.74664], [-119.86515, 42.74663], [-119.86515, 42.74989], [-119.86515, 42.75032], [-119.86514, 42.754], [-119.87012, 42.75398], [-119.8751, 42.75396], [-119.87509, 42.75031], [-119.87508, 42.74665]]]}}, {"type": "Feature", "properties": {"OBJECTID": 330147, "CSE_NAME": "SNAKE BITE #24", "CSE_TYPE_NR": "384101", "CSE_NR": "OR101824527", "LEG_CSE_NR": "ORMC155162", "CSE_DISP": "Active", "RCRD_ACRS": 20.66}, "geometry": {"type": "Polygon", "coordinates": [[[-119.87508, 42.74665], [-119.87012, 42.74664], [-119.86515, 42.74663], [-119.86515, 42.74989], [-119.86515, 42.75032], [-119.86514, 42.754], [-119.87012, 42.75398], [-119.8751, 42.75396], [-119.87509, 42.75031], [-119.87508, 42.74665]]]}}, {"type": "Feature", "properties": {"OBJECTID": 330148, "CSE_NAME": "SNAKE BITE #25", "CSE_TYPE_NR": "384101", "CSE_NR": "OR101825708", "LEG_CSE_NR": "ORMC155163", "CSE_DISP": "Active", "RCRD_ACRS": 20.66}, "geometry": {"type": "Polygon", "coordinates": [[[-119.87508, 42.74665], [-119.87012, 42.74664], [-119.86515, 42.74663], [-119.86515, 42.74989], [-119.86515, 42.75032], [-119.86514, 42.754], [-119.87012, 42.75398], [-119.8751, 42.75396], [-119.87509, 42.75031], [-119.87508, 42.74665]]]}}, {"type": "Feature", "properties": {"OBJECTID": 330149, "CSE_NAME": "SNAKE BITE #26", "CSE_TYPE_NR": "384101", "CSE_NR": "OR101824528", "LEG_CSE_NR": "ORMC155164", "CSE_DISP": "Active", "RCRD_ACRS": 20.66}, "geometry": {"type": "Polygon", "coordinates": [[[-119.87508, 42.74665], [-119.87012, 42.74664], [-119.86515, 42.74663], [-119.86515, 42.74989], [-119.86515, 42.75032], [-119.86514, 42.754], [-119.87012, 42.75398], [-119.8751, 42.75396], [-119.87509, 42.75031], [-119.87508, 42.74665]]]}}, {"type": "Feature", "properties": {"OBJECTID": 330150, "CSE_NAME": "SNAKE BITE #31", "CSE_TYPE_NR": "384101", "CSE_NR": "OR101825707", "LEG_CSE_NR": "ORMC155165", "CSE_DISP": "Active", "RCRD_ACRS": 20.66}, "geometry": {"type": "Polygon", "coordinates": [[[-119.87508, 42.74665], [-119.87012, 42.74664], [-119.86515, 42.74663], [-119.86515, 42.74989], [-119.86515, 42.75032], [-119.86514, 42.754], [-119.87012, 42.75398], [-119.8751, 42.75396], [-119.87509, 42.75031], [-119.87508, 42.74665]]]}}, {"type": "Feature", "properties": {"OBJECTID": 330154, "CSE_NAME": "SCORPION ONE", "CSE_TYPE_NR": "384101", "CSE_NR": "OR101578358", "LEG_CSE_NR": "ORMC155242", "CSE_DISP": "Active", "RCRD_ACRS": 20.66}, "geometry": {"type": "Polygon", "coordinates": [[[-119.83513, 42.71733], [-119.83513, 42.71364], [-119.83512, 42.70996], [-119.83264, 42.70998], [-119.83017, 42.71], [-119.82769, 42.71002], [-119.82522, 42.71004], [-119.82522, 42.71189], [-119.82522, 42.71374], [-119.82523, 42.71743], [-119.83018, 42.71738], [-119.83513, 42.71733]]]}}, {"type": "Feature", "properties": {"OBJECTID": 330180, "CSE_NAME": "FACETEER #1", "CSE_TYPE_NR": "384101", "CSE_NR": "OR101829788", "LEG_CSE_NR": "ORMC155452", "CSE_DISP": "Active", "RCRD_ACRS": 20.66}, "geometry": {"type": "Polygon", "coordinates": [[[-119.85484, 42.69146], [-119.85479, 42.68778], [-119.84983, 42.6878], [-119.84487, 42.68782], [-119.84492, 42.6915], [-119.84496, 42.69518], [-119.845, 42.69885], [-119.84502, 42.70069], [-119.84505, 42.70253], [-119.84753, 42.70252], [-119.85002, 42.70251], [-119.855, 42.70249], [-119.85997, 42.70247], [-119.86495, 42.70246], [-119.86489, 42.69878], [-119.86483, 42.6951], [-119.85986, 42.69512], [-119.85489, 42.69514], [-119.85484, 42.69146]]]}}, {"type": "Feature", "properties": {"OBJECTID": 330181, "CSE_NAME": "FACETEER #2", "CSE_TYPE_NR": "384101", "CSE_NR": "OR101829789", "LEG_CSE_NR": "ORMC155453", "CSE_DISP": "Active", "RCRD_ACRS": 20.66}, "geometry": {"type": "Polygon", "coordinates": [[[-119.85484, 42.69146], [-119.85479, 42.68778], [-119.84983, 42.6878], [-119.84487, 42.68782], [-119.84492, 42.6915], [-119.84496, 42.69518], [-119.845, 42.69885], [-119.84502, 42.70069], [-119.84505, 42.70253], [-119.84753, 42.70252], [-119.85002, 42.70251], [-119.855, 42.70249], [-119.85997, 42.70247], [-119.86495, 42.70246], [-119.86489, 42.69878], [-119.86483, 42.6951], [-119.85986, 42.69512], [-119.85489, 42.69514], [-119.85484, 42.69146]]]}}, {"type": "Feature", "properties": {"OBJECTID": 330182, "CSE_NAME": "FACETEER #3", "CSE_TYPE_NR": "384101", "CSE_NR": "OR101829790", "LEG_CSE_NR": "ORMC155454", "CSE_DISP": "Active", "RCRD_ACRS": 20.66}, "geometry": {"type": "Polygon", "coordinates": [[[-119.85484, 42.69146], [-119.85479, 42.68778], [-119.84983, 42.6878], [-119.84487, 42.68782], [-119.84492, 42.6915], [-119.84496, 42.69518], [-119.845, 42.69885], [-119.84502, 42.70069], [-119.84505, 42.70253], [-119.84753, 42.70252], [-119.85002, 42.70251], [-119.855, 42.70249], [-119.85997, 42.70247], [-119.86495, 42.70246], [-119.86489, 42.69878], [-119.86483, 42.6951], [-119.85986, 42.69512], [-119.85489, 42.69514], [-119.85484, 42.69146]]]}}, {"type": "Feature", "properties": {"OBJECTID": 330284, "CSE_NAME": "WATERMELON PATCH", "CSE_TYPE_NR": "384101", "CSE_NR": "OR101477163", "LEG_CSE_NR": "ORMC156120", "CSE_DISP": "Active", "RCRD_ACRS": 20.66}, "geometry": {"type": "Polygon", "coordinates": [[[-119.85002, 42.70251], [-119.84753, 42.70252], [-119.84505, 42.70253], [-119.84504, 42.7062], [-119.84504, 42.70988], [-119.84504, 42.71355], [-119.84504, 42.71539], [-119.84504, 42.71723], [-119.84751, 42.71722], [-119.84998, 42.71721], [-119.85492, 42.7172], [-119.85494, 42.71352], [-119.85496, 42.70985], [-119.85498, 42.70617], [-119.855, 42.70249], [-119.85002, 42.70251]]]}}, {"type": "Feature", "properties": {"OBJECTID": 330305, "CSE_NAME": "L-1", "CSE_TYPE_NR": "384101", "CSE_NR": "OR101363449", "LEG_CSE_NR": "ORMC156873", "CSE_DISP": "Active", "RCRD_ACRS": 20.66}, "geometry": {"type": "Polygon", "coordinates": [[[-119.83512, 42.74311], [-119.83509, 42.73943], [-119.83011, 42.73952], [-119.82513, 42.73961], [-119.82512, 42.74331], [-119.82511, 42.74701], [-119.83013, 42.74693], [-119.83514, 42.74684], [-119.83512, 42.74315], [-119.83512, 42.74311]]]}}, {"type": "Feature", "properties": {"OBJECTID": 330306, "CSE_NAME": "L-2", "CSE_TYPE_NR": "384101", "CSE_NR": "OR101363450", "LEG_CSE_NR": "ORMC156874", "CSE_DISP": "Active", "RCRD_ACRS": 20.66}, "geometry": {"type": "Polygon", "coordinates": [[[-119.83512, 42.74311], [-119.83509, 42.73943], [-119.83011, 42.73952], [-119.82513, 42.73961], [-119.82512, 42.74331], [-119.82511, 42.74701], [-119.83013, 42.74693], [-119.83514, 42.74684], [-119.83512, 42.74315], [-119.83512, 42.74311]]]}}, {"type": "Feature", "properties": {"OBJECTID": 330307, "CSE_NAME": "L-3", "CSE_TYPE_NR": "384101", "CSE_NR": "OR101363451", "LEG_CSE_NR": "ORMC156875", "CSE_DISP": "Active", "RCRD_ACRS": 20.66}, "geometry": {"type": "Polygon", "coordinates": [[[-119.83512, 42.74311], [-119.83509, 42.73943], [-119.83011, 42.73952], [-119.82513, 42.73961], [-119.82512, 42.74331], [-119.82511, 42.74701], [-119.83013, 42.74693], [-119.83514, 42.74684], [-119.83512, 42.74315], [-119.83512, 42.74311]]]}}, {"type": "Feature", "properties": {"OBJECTID": 330308, "CSE_NAME": "L-4", "CSE_TYPE_NR": "384101", "CSE_NR": "OR101363452", "LEG_CSE_NR": "ORMC156876", "CSE_DISP": "Active", "RCRD_ACRS": 20.66}, "geometry": {"type": "Polygon", "coordinates": [[[-119.83512, 42.74311], [-119.83509, 42.73943], [-119.83011, 42.73952], [-119.82513, 42.73961], [-119.82512, 42.74331], [-119.82511, 42.74701], [-119.83013, 42.74693], [-119.83514, 42.74684], [-119.83512, 42.74315], [-119.83512, 42.74311]]]}}, {"type": "Feature", "properties": {"OBJECTID": 330309, "CSE_NAME": "L-5", "CSE_TYPE_NR": "384101", "CSE_NR": "OR101364403", "LEG_CSE_NR": "ORMC156877", "CSE_DISP": "Active", "RCRD_ACRS": 20.66}, "geometry": {"type": "Polygon", "coordinates": [[[-119.83512, 42.74311], [-119.83509, 42.73943], [-119.83011, 42.73952], [-119.82513, 42.73961], [-119.82001, 42.73961], [-119.82, 42.73961], [-119.81501, 42.7396], [-119.81502, 42.74331], [-119.81502, 42.74701], [-119.81999, 42.74701], [-119.82511, 42.74701], [-119.83013, 42.74693], [-119.83514, 42.74684], [-119.83512, 42.74315], [-119.83512, 42.74311]]]}}, {"type": "Feature", "properties": {"OBJECTID": 330310, "CSE_NAME": "L-6", "CSE_TYPE_NR": "384101", "CSE_NR": "OR101364404", "LEG_CSE_NR": "ORMC156878", "CSE_DISP": "Active", "RCRD_ACRS": 6.89}, "geometry": {"type": "Polygon", "coordinates": [[[-119.82509, 42.73223], [-119.82511, 42.73592], [-119.82513, 42.73961], [-119.82512, 42.74331], [-119.82511, 42.74701], [-119.83013, 42.74693], [-119.83514, 42.74684], [-119.83512, 42.74315], [-119.83512, 42.74311], [-119.83509, 42.73943], [-119.83507, 42.73575], [-119.83505, 42.73208], [-119.83007, 42.73215], [-119.82509, 42.73223]]]}}, {"type": "Feature", "properties": {"OBJECTID": 330311, "CSE_NAME": "L-7", "CSE_TYPE_NR": "384101", "CSE_NR": "OR101364405", "LEG_CSE_NR": "ORMC156879", "CSE_DISP": "Active", "RCRD_ACRS": 20.66}, "geometry": {"type": "Polygon", "coordinates": [[[-119.82509, 42.73223], [-119.82511, 42.73592], [-119.82513, 42.73961], [-119.82512, 42.74331], [-119.82511, 42.74701], [-119.83013, 42.74693], [-119.83514, 42.74684], [-119.83512, 42.74315], [-119.83512, 42.74311], [-119.83509, 42.73943], [-119.83507, 42.73575], [-119.83505, 42.73208], [-119.83007, 42.73215], [-119.82509, 42.73223]]]}}, {"type": "Feature", "properties": {"OBJECTID": 330312, "CSE_NAME": "L-8", "CSE_TYPE_NR": "384101", "CSE_NR": "OR101364406", "LEG_CSE_NR": "ORMC156880", "CSE_DISP": "Active", "RCRD_ACRS": 20.66}, "geometry": {"type": "Polygon", "coordinates": [[[-119.82509, 42.73223], [-119.82511, 42.73592], [-119.82513, 42.73961], [-119.82512, 42.74331], [-119.82511, 42.74701], [-119.83013, 42.74693], [-119.83514, 42.74684], [-119.83512, 42.74315], [-119.83512, 42.74311], [-119.83509, 42.73943], [-119.83507, 42.73575], [-119.83505, 42.73208], [-119.83007, 42.73215], [-119.82509, 42.73223]]]}}, {"type": "Feature", "properties": {"OBJECTID": 330313, "CSE_NAME": "L-9", "CSE_TYPE_NR": "384101", "CSE_NR": "OR101364407", "LEG_CSE_NR": "ORMC156881", "CSE_DISP": "Active", "RCRD_ACRS": 20.66}, "geometry": {"type": "Polygon", "coordinates": [[[-119.82509, 42.73223], [-119.82511, 42.73592], [-119.82513, 42.73961], [-119.82512, 42.74331], [-119.82511, 42.74701], [-119.83013, 42.74693], [-119.83514, 42.74684], [-119.83512, 42.74315], [-119.83512, 42.74311], [-119.83509, 42.73943], [-119.83507, 42.73575], [-119.83505, 42.73208], [-119.83007, 42.73215], [-119.82509, 42.73223]]]}}, {"type": "Feature", "properties": {"OBJECTID": 330314, "CSE_NAME": "L-10", "CSE_TYPE_NR": "384101", "CSE_NR": "OR101364408", "LEG_CSE_NR": "ORMC156882", "CSE_DISP": "Active", "RCRD_ACRS": 20.66}, "geometry": {"type": "Polygon", "coordinates": [[[-119.82509, 42.73223], [-119.81998, 42.73223], [-119.81501, 42.73223], [-119.81501, 42.73592], [-119.81501, 42.7396], [-119.81502, 42.74331], [-119.81502, 42.74701], [-119.81999, 42.74701], [-119.82511, 42.74701], [-119.83013, 42.74693], [-119.83514, 42.74684], [-119.83512, 42.74315], [-119.83512, 42.74311], [-119.83509, 42.73943], [-119.83507, 42.73575], [-119.83505, 42.73208], [-119.83007, 42.73215], [-119.82509, 42.73223]]]}}, {"type": "Feature", "properties": {"OBJECTID": 330315, "CSE_NAME": "L-11", "CSE_TYPE_NR": "384101", "CSE_NR": "OR101364409", "LEG_CSE_NR": "ORMC156883", "CSE_DISP": "Active", "RCRD_ACRS": 20.66}, "geometry": {"type": "Polygon", "coordinates": [[[-119.82509, 42.73223], [-119.82511, 42.73592], [-119.82513, 42.73961], [-119.83011, 42.73952], [-119.83509, 42.73943], [-119.83507, 42.73575], [-119.83505, 42.73208], [-119.83007, 42.73215], [-119.82509, 42.73223]]]}}, {"type": "Feature", "properties": {"OBJECTID": 330316, "CSE_NAME": "L-12", "CSE_TYPE_NR": "384101", "CSE_NR": "OR101364410", "LEG_CSE_NR": "ORMC156884", "CSE_DISP": "Active", "RCRD_ACRS": 20.66}, "geometry": {"type": "Polygon", "coordinates": [[[-119.82509, 42.73223], [-119.82511, 42.73592], [-119.82513, 42.73961], [-119.83011, 42.73952], [-119.83509, 42.73943], [-119.83507, 42.73575], [-119.83505, 42.73208], [-119.83007, 42.73215], [-119.82509, 42.73223]]]}}, {"type": "Feature", "properties": {"OBJECTID": 330317, "CSE_NAME": "L-13", "CSE_TYPE_NR": "384101", "CSE_NR": "OR101364411", "LEG_CSE_NR": "ORMC156885", "CSE_DISP": "Active", "RCRD_ACRS": 20.66}, "geometry": {"type": "Polygon", "coordinates": [[[-119.82509, 42.73223], [-119.82511, 42.73592], [-119.82513, 42.73961], [-119.83011, 42.73952], [-119.83509, 42.73943], [-119.83507, 42.73575], [-119.83505, 42.73208], [-119.83007, 42.73215], [-119.82509, 42.73223]]]}}, {"type": "Feature", "properties": {"OBJECTID": 330318, "CSE_NAME": "L-14", "CSE_TYPE_NR": "384101", "CSE_NR": "OR101364412", "LEG_CSE_NR": "ORMC156886", "CSE_DISP": "Active", "RCRD_ACRS": 20.66}, "geometry": {"type": "Polygon", "coordinates": [[[-119.82509, 42.73223], [-119.82511, 42.73592], [-119.82513, 42.73961], [-119.83011, 42.73952], [-119.83509, 42.73943], [-119.83507, 42.73575], [-119.83505, 42.73208], [-119.83007, 42.73215], [-119.82509, 42.73223]]]}}, {"type": "Feature", "properties": {"OBJECTID": 330319, "CSE_NAME": "L-15", "CSE_TYPE_NR": "384101", "CSE_NR": "OR101364413", "LEG_CSE_NR": "ORMC156887", "CSE_DISP": "Active", "RCRD_ACRS": 20.66}, "geometry": {"type": "Polygon", "coordinates": [[[-119.82509, 42.73223], [-119.81998, 42.73223], [-119.81501, 42.73223], [-119.81501, 42.73592], [-119.81501, 42.7396], [-119.82, 42.73961], [-119.82001, 42.73961], [-119.82513, 42.73961], [-119.83011, 42.73952], [-119.83509, 42.73943], [-119.83507, 42.73575], [-119.83505, 42.73208], [-119.83007, 42.73215], [-119.82509, 42.73223]]]}}, {"type": "Feature", "properties": {"OBJECTID": 330320, "CSE_NAME": "L-16", "CSE_TYPE_NR": "384101", "CSE_NR": "OR101364414", "LEG_CSE_NR": "ORMC156888", "CSE_DISP": "Active", "RCRD_ACRS": 20.66}, "geometry": {"type": "Polygon", "coordinates": [[[-119.82516, 42.72483], [-119.82512, 42.72853], [-119.82509, 42.73223], [-119.82511, 42.73592], [-119.82513, 42.73961], [-119.83011, 42.73952], [-119.83509, 42.73943], [-119.83507, 42.73575], [-119.83505, 42.73208], [-119.83507, 42.72839], [-119.83509, 42.7247], [-119.83012, 42.72477], [-119.82516, 42.72483]]]}}, {"type": "Feature", "properties": {"OBJECTID": 330321, "CSE_NAME": "L-17", "CSE_TYPE_NR": "384101", "CSE_NR": "OR101364415", "LEG_CSE_NR": "ORMC156889", "CSE_DISP": "Active", "RCRD_ACRS": 20.66}, "geometry": {"type": "Polygon", "coordinates": [[[-119.82516, 42.72483], [-119.82512, 42.72853], [-119.82509, 42.73223], [-119.82511, 42.73592], [-119.82513, 42.73961], [-119.83011, 42.73952], [-119.83509, 42.73943], [-119.83507, 42.73575], [-119.83505, 42.73208], [-119.83507, 42.72839], [-119.83509, 42.7247], [-119.83012, 42.72477], [-119.82516, 42.72483]]]}}, {"type": "Feature", "properties": {"OBJECTID": 330322, "CSE_NAME": "L-18", "CSE_TYPE_NR": "384101", "CSE_NR": "OR101364416", "LEG_CSE_NR": "ORMC156890", "CSE_DISP": "Active", "RCRD_ACRS": 20.66}, "geometry": {"type": "Polygon", "coordinates": [[[-119.82516, 42.72483], [-119.82512, 42.72853], [-119.82509, 42.73223], [-119.82511, 42.73592], [-119.82513, 42.73961], [-119.83011, 42.73952], [-119.83509, 42.73943], [-119.83507, 42.73575], [-119.83505, 42.73208], [-119.83507, 42.72839], [-119.83509, 42.7247], [-119.83012, 42.72477], [-119.82516, 42.72483]]]}}, {"type": "Feature", "properties": {"OBJECTID": 330323, "CSE_NAME": "L-19", "CSE_TYPE_NR": "384101", "CSE_NR": "OR101364417", "LEG_CSE_NR": "ORMC156891", "CSE_DISP": "Active", "RCRD_ACRS": 20.66}, "geometry": {"type": "Polygon", "coordinates": [[[-119.82516, 42.72483], [-119.82512, 42.72853], [-119.82509, 42.73223], [-119.82511, 42.73592], [-119.82513, 42.73961], [-119.83011, 42.73952], [-119.83509, 42.73943], [-119.83507, 42.73575], [-119.83505, 42.73208], [-119.83507, 42.72839], [-119.83509, 42.7247], [-119.83012, 42.72477], [-119.82516, 42.72483]]]}}, {"type": "Feature", "properties": {"OBJECTID": 330324, "CSE_NAME": "L-20", "CSE_TYPE_NR": "384101", "CSE_NR": "OR101364418", "LEG_CSE_NR": "ORMC156892", "CSE_DISP": "Active", "RCRD_ACRS": 20.66}, "geometry": {"type": "Polygon", "coordinates": [[[-119.82516, 42.72483], [-119.82009, 42.72484], [-119.82009, 42.72484], [-119.81512, 42.72484], [-119.81506, 42.72854], [-119.81501, 42.73223], [-119.81501, 42.73592], [-119.81501, 42.7396], [-119.82, 42.73961], [-119.82001, 42.73961], [-119.82513, 42.73961], [-119.83011, 42.73952], [-119.83509, 42.73943], [-119.83507, 42.73575], [-119.83505, 42.73208], [-119.83507, 42.72839], [-119.83509, 42.7247], [-119.83012, 42.72477], [-119.82516, 42.72483]]]}}, {"type": "Feature", "properties": {"OBJECTID": 330326, "CSE_NAME": "WESTERN SUN #3", "CSE_TYPE_NR": "384101", "CSE_NR": "OR101366147", "LEG_CSE_NR": "ORMC156961", "CSE_DISP": "Active", "RCRD_ACRS": 20.66}, "geometry": {"type": "Polygon", "coordinates": [[[-119.81523, 42.71746], [-119.8152, 42.71377], [-119.81518, 42.71008], [-119.81021, 42.7101], [-119.80524, 42.71012], [-119.80525, 42.7138], [-119.80526, 42.71749], [-119.80775, 42.71748], [-119.81024, 42.71747], [-119.81523, 42.71746]]]}}, {"type": "Feature", "properties": {"OBJECTID": 330648, "CSE_NAME": "HOBO #1", "CSE_TYPE_NR": "384101", "CSE_NR": "OR101658907", "LEG_CSE_NR": "ORMC158342", "CSE_DISP": "Active", "RCRD_ACRS": 320}, "geometry": {"type": "Polygon", "coordinates": [[[-119.80028, 42.71012], [-119.79532, 42.71011], [-119.79533, 42.7138], [-119.79534, 42.71748], [-119.8003, 42.71748], [-119.80526, 42.71749], [-119.80525, 42.7138], [-119.80524, 42.71012], [-119.80028, 42.71012]]]}}, {"type": "Feature", "properties": {"OBJECTID": 330649, "CSE_NAME": "HOBO #2", "CSE_TYPE_NR": "384101", "CSE_NR": "OR101658908", "LEG_CSE_NR": "ORMC158343", "CSE_DISP": "Active", "RCRD_ACRS": 320}, "geometry": {"type": "Polygon", "coordinates": [[[-119.8003, 42.71748], [-119.79534, 42.71748], [-119.79528, 42.72116], [-119.79523, 42.72485], [-119.8002, 42.72485], [-119.80268, 42.72486], [-119.80516, 42.72486], [-119.80521, 42.72117], [-119.80524, 42.71933], [-119.80526, 42.71749], [-119.8003, 42.71748]]]}}, {"type": "Feature", "properties": {"OBJECTID": 330690, "CSE_NAME": "KISS VICKI", "CSE_TYPE_NR": "384101", "CSE_NR": "OR101651844", "LEG_CSE_NR": "ORMC158986", "CSE_DISP": "Active", "RCRD_ACRS": 20.66}, "geometry": {"type": "Polygon", "coordinates": [[[-119.86487, 42.70981], [-119.86484, 42.71349], [-119.86482, 42.71533], [-119.8648, 42.71717], [-119.86973, 42.71716], [-119.87466, 42.71715], [-119.87469, 42.71347], [-119.87472, 42.70979], [-119.8698, 42.7098], [-119.86487, 42.70981]]]}}, {"type": "Feature", "properties": {"OBJECTID": 330692, "CSE_NAME": "HOPE #1", "CSE_TYPE_NR": "384101", "CSE_NR": "OR101651130", "LEG_CSE_NR": "ORMC159185", "CSE_DISP": "Active", "RCRD_ACRS": 20.66}, "geometry": {"type": "Polygon", "coordinates": [[[-119.85997, 42.70247], [-119.855, 42.70249], [-119.85498, 42.70617], [-119.85496, 42.70985], [-119.85494, 42.71352], [-119.85492, 42.7172], [-119.85986, 42.71718], [-119.86233, 42.71718], [-119.8648, 42.71717], [-119.86482, 42.71533], [-119.86484, 42.71349], [-119.86487, 42.70981], [-119.86489, 42.70797], [-119.86491, 42.70614], [-119.86495, 42.70246], [-119.85997, 42.70247]]]}}, {"type": "Feature", "properties": {"OBJECTID": 330693, "CSE_NAME": "FISHERS PRICE", "CSE_TYPE_NR": "384101", "CSE_NR": "OR101651131", "LEG_CSE_NR": "ORMC159188", "CSE_DISP": "Active", "RCRD_ACRS": 20.66}, "geometry": {"type": "Polygon", "coordinates": [[[-119.82522, 42.71004], [-119.82522, 42.71189], [-119.82522, 42.71374], [-119.82523, 42.71743], [-119.83018, 42.71738], [-119.83513, 42.71733], [-119.83513, 42.71364], [-119.83512, 42.70996], [-119.83512, 42.70812], [-119.83511, 42.70628], [-119.83511, 42.7026], [-119.83014, 42.70264], [-119.82517, 42.70268], [-119.82519, 42.70636], [-119.82522, 42.71004]]]}}, {"type": "Feature", "properties": {"OBJECTID": 330694, "CSE_NAME": "GROGANS HEROES", "CSE_TYPE_NR": "384101", "CSE_NR": "OR101651132", "LEG_CSE_NR": "ORMC159189", "CSE_DISP": "Active", "RCRD_ACRS": 20.66}, "geometry": {"type": "Polygon", "coordinates": [[[-119.83017, 42.71], [-119.83264, 42.70998], [-119.83512, 42.70996], [-119.83512, 42.70812], [-119.83511, 42.70628], [-119.83511, 42.7026], [-119.83014, 42.70264], [-119.82517, 42.70268], [-119.82519, 42.70636], [-119.82522, 42.71004], [-119.82769, 42.71002], [-119.83017, 42.71]]]}}, {"type": "Feature", "properties": {"OBJECTID": 330737, "CSE_NAME": "DIAMOND RING", "CSE_TYPE_NR": "384101", "CSE_NR": "OR101436607", "LEG_CSE_NR": "ORMC159782", "CSE_DISP": "Active", "RCRD_ACRS": 14.33}, "geometry": {"type": "Polygon", "coordinates": [[[-119.81024, 42.71747], [-119.80775, 42.71748], [-119.80526, 42.71749], [-119.80524, 42.71933], [-119.80521, 42.72117], [-119.80516, 42.72486], [-119.80765, 42.72485], [-119.81014, 42.72485], [-119.81512, 42.72484], [-119.81517, 42.72115], [-119.81523, 42.71746], [-119.81024, 42.71747]]]}}, {"type": "Feature", "properties": {"OBJECTID": 330770, "CSE_NAME": "HOBO #3", "CSE_TYPE_NR": "384101", "CSE_NR": "OR101358695", "LEG_CSE_NR": "ORMC161026", "CSE_DISP": "Active", "RCRD_ACRS": 320}, "geometry": {"type": "Polygon", "coordinates": [[[-119.80028, 42.71012], [-119.79532, 42.71011], [-119.79533, 42.7138], [-119.79534, 42.71748], [-119.8003, 42.71748], [-119.80526, 42.71749], [-119.80525, 42.7138], [-119.80524, 42.71012], [-119.80028, 42.71012]]]}}, {"type": "Feature", "properties": {"OBJECTID": 330771, "CSE_NAME": "HOBO #4", "CSE_TYPE_NR": "384101", "CSE_NR": "OR101358696", "LEG_CSE_NR": "ORMC161027", "CSE_DISP": "Active", "RCRD_ACRS": 20.66}, "geometry": {"type": "Polygon", "coordinates": [[[-119.78541, 42.71747], [-119.78535, 42.72115], [-119.7853, 42.72483], [-119.79026, 42.72484], [-119.79523, 42.72485], [-119.8002, 42.72485], [-119.80268, 42.72486], [-119.80516, 42.72486], [-119.80521, 42.72117], [-119.80524, 42.71933], [-119.80526, 42.71749], [-119.80525, 42.7138], [-119.80524, 42.71012], [-119.80028, 42.71012], [-119.79532, 42.71011], [-119.79036, 42.71011], [-119.7854, 42.71011], [-119.7854, 42.71379], [-119.78541, 42.71747]]]}}, {"type": "Feature", "properties": {"OBJECTID": 330778, "CSE_NAME": "DE 2", "CSE_TYPE_NR": "384101", "CSE_NR": "OR101370917", "LEG_CSE_NR": "ORMC161192", "CSE_DISP": "Active", "RCRD_ACRS": 18.04}, "geometry": {"type": "Polygon", "coordinates": [[[-119.87472, 42.70979], [-119.8698, 42.7098], [-119.86487, 42.70981], [-119.86484, 42.71349], [-119.86482, 42.71533], [-119.8648, 42.71717], [-119.86973, 42.71716], [-119.87466, 42.71715], [-119.87469, 42.71347], [-119.87472, 42.70979]]]}}, {"type": "Feature", "properties": {"OBJECTID": 330779, "CSE_NAME": "JBC 2", "CSE_TYPE_NR": "384101", "CSE_NR": "OR101370918", "LEG_CSE_NR": "ORMC161194", "CSE_DISP": "Active", "RCRD_ACRS": 18.04}, "geometry": {"type": "Polygon", "coordinates": [[[-119.87472, 42.70979], [-119.8698, 42.7098], [-119.86487, 42.70981], [-119.86484, 42.71349], [-119.86482, 42.71533], [-119.8648, 42.71717], [-119.86973, 42.71716], [-119.87466, 42.71715], [-119.87469, 42.71347], [-119.87472, 42.70979]]]}}, {"type": "Feature", "properties": {"OBJECTID": 330780, "CSE_NAME": "DOUBLE EAGLE #8", "CSE_TYPE_NR": "384101", "CSE_NR": "OR101371496", "LEG_CSE_NR": "ORMC161211", "CSE_DISP": "Active", "RCRD_ACRS": 20.66}, "geometry": {"type": "Polygon", "coordinates": [[[-119.87512, 42.75763], [-119.8751, 42.75396], [-119.87012, 42.75398], [-119.86514, 42.754], [-119.86514, 42.75768], [-119.86513, 42.76136], [-119.87013, 42.76133], [-119.87513, 42.7613], [-119.87512, 42.75763]]]}}, {"type": "Feature", "properties": {"OBJECTID": 330781, "CSE_NAME": "DOUBLE EAGLE #9", "CSE_TYPE_NR": "384101", "CSE_NR": "OR101371497", "LEG_CSE_NR": "ORMC161212", "CSE_DISP": "Active", "RCRD_ACRS": 20.66}, "geometry": {"type": "Polygon", "coordinates": [[[-119.87512, 42.75763], [-119.8751, 42.75396], [-119.87012, 42.75398], [-119.86514, 42.754], [-119.86514, 42.75768], [-119.86513, 42.76136], [-119.87013, 42.76133], [-119.87513, 42.7613], [-119.87512, 42.75763]]]}}, {"type": "Feature", "properties": {"OBJECTID": 330782, "CSE_NAME": "DOUBLE EAGLE #14", "CSE_TYPE_NR": "384101", "CSE_NR": "OR101371498", "LEG_CSE_NR": "ORMC161214", "CSE_DISP": "Active", "RCRD_ACRS": 11.23}, "geometry": {"type": "Polygon", "coordinates": [[[-119.82516, 42.72483], [-119.82512, 42.72853], [-119.82509, 42.73223], [-119.83007, 42.73215], [-119.83505, 42.73208], [-119.83507, 42.72839], [-119.83509, 42.7247], [-119.83012, 42.72477], [-119.82516, 42.72483]]]}}, {"type": "Feature", "properties": {"OBJECTID": 330783, "CSE_NAME": "DOUBLE EAGLE #16", "CSE_TYPE_NR": "384101", "CSE_NR": "OR101371499", "LEG_CSE_NR": "ORMC161216", "CSE_DISP": "Active", "RCRD_ACRS": 20.66}, "geometry": {"type": "Polygon", "coordinates": [[[-119.82522, 42.71189], [-119.82522, 42.71004], [-119.82017, 42.71006], [-119.82017, 42.71006], [-119.81518, 42.71008], [-119.8152, 42.71377], [-119.81523, 42.71746], [-119.82021, 42.71745], [-119.82523, 42.71743], [-119.82522, 42.71374], [-119.82522, 42.71189]]]}}, {"type": "Feature", "properties": {"OBJECTID": 330784, "CSE_NAME": "ACES REDS #2", "CSE_TYPE_NR": "384101", "CSE_NR": "OR101374919", "LEG_CSE_NR": "ORMC161235", "CSE_DISP": "Active", "RCRD_ACRS": 17.91}, "geometry": {"type": "Polygon", "coordinates": [[[-119.85002, 42.70251], [-119.855, 42.70249], [-119.85494, 42.69881], [-119.85489, 42.69514], [-119.84993, 42.69516], [-119.84496, 42.69518], [-119.845, 42.69885], [-119.84502, 42.70069], [-119.84505, 42.70253], [-119.84753, 42.70252], [-119.85002, 42.70251]]]}}, {"type": "Feature", "properties": {"OBJECTID": 330785, "CSE_NAME": "ACES REDS #3", "CSE_TYPE_NR": "384101", "CSE_NR": "OR101374920", "LEG_CSE_NR": "ORMC161236", "CSE_DISP": "Active", "RCRD_ACRS": 20.66}, "geometry": {"type": "Polygon", "coordinates": [[[-119.83505, 42.73208], [-119.83507, 42.72839], [-119.83509, 42.7247], [-119.83012, 42.72477], [-119.82516, 42.72483], [-119.82512, 42.72853], [-119.82509, 42.73223], [-119.83007, 42.73215], [-119.83505, 42.73208]]]}}, {"type": "Feature", "properties": {"OBJECTID": 330786, "CSE_NAME": "ACES REDS #4", "CSE_TYPE_NR": "384101", "CSE_NR": "OR101374921", "LEG_CSE_NR": "ORMC161237", "CSE_DISP": "Active", "RCRD_ACRS": 20.66}, "geometry": {"type": "Polygon", "coordinates": [[[-119.83505, 42.73208], [-119.83507, 42.72839], [-119.83509, 42.7247], [-119.83012, 42.72477], [-119.82516, 42.72483], [-119.82512, 42.72853], [-119.82509, 42.73223], [-119.83007, 42.73215], [-119.83505, 42.73208]]]}}, {"type": "Feature", "properties": {"OBJECTID": 330787, "CSE_NAME": "JACK REDS #1", "CSE_TYPE_NR": "384101", "CSE_NR": "OR101374922", "LEG_CSE_NR": "ORMC161238", "CSE_DISP": "Active", "RCRD_ACRS": 20.66}, "geometry": {"type": "Polygon", "coordinates": [[[-119.82523, 42.71743], [-119.82519, 42.72113], [-119.82516, 42.72483], [-119.83012, 42.72477], [-119.83509, 42.7247], [-119.83511, 42.72102], [-119.83513, 42.71733], [-119.83018, 42.71738], [-119.82523, 42.71743]]]}}, {"type": "Feature", "properties": {"OBJECTID": 330788, "CSE_NAME": "JACKS REDS #2", "CSE_TYPE_NR": "384101", "CSE_NR": "OR101374923", "LEG_CSE_NR": "ORMC161239", "CSE_DISP": "Active", "RCRD_ACRS": 20.66}, "geometry": {"type": "Polygon", "coordinates": [[[-119.83509, 42.7247], [-119.83511, 42.72102], [-119.83513, 42.71733], [-119.83018, 42.71738], [-119.82523, 42.71743], [-119.82519, 42.72113], [-119.82516, 42.72483], [-119.83012, 42.72477], [-119.83509, 42.7247]]]}}, {"type": "Feature", "properties": {"OBJECTID": 330789, "CSE_NAME": "JACKS REDS #3", "CSE_TYPE_NR": "384101", "CSE_NR": "OR101375560", "LEG_CSE_NR": "ORMC161240", "CSE_DISP": "Active", "RCRD_ACRS": 20.66}, "geometry": {"type": "Polygon", "coordinates": [[[-119.83509, 42.7247], [-119.83511, 42.72102], [-119.83513, 42.71733], [-119.83018, 42.71738], [-119.82523, 42.71743], [-119.82519, 42.72113], [-119.82516, 42.72483], [-119.83012, 42.72477], [-119.83509, 42.7247]]]}}, {"type": "Feature", "properties": {"OBJECTID": 330790, "CSE_NAME": "JACKS REDS #4", "CSE_TYPE_NR": "384101", "CSE_NR": "OR101375561", "LEG_CSE_NR": "ORMC161241", "CSE_DISP": "Active", "RCRD_ACRS": 12.4}, "geometry": {"type": "Polygon", "coordinates": [[[-119.83264, 42.7192], [-119.83263, 42.72105], [-119.83511, 42.72102], [-119.83512, 42.71917], [-119.83513, 42.71733], [-119.83266, 42.71736], [-119.83264, 42.7192]]]}}, {"type": "Feature", "properties": {"OBJECTID": 330791, "CSE_NAME": "JACKS REDS #5", "CSE_TYPE_NR": "384101", "CSE_NR": "OR101375562", "LEG_CSE_NR": "ORMC161242", "CSE_DISP": "Active", "RCRD_ACRS": 12.4}, "geometry": {"type": "Polygon", "coordinates": [[[-119.82516, 42.72483], [-119.82512, 42.72853], [-119.82509, 42.73223], [-119.83007, 42.73215], [-119.83505, 42.73208], [-119.83507, 42.72839], [-119.83509, 42.7247], [-119.83511, 42.72102], [-119.83513, 42.71733], [-119.83018, 42.71738], [-119.82523, 42.71743], [-119.82519, 42.72113], [-119.82516, 42.72483]]]}}, {"type": "Feature", "properties": {"OBJECTID": 330792, "CSE_NAME": "JACKS REDS #6", "CSE_TYPE_NR": "384101", "CSE_NR": "OR101375563", "LEG_CSE_NR": "ORMC161243", "CSE_DISP": "Active", "RCRD_ACRS": 20.66}, "geometry": {"type": "Polygon", "coordinates": [[[-119.82516, 42.72483], [-119.82512, 42.72853], [-119.82509, 42.73223], [-119.83007, 42.73215], [-119.83505, 42.73208], [-119.83507, 42.72839], [-119.83509, 42.7247], [-119.83511, 42.72102], [-119.83513, 42.71733], [-119.83018, 42.71738], [-119.82523, 42.71743], [-119.82519, 42.72113], [-119.82516, 42.72483]]]}}, {"type": "Feature", "properties": {"OBJECTID": 330793, "CSE_NAME": "JACKS REDS #7", "CSE_TYPE_NR": "384101", "CSE_NR": "OR101375601", "LEG_CSE_NR": "ORMC161244", "CSE_DISP": "Active", "RCRD_ACRS": 20.66}, "geometry": {"type": "Polygon", "coordinates": [[[-119.82516, 42.72483], [-119.82512, 42.72853], [-119.82509, 42.73223], [-119.83007, 42.73215], [-119.83505, 42.73208], [-119.83507, 42.72839], [-119.83509, 42.7247], [-119.83511, 42.72102], [-119.83513, 42.71733], [-119.83018, 42.71738], [-119.82523, 42.71743], [-119.82519, 42.72113], [-119.82516, 42.72483]]]}}, {"type": "Feature", "properties": {"OBJECTID": 330794, "CSE_NAME": "JACKS REDS #8", "CSE_TYPE_NR": "384101", "CSE_NR": "OR101375602", "LEG_CSE_NR": "ORMC161245", "CSE_DISP": "Active", "RCRD_ACRS": 20.66}, "geometry": {"type": "Polygon", "coordinates": [[[-119.82523, 42.71743], [-119.82519, 42.72113], [-119.82516, 42.72483], [-119.82512, 42.72853], [-119.82509, 42.73223], [-119.83007, 42.73215], [-119.83505, 42.73208], [-119.83507, 42.72839], [-119.83509, 42.7247], [-119.83511, 42.72102], [-119.83513, 42.71733], [-119.83018, 42.71738], [-119.82523, 42.71743]]]}}, {"type": "Feature", "properties": {"OBJECTID": 330795, "CSE_NAME": "JOKERS REDS", "CSE_TYPE_NR": "384101", "CSE_NR": "OR101375603", "LEG_CSE_NR": "ORMC161246", "CSE_DISP": "Active", "RCRD_ACRS": 20.66}, "geometry": {"type": "Polygon", "coordinates": [[[-119.85002, 42.70251], [-119.855, 42.70249], [-119.85494, 42.69881], [-119.85489, 42.69514], [-119.84993, 42.69516], [-119.84496, 42.69518], [-119.845, 42.69885], [-119.84502, 42.70069], [-119.84505, 42.70253], [-119.84753, 42.70252], [-119.85002, 42.70251]]]}}, {"type": "Feature", "properties": {"OBJECTID": 330796, "CSE_NAME": "RED WOLF #1", "CSE_TYPE_NR": "384101", "CSE_NR": "OR101375604", "LEG_CSE_NR": "ORMC161247", "CSE_DISP": "Active", "RCRD_ACRS": 20.66}, "geometry": {"type": "Polygon", "coordinates": [[[-119.87475, 42.70611], [-119.87478, 42.70242], [-119.86986, 42.70244], [-119.86495, 42.70246], [-119.85997, 42.70247], [-119.855, 42.70249], [-119.85498, 42.70617], [-119.85496, 42.70985], [-119.85992, 42.70983], [-119.8624, 42.70982], [-119.86487, 42.70981], [-119.8698, 42.7098], [-119.87472, 42.70979], [-119.87475, 42.70611]]]}}, {"type": "Feature", "properties": {"OBJECTID": 330936, "CSE_NAME": "KARMIC KOMEDY", "CSE_TYPE_NR": "384101", "CSE_NR": "OR101317258", "LEG_CSE_NR": "ORMC161573", "CSE_DISP": "Active", "RCRD_ACRS": 20.66}, "geometry": {"type": "Polygon", "coordinates": [[[-119.83017, 42.71], [-119.83264, 42.70998], [-119.83512, 42.70996], [-119.83512, 42.70812], [-119.83511, 42.70628], [-119.83511, 42.7026], [-119.83014, 42.70264], [-119.82517, 42.70268], [-119.82519, 42.70636], [-119.82522, 42.71004], [-119.82769, 42.71002], [-119.83017, 42.71]]]}}, {"type": "Feature", "properties": {"OBJECTID": 331047, "CSE_NAME": "GIGGLES", "CSE_TYPE_NR": "384101", "CSE_NR": "OR101368397", "LEG_CSE_NR": "ORMC161946", "CSE_DISP": "Active", "RCRD_ACRS": 20.66}, "geometry": {"type": "Polygon", "coordinates": [[[-119.81512, 42.72484], [-119.81014, 42.72485], [-119.80765, 42.72485], [-119.80516, 42.72486], [-119.80268, 42.72486], [-119.8002, 42.72485], [-119.79523, 42.72485], [-119.79518, 42.72853], [-119.79512, 42.73221], [-119.80009, 42.73222], [-119.80506, 42.73223], [-119.81004, 42.73223], [-119.81501, 42.73223], [-119.81506, 42.72854], [-119.81512, 42.72484]]]}}, {"type": "Feature", "properties": {"OBJECTID": 331075, "CSE_NAME": "ROYAL FLASH #1", "CSE_TYPE_NR": "384101", "CSE_NR": "OR101518721", "LEG_CSE_NR": "ORMC162050", "CSE_DISP": "Active", "RCRD_ACRS": 6.88}, "geometry": {"type": "Polygon", "coordinates": [[[-119.86491, 42.70614], [-119.86495, 42.70246], [-119.85997, 42.70247], [-119.855, 42.70249], [-119.85498, 42.70617], [-119.85496, 42.70985], [-119.85992, 42.70983], [-119.8624, 42.70982], [-119.86487, 42.70981], [-119.86489, 42.70797], [-119.86491, 42.70614]]]}}, {"type": "Feature", "properties": {"OBJECTID": 331076, "CSE_NAME": "RTMC", "CSE_TYPE_NR": "384101", "CSE_NR": "OR101518722", "LEG_CSE_NR": "ORMC162053", "CSE_DISP": "Active", "RCRD_ACRS": 5}, "geometry": {"type": "Polygon", "coordinates": [[[-119.85002, 42.70251], [-119.855, 42.70249], [-119.85494, 42.69881], [-119.85489, 42.69514], [-119.84993, 42.69516], [-119.84496, 42.69518], [-119.845, 42.69885], [-119.84502, 42.70069], [-119.84505, 42.70253], [-119.84753, 42.70252], [-119.85002, 42.70251]]]}}, {"type": "Feature", "properties": {"OBJECTID": 331163, "CSE_NAME": "CATTLEGUARDER", "CSE_TYPE_NR": "384101", "CSE_NR": "OR101364917", "LEG_CSE_NR": "ORMC162448", "CSE_DISP": "Active", "RCRD_ACRS": 10.33}, "geometry": {"type": "Polygon", "coordinates": [[[-119.81523, 42.71746], [-119.8152, 42.71377], [-119.81518, 42.71008], [-119.81021, 42.7101], [-119.80524, 42.71012], [-119.80525, 42.7138], [-119.80526, 42.71749], [-119.80775, 42.71748], [-119.81024, 42.71747], [-119.81523, 42.71746]]]}}, {"type": "Feature", "properties": {"OBJECTID": 331164, "CSE_NAME": "SPARKLE SOUTH", "CSE_TYPE_NR": "384101", "CSE_NR": "OR101364918", "LEG_CSE_NR": "ORMC162449", "CSE_DISP": "Active", "RCRD_ACRS": 20.66}, "geometry": {"type": "Polygon", "coordinates": [[[-119.80521, 42.70275], [-119.80522, 42.70644], [-119.80524, 42.71012], [-119.80525, 42.7138], [-119.80526, 42.71749], [-119.80775, 42.71748], [-119.81024, 42.71747], [-119.81523, 42.71746], [-119.8152, 42.71377], [-119.81518, 42.71008], [-119.81516, 42.7064], [-119.81514, 42.70272], [-119.81018, 42.70273], [-119.80521, 42.70275]]]}}, {"type": "Feature", "properties": {"OBJECTID": 331165, "CSE_NAME": "TRAMPDOG", "CSE_TYPE_NR": "384101", "CSE_NR": "OR101364919", "LEG_CSE_NR": "ORMC162450", "CSE_DISP": "Active", "RCRD_ACRS": 20.66}, "geometry": {"type": "Polygon", "coordinates": [[[-119.80521, 42.70275], [-119.80025, 42.70275], [-119.7953, 42.70275], [-119.79531, 42.70643], [-119.79532, 42.71011], [-119.80028, 42.71012], [-119.80524, 42.71012], [-119.80522, 42.70644], [-119.80521, 42.70275]]]}}, {"type": "Feature", "properties": {"OBJECTID": 331166, "CSE_NAME": "FACETERS FOLLY #3", "CSE_TYPE_NR": "384101", "CSE_NR": "OR101367678", "LEG_CSE_NR": "ORMC162489", "CSE_DISP": "Active", "RCRD_ACRS": 12.32}, "geometry": {"type": "Polygon", "coordinates": [[[-119.86487, 42.70981], [-119.8624, 42.70982], [-119.85992, 42.70983], [-119.85496, 42.70985], [-119.85494, 42.71352], [-119.85492, 42.7172], [-119.85986, 42.71718], [-119.86233, 42.71718], [-119.8648, 42.71717], [-119.86482, 42.71533], [-119.86484, 42.71349], [-119.86487, 42.70981]]]}}, {"type": "Feature", "properties": {"OBJECTID": 331167, "CSE_NAME": "FACETERS FOLLY #4", "CSE_TYPE_NR": "384101", "CSE_NR": "OR101367679", "LEG_CSE_NR": "ORMC162490", "CSE_DISP": "Active", "RCRD_ACRS": 5.78}, "geometry": {"type": "Polygon", "coordinates": [[[-119.86487, 42.70981], [-119.8624, 42.70982], [-119.85992, 42.70983], [-119.85496, 42.70985], [-119.85494, 42.71352], [-119.85492, 42.7172], [-119.85986, 42.71718], [-119.86233, 42.71718], [-119.8648, 42.71717], [-119.86482, 42.71533], [-119.86484, 42.71349], [-119.86487, 42.70981]]]}}, {"type": "Feature", "properties": {"OBJECTID": 331177, "CSE_NAME": "DAWN #1", "CSE_TYPE_NR": "384101", "CSE_NR": "OR101672812", "LEG_CSE_NR": "ORMC162899", "CSE_DISP": "Active", "RCRD_ACRS": 20.66}, "geometry": {"type": "Polygon", "coordinates": [[[-119.81512, 42.72484], [-119.81014, 42.72485], [-119.80765, 42.72485], [-119.80516, 42.72486], [-119.80514, 42.7267], [-119.80511, 42.72854], [-119.80506, 42.73223], [-119.81004, 42.73223], [-119.81501, 42.73223], [-119.81506, 42.72854], [-119.81512, 42.72484]]]}}, {"type": "Feature", "properties": {"OBJECTID": 331178, "CSE_NAME": "DAWN #2", "CSE_TYPE_NR": "384101", "CSE_NR": "OR101672813", "LEG_CSE_NR": "ORMC162900", "CSE_DISP": "Active", "RCRD_ACRS": 20.66}, "geometry": {"type": "Polygon", "coordinates": [[[-119.81512, 42.72484], [-119.81014, 42.72485], [-119.80765, 42.72485], [-119.80516, 42.72486], [-119.80514, 42.7267], [-119.80511, 42.72854], [-119.80506, 42.73223], [-119.81004, 42.73223], [-119.81501, 42.73223], [-119.81506, 42.72854], [-119.81512, 42.72484]]]}}, {"type": "Feature", "properties": {"OBJECTID": 331179, "CSE_NAME": "DAWN #3", "CSE_TYPE_NR": "384101", "CSE_NR": "OR101672814", "LEG_CSE_NR": "ORMC162901", "CSE_DISP": "Active", "RCRD_ACRS": 20.66}, "geometry": {"type": "Polygon", "coordinates": [[[-119.81512, 42.72484], [-119.81014, 42.72485], [-119.80765, 42.72485], [-119.80516, 42.72486], [-119.80514, 42.7267], [-119.80511, 42.72854], [-119.80506, 42.73223], [-119.81004, 42.73223], [-119.81501, 42.73223], [-119.81506, 42.72854], [-119.81512, 42.72484]]]}}, {"type": "Feature", "properties": {"OBJECTID": 331180, "CSE_NAME": "PINK LADY #2", "CSE_TYPE_NR": "384101", "CSE_NR": "OR101672815", "LEG_CSE_NR": "ORMC162902", "CSE_DISP": "Active", "RCRD_ACRS": 18.5}, "geometry": {"type": "Polygon", "coordinates": [[[-119.81517, 42.72115], [-119.81523, 42.71746], [-119.81024, 42.71747], [-119.80775, 42.71748], [-119.80526, 42.71749], [-119.80524, 42.71933], [-119.80521, 42.72117], [-119.80516, 42.72486], [-119.80765, 42.72485], [-119.81014, 42.72485], [-119.81512, 42.72484], [-119.81517, 42.72115]]]}}, {"type": "Feature", "properties": {"OBJECTID": 331181, "CSE_NAME": "PINK LADY #3", "CSE_TYPE_NR": "384101", "CSE_NR": "OR101672816", "LEG_CSE_NR": "ORMC162903", "CSE_DISP": "Active", "RCRD_ACRS": 18.5}, "geometry": {"type": "Polygon", "coordinates": [[[-119.81517, 42.72115], [-119.81523, 42.71746], [-119.81024, 42.71747], [-119.80775, 42.71748], [-119.80526, 42.71749], [-119.80524, 42.71933], [-119.80521, 42.72117], [-119.80516, 42.72486], [-119.80765, 42.72485], [-119.81014, 42.72485], [-119.81512, 42.72484], [-119.81517, 42.72115]]]}}, {"type": "Feature", "properties": {"OBJECTID": 331182, "CSE_NAME": "PINK LADY #4", "CSE_TYPE_NR": "384101", "CSE_NR": "OR101672817", "LEG_CSE_NR": "ORMC162904", "CSE_DISP": "Active", "RCRD_ACRS": 19.45}, "geometry": {"type": "Polygon", "coordinates": [[[-119.81517, 42.72115], [-119.81523, 42.71746], [-119.81024, 42.71747], [-119.80775, 42.71748], [-119.80526, 42.71749], [-119.80524, 42.71933], [-119.80521, 42.72117], [-119.80516, 42.72486], [-119.80765, 42.72485], [-119.81014, 42.72485], [-119.81512, 42.72484], [-119.81517, 42.72115]]]}}, {"type": "Feature", "properties": {"OBJECTID": 331183, "CSE_NAME": "PINK LADY #5", "CSE_TYPE_NR": "384101", "CSE_NR": "OR101672818", "LEG_CSE_NR": "ORMC162905", "CSE_DISP": "Active", "RCRD_ACRS": 19.93}, "geometry": {"type": "Polygon", "coordinates": [[[-119.81517, 42.72115], [-119.81523, 42.71746], [-119.81024, 42.71747], [-119.80775, 42.71748], [-119.80526, 42.71749], [-119.8003, 42.71748], [-119.79534, 42.71748], [-119.79528, 42.72116], [-119.79523, 42.72485], [-119.8002, 42.72485], [-119.80268, 42.72486], [-119.80516, 42.72486], [-119.80765, 42.72485], [-119.81014, 42.72485], [-119.81512, 42.72484], [-119.81517, 42.72115]]]}}, {"type": "Feature", "properties": {"OBJECTID": 331184, "CSE_NAME": "PINK LADY #6", "CSE_TYPE_NR": "384101", "CSE_NR": "OR101672819", "LEG_CSE_NR": "ORMC162906", "CSE_DISP": "Active", "RCRD_ACRS": 20.41}, "geometry": {"type": "Polygon", "coordinates": [[[-119.80526, 42.71749], [-119.8003, 42.71748], [-119.79534, 42.71748], [-119.79528, 42.72116], [-119.79523, 42.72485], [-119.8002, 42.72485], [-119.80268, 42.72486], [-119.80516, 42.72486], [-119.80521, 42.72117], [-119.80524, 42.71933], [-119.80526, 42.71749]]]}}, {"type": "Feature", "properties": {"OBJECTID": 331185, "CSE_NAME": "PINK LADY #7", "CSE_TYPE_NR": "384101", "CSE_NR": "OR101672820", "LEG_CSE_NR": "ORMC162907", "CSE_DISP": "Active", "RCRD_ACRS": 20.66}, "geometry": {"type": "Polygon", "coordinates": [[[-119.82522, 42.71189], [-119.82522, 42.71004], [-119.82017, 42.71006], [-119.82017, 42.71006], [-119.81518, 42.71008], [-119.81021, 42.7101], [-119.80524, 42.71012], [-119.80525, 42.7138], [-119.80526, 42.71749], [-119.80775, 42.71748], [-119.81024, 42.71747], [-119.81523, 42.71746], [-119.82021, 42.71745], [-119.82523, 42.71743], [-119.82522, 42.71374], [-119.82522, 42.71189]]]}}, {"type": "Feature", "properties": {"OBJECTID": 331186, "CSE_NAME": "ZEPHYR", "CSE_TYPE_NR": "384101", "CSE_NR": "OR101630039", "LEG_CSE_NR": "ORMC163015", "CSE_DISP": "Active", "RCRD_ACRS": 12.4}, "geometry": {"type": "Polygon", "coordinates": [[[-119.81021, 42.7101], [-119.81518, 42.71008], [-119.81516, 42.7064], [-119.81514, 42.70272], [-119.81018, 42.70273], [-119.80521, 42.70275], [-119.80522, 42.70644], [-119.80524, 42.71012], [-119.81021, 42.7101]]]}}, {"type": "Feature", "properties": {"OBJECTID": 331201, "CSE_NAME": "CHUCKLES", "CSE_TYPE_NR": "384101", "CSE_NR": "OR101671648", "LEG_CSE_NR": "ORMC163391", "CSE_DISP": "Active", "RCRD_ACRS": 20.66}, "geometry": {"type": "Polygon", "coordinates": [[[-119.81512, 42.72484], [-119.81014, 42.72485], [-119.80765, 42.72485], [-119.80516, 42.72486], [-119.80514, 42.7267], [-119.80511, 42.72854], [-119.80506, 42.73223], [-119.81004, 42.73223], [-119.81501, 42.73223], [-119.81506, 42.72854], [-119.81512, 42.72484]]]}}, {"type": "Feature", "properties": {"OBJECTID": 331212, "CSE_NAME": "MT ANTHONY", "CSE_TYPE_NR": "384101", "CSE_NR": "OR101880440", "LEG_CSE_NR": "ORMC163937", "CSE_DISP": "Active", "RCRD_ACRS": 20.66}, "geometry": {"type": "Polygon", "coordinates": [[[-119.89466, 42.73544], [-119.89454, 42.73176], [-119.88956, 42.73181], [-119.88459, 42.73186], [-119.8847, 42.73555], [-119.88481, 42.73923], [-119.8898, 42.73918], [-119.89479, 42.73912], [-119.89466, 42.73544]]]}}, {"type": "Feature", "properties": {"OBJECTID": 331213, "CSE_NAME": "MT ASCUTNEY", "CSE_TYPE_NR": "384101", "CSE_NR": "OR101880441", "LEG_CSE_NR": "ORMC163938", "CSE_DISP": "Active", "RCRD_ACRS": 20.66}, "geometry": {"type": "Polygon", "coordinates": [[[-119.89451, 42.72808], [-119.89449, 42.7244], [-119.88952, 42.72445], [-119.88455, 42.72449], [-119.88457, 42.72818], [-119.88459, 42.73186], [-119.88956, 42.73181], [-119.89454, 42.73176], [-119.89451, 42.72808]]]}}, {"type": "Feature", "properties": {"OBJECTID": 331214, "CSE_NAME": "MT ELLEN", "CSE_TYPE_NR": "384101", "CSE_NR": "OR101881178", "LEG_CSE_NR": "ORMC163939", "CSE_DISP": "Active", "RCRD_ACRS": 20.66}, "geometry": {"type": "Polygon", "coordinates": [[[-119.89451, 42.72808], [-119.89449, 42.7244], [-119.88952, 42.72445], [-119.88455, 42.72449], [-119.88457, 42.72818], [-119.88459, 42.73186], [-119.88956, 42.73181], [-119.89454, 42.73176], [-119.89451, 42.72808]]]}}, {"type": "Feature", "properties": {"OBJECTID": 331215, "CSE_NAME": "MT GRANT", "CSE_TYPE_NR": "384101", "CSE_NR": "OR101881179", "LEG_CSE_NR": "ORMC163940", "CSE_DISP": "Active", "RCRD_ACRS": 20.66}, "geometry": {"type": "Polygon", "coordinates": [[[-119.88452, 42.71713], [-119.88453, 42.72081], [-119.88455, 42.72449], [-119.88952, 42.72445], [-119.89449, 42.7244], [-119.89446, 42.72071], [-119.89443, 42.71703], [-119.88948, 42.71708], [-119.88452, 42.71713]]]}}, {"type": "Feature", "properties": {"OBJECTID": 331216, "CSE_NAME": "MT HOAG", "CSE_TYPE_NR": "384101", "CSE_NR": "OR101881180", "LEG_CSE_NR": "ORMC163941", "CSE_DISP": "Active", "RCRD_ACRS": 20.66}, "geometry": {"type": "Polygon", "coordinates": [[[-119.89451, 42.72808], [-119.89449, 42.7244], [-119.88952, 42.72445], [-119.88455, 42.72449], [-119.88457, 42.72818], [-119.88459, 42.73186], [-119.88956, 42.73181], [-119.89454, 42.73176], [-119.89451, 42.72808]]]}}, {"type": "Feature", "properties": {"OBJECTID": 331217, "CSE_NAME": "MT PHILO", "CSE_TYPE_NR": "384101", "CSE_NR": "OR101881181", "LEG_CSE_NR": "ORMC163942", "CSE_DISP": "Active", "RCRD_ACRS": 20.66}, "geometry": {"type": "Polygon", "coordinates": [[[-119.88452, 42.71713], [-119.88453, 42.72081], [-119.88455, 42.72449], [-119.88952, 42.72445], [-119.89449, 42.7244], [-119.89446, 42.72071], [-119.89443, 42.71703], [-119.88948, 42.71708], [-119.88452, 42.71713]]]}}, {"type": "Feature", "properties": {"OBJECTID": 331218, "CSE_NAME": "MT SARAH", "CSE_TYPE_NR": "384101", "CSE_NR": "OR101881182", "LEG_CSE_NR": "ORMC163943", "CSE_DISP": "Active", "RCRD_ACRS": 20.66}, "geometry": {"type": "Polygon", "coordinates": [[[-119.89451, 42.72808], [-119.89449, 42.7244], [-119.88952, 42.72445], [-119.88455, 42.72449], [-119.88457, 42.72818], [-119.88459, 42.73186], [-119.88956, 42.73181], [-119.89454, 42.73176], [-119.89451, 42.72808]]]}}, {"type": "Feature", "properties": {"OBJECTID": 331219, "CSE_NAME": "MT TOM", "CSE_TYPE_NR": "384101", "CSE_NR": "OR101881183", "LEG_CSE_NR": "ORMC163944", "CSE_DISP": "Active", "RCRD_ACRS": 20.66}, "geometry": {"type": "Polygon", "coordinates": [[[-119.88452, 42.71713], [-119.88453, 42.72081], [-119.88455, 42.72449], [-119.88952, 42.72445], [-119.89449, 42.7244], [-119.89446, 42.72071], [-119.89443, 42.71703], [-119.88948, 42.71708], [-119.88452, 42.71713]]]}}, {"type": "Feature", "properties": {"OBJECTID": 331220, "CSE_NAME": "BONANZA LODE FOUR", "CSE_TYPE_NR": "384101", "CSE_NR": "OR101881905", "LEG_CSE_NR": "ORMC164337", "CSE_DISP": "Active", "RCRD_ACRS": 7.27}, "geometry": {"type": "Polygon", "coordinates": [[[-119.86491, 42.70614], [-119.86495, 42.70246], [-119.85997, 42.70247], [-119.855, 42.70249], [-119.85002, 42.70251], [-119.84753, 42.70252], [-119.84505, 42.70253], [-119.84504, 42.7062], [-119.84504, 42.70988], [-119.85, 42.70986], [-119.85496, 42.70985], [-119.85992, 42.70983], [-119.8624, 42.70982], [-119.86487, 42.70981], [-119.86489, 42.70797], [-119.86491, 42.70614]]]}}, {"type": "Feature", "properties": {"OBJECTID": 331221, "CSE_NAME": "BONANZA LODE FIVE", "CSE_TYPE_NR": "384101", "CSE_NR": "OR101881906", "LEG_CSE_NR": "ORMC164338", "CSE_DISP": "Active", "RCRD_ACRS": 18.18}, "geometry": {"type": "Polygon", "coordinates": [[[-119.86489, 42.69878], [-119.86483, 42.6951], [-119.85986, 42.69512], [-119.85489, 42.69514], [-119.84993, 42.69516], [-119.84496, 42.69518], [-119.845, 42.69885], [-119.84502, 42.70069], [-119.84505, 42.70253], [-119.84504, 42.7062], [-119.84504, 42.70988], [-119.85, 42.70986], [-119.85496, 42.70985], [-119.85992, 42.70983], [-119.8624, 42.70982], [-119.86487, 42.70981], [-119.86489, 42.70797], [-119.86491, 42.70614], [-119.86495, 42.70246], [-119.86489, 42.69878]]]}}, {"type": "Feature", "properties": {"OBJECTID": 331222, "CSE_NAME": "BONANZA LODE SIX", "CSE_TYPE_NR": "384101", "CSE_NR": "OR101881907", "LEG_CSE_NR": "ORMC164339", "CSE_DISP": "Active", "RCRD_ACRS": 18.18}, "geometry": {"type": "Polygon", "coordinates": [[[-119.86489, 42.69878], [-119.86483, 42.6951], [-119.85986, 42.69512], [-119.85489, 42.69514], [-119.84993, 42.69516], [-119.84496, 42.69518], [-119.845, 42.69885], [-119.84502, 42.70069], [-119.84505, 42.70253], [-119.84753, 42.70252], [-119.85002, 42.70251], [-119.855, 42.70249], [-119.85997, 42.70247], [-119.86495, 42.70246], [-119.86489, 42.69878]]]}}, {"type": "Feature", "properties": {"OBJECTID": 331254, "CSE_NAME": "DOUBLE EAGLE #13", "CSE_TYPE_NR": "384101", "CSE_NR": "OR101623928", "LEG_CSE_NR": "ORMC164944", "CSE_DISP": "Active", "RCRD_ACRS": 20.66}, "geometry": {"type": "Polygon", "coordinates": [[[-119.80521, 42.70275], [-119.80522, 42.70644], [-119.80524, 42.71012], [-119.80525, 42.7138], [-119.80526, 42.71749], [-119.80775, 42.71748], [-119.81024, 42.71747], [-119.81523, 42.71746], [-119.8152, 42.71377], [-119.81518, 42.71008], [-119.81516, 42.7064], [-119.81514, 42.70272], [-119.81018, 42.70273], [-119.80521, 42.70275]]]}}, {"type": "Feature", "properties": {"OBJECTID": 331509, "CSE_NAME": "FACETERS FOLLY #2", "CSE_TYPE_NR": "384101", "CSE_NR": "OR101887700", "LEG_CSE_NR": "ORMC166297", "CSE_DISP": "Active", "RCRD_ACRS": 12.39}, "geometry": {"type": "Polygon", "coordinates": [[[-119.86487, 42.70981], [-119.8624, 42.70982], [-119.85992, 42.70983], [-119.85496, 42.70985], [-119.85494, 42.71352], [-119.85492, 42.7172], [-119.85986, 42.71718], [-119.86233, 42.71718], [-119.8648, 42.71717], [-119.86482, 42.71533], [-119.86484, 42.71349], [-119.86487, 42.70981]]]}}, {"type": "Feature", "properties": {"OBJECTID": 331510, "CSE_NAME": "WESTERN SUN #1", "CSE_TYPE_NR": "384101", "CSE_NR": "OR101886089", "LEG_CSE_NR": "ORMC166398", "CSE_DISP": "Active", "RCRD_ACRS": 20.66}, "geometry": {"type": "Polygon", "coordinates": [[[-119.80526, 42.71749], [-119.80524, 42.71933], [-119.80521, 42.72117], [-119.80516, 42.72486], [-119.80765, 42.72485], [-119.81014, 42.72485], [-119.81512, 42.72484], [-119.81517, 42.72115], [-119.81523, 42.71746], [-119.8152, 42.71377], [-119.81518, 42.71008], [-119.81021, 42.7101], [-119.80524, 42.71012], [-119.80525, 42.7138], [-119.80526, 42.71749]]]}}, {"type": "Feature", "properties": {"OBJECTID": 331511, "CSE_NAME": "WESTERN SUN #4", "CSE_TYPE_NR": "384101", "CSE_NR": "OR101886090", "LEG_CSE_NR": "ORMC166399", "CSE_DISP": "Active", "RCRD_ACRS": 14.46}, "geometry": {"type": "Polygon", "coordinates": [[[-119.80526, 42.71749], [-119.80524, 42.71933], [-119.80521, 42.72117], [-119.80516, 42.72486], [-119.80765, 42.72485], [-119.81014, 42.72485], [-119.81512, 42.72484], [-119.81517, 42.72115], [-119.81523, 42.71746], [-119.8152, 42.71377], [-119.81518, 42.71008], [-119.81021, 42.7101], [-119.80524, 42.71012], [-119.80525, 42.7138], [-119.80526, 42.71749]]]}}, {"type": "Feature", "properties": {"OBJECTID": 331523, "CSE_NAME": "FUMBLE BEE", "CSE_TYPE_NR": "384101", "CSE_NR": "OR101887925", "LEG_CSE_NR": "ORMC166509", "CSE_DISP": "Active", "RCRD_ACRS": 20.66}, "geometry": {"type": "Polygon", "coordinates": [[[-119.80526, 42.71749], [-119.8003, 42.71748], [-119.79534, 42.71748], [-119.79528, 42.72116], [-119.79523, 42.72485], [-119.8002, 42.72485], [-119.80268, 42.72486], [-119.80516, 42.72486], [-119.80521, 42.72117], [-119.80524, 42.71933], [-119.80526, 42.71749]]]}}, {"type": "Feature", "properties": {"OBJECTID": 331953, "CSE_NAME": "YELLOW ROSE #8", "CSE_TYPE_NR": "384101", "CSE_NR": "OR101750387", "LEG_CSE_NR": "ORMC169715", "CSE_DISP": "Active", "RCRD_ACRS": 20.66}, "geometry": {"type": "Polygon", "coordinates": [[[-119.88506, 42.75028], [-119.88506, 42.74989], [-119.88504, 42.74662], [-119.88006, 42.74664], [-119.87608, 42.74665], [-119.87508, 42.74665], [-119.87509, 42.75031], [-119.8751, 42.75396], [-119.88009, 42.75395], [-119.88508, 42.75393], [-119.88506, 42.75028]]]}}, {"type": "Feature", "properties": {"OBJECTID": 331954, "CSE_NAME": "YELLOW ROSE #9", "CSE_TYPE_NR": "384101", "CSE_NR": "OR101750388", "LEG_CSE_NR": "ORMC169716", "CSE_DISP": "Active", "RCRD_ACRS": 20.66}, "geometry": {"type": "Polygon", "coordinates": [[[-119.8751, 42.75396], [-119.87512, 42.75763], [-119.87513, 42.7613], [-119.87608, 42.7613], [-119.88012, 42.76127], [-119.88512, 42.76124], [-119.8851, 42.75759], [-119.88508, 42.75393], [-119.88009, 42.75395], [-119.8751, 42.75396]]]}}, {"type": "Feature", "properties": {"OBJECTID": 331955, "CSE_NAME": "YELLOW ROSE #10", "CSE_TYPE_NR": "384101", "CSE_NR": "OR101750389", "LEG_CSE_NR": "ORMC169717", "CSE_DISP": "Active", "RCRD_ACRS": 20.66}, "geometry": {"type": "Polygon", "coordinates": [[[-119.8751, 42.75396], [-119.87512, 42.75763], [-119.87513, 42.7613], [-119.87608, 42.7613], [-119.88012, 42.76127], [-119.88512, 42.76124], [-119.8851, 42.75759], [-119.88508, 42.75393], [-119.88009, 42.75395], [-119.8751, 42.75396]]]}}, {"type": "Feature", "properties": {"OBJECTID": 331956, "CSE_NAME": "YELLOW ROSE # WEST 4", "CSE_TYPE_NR": "384101", "CSE_NR": "OR101750390", "LEG_CSE_NR": "ORMC169725", "CSE_DISP": "Active", "RCRD_ACRS": 20.66}, "geometry": {"type": "Polygon", "coordinates": [[[-119.88506, 42.75028], [-119.88506, 42.74989], [-119.88504, 42.74662], [-119.88006, 42.74664], [-119.87608, 42.74665], [-119.87508, 42.74665], [-119.87509, 42.75031], [-119.8751, 42.75396], [-119.88009, 42.75395], [-119.88508, 42.75393], [-119.88506, 42.75028]]]}}, {"type": "Feature", "properties": {"OBJECTID": 331957, "CSE_NAME": "YELLOW ROSE # WEST 6", "CSE_TYPE_NR": "384101", "CSE_NR": "OR101750391", "LEG_CSE_NR": "ORMC169726", "CSE_DISP": "Active", "RCRD_ACRS": 20.66}, "geometry": {"type": "Polygon", "coordinates": [[[-119.8751, 42.75396], [-119.87512, 42.75763], [-119.87513, 42.7613], [-119.87608, 42.7613], [-119.88012, 42.76127], [-119.88512, 42.76124], [-119.8851, 42.75759], [-119.88508, 42.75393], [-119.88009, 42.75395], [-119.8751, 42.75396]]]}}, {"type": "Feature", "properties": {"OBJECTID": 331958, "CSE_NAME": "YELLOW ROSE # WEST 7", "CSE_TYPE_NR": "384101", "CSE_NR": "OR101750392", "LEG_CSE_NR": "ORMC169727", "CSE_DISP": "Active", "RCRD_ACRS": 20.66}, "geometry": {"type": "Polygon", "coordinates": [[[-119.87512, 42.75763], [-119.8751, 42.75396], [-119.87012, 42.75398], [-119.86514, 42.754], [-119.86514, 42.75768], [-119.86513, 42.76136], [-119.87013, 42.76133], [-119.87513, 42.7613], [-119.87512, 42.75763]]]}}, {"type": "Feature", "properties": {"OBJECTID": 332041, "CSE_NAME": "BUNNY HOP", "CSE_TYPE_NR": "384101", "CSE_NR": "OR101378934", "LEG_CSE_NR": "ORMC170833", "CSE_DISP": "Active", "RCRD_ACRS": 20.66}, "geometry": {"type": "Polygon", "coordinates": [[[-119.81998, 42.73223], [-119.82509, 42.73223], [-119.82512, 42.72853], [-119.82516, 42.72483], [-119.82009, 42.72484], [-119.82009, 42.72484], [-119.81512, 42.72484], [-119.81506, 42.72854], [-119.81501, 42.73223], [-119.81998, 42.73223]]]}}, {"type": "Feature", "properties": {"OBJECTID": 332042, "CSE_NAME": "RABBIT RUN", "CSE_TYPE_NR": "384101", "CSE_NR": "OR101378935", "LEG_CSE_NR": "ORMC170834", "CSE_DISP": "Active", "RCRD_ACRS": 20.66}, "geometry": {"type": "Polygon", "coordinates": [[[-119.81998, 42.73223], [-119.82509, 42.73223], [-119.82512, 42.72853], [-119.82516, 42.72483], [-119.82009, 42.72484], [-119.82009, 42.72484], [-119.81512, 42.72484], [-119.81506, 42.72854], [-119.81501, 42.73223], [-119.81998, 42.73223]]]}}, {"type": "Feature", "properties": {"OBJECTID": 332065, "CSE_NAME": "BUNNY RUN", "CSE_TYPE_NR": "384101", "CSE_NR": "OR101354240", "LEG_CSE_NR": "ORMC170966", "CSE_DISP": "Active", "RCRD_ACRS": 20.66}, "geometry": {"type": "Polygon", "coordinates": [[[-119.81998, 42.73223], [-119.82509, 42.73223], [-119.82512, 42.72853], [-119.82516, 42.72483], [-119.82009, 42.72484], [-119.82009, 42.72484], [-119.81512, 42.72484], [-119.81506, 42.72854], [-119.81501, 42.73223], [-119.81998, 42.73223]]]}}, {"type": "Feature", "properties": {"OBJECTID": 332075, "CSE_NAME": "NITE HAWK", "CSE_TYPE_NR": "384101", "CSE_NR": "OR101354317", "LEG_CSE_NR": "ORMC171023", "CSE_DISP": "Active", "RCRD_ACRS": 20.66}, "geometry": {"type": "Polygon", "coordinates": [[[-119.81517, 42.72115], [-119.81523, 42.71746], [-119.81024, 42.71747], [-119.80775, 42.71748], [-119.80526, 42.71749], [-119.8003, 42.71748], [-119.79534, 42.71748], [-119.79528, 42.72116], [-119.79523, 42.72485], [-119.8002, 42.72485], [-119.80268, 42.72486], [-119.80516, 42.72486], [-119.80765, 42.72485], [-119.81014, 42.72485], [-119.81512, 42.72484], [-119.81517, 42.72115]]]}}, {"type": "Feature", "properties": {"OBJECTID": 332084, "CSE_NAME": "MISHA #2", "CSE_TYPE_NR": "384101", "CSE_NR": "OR101868668", "LEG_CSE_NR": "ORMC171216", "CSE_DISP": "Active", "RCRD_ACRS": 20.66}, "geometry": {"type": "Polygon", "coordinates": [[[-119.80516, 42.72486], [-119.80514, 42.7267], [-119.80511, 42.72854], [-119.80506, 42.73223], [-119.81004, 42.73223], [-119.81501, 42.73223], [-119.81506, 42.72854], [-119.81512, 42.72484], [-119.81014, 42.72485], [-119.80765, 42.72485], [-119.80516, 42.72486]]]}}, {"type": "Feature", "properties": {"OBJECTID": 332096, "CSE_NAME": "ARMADILLO DEN #1", "CSE_TYPE_NR": "384101", "CSE_NR": "OR101867370", "LEG_CSE_NR": "ORMC171282", "CSE_DISP": "Active", "RCRD_ACRS": 20.66}, "geometry": {"type": "Polygon", "coordinates": [[[-119.81021, 42.7101], [-119.81518, 42.71008], [-119.81516, 42.7064], [-119.81514, 42.70272], [-119.81018, 42.70273], [-119.80521, 42.70275], [-119.80522, 42.70644], [-119.80524, 42.71012], [-119.81021, 42.7101]]]}}, {"type": "Feature", "properties": {"OBJECTID": 332097, "CSE_NAME": "ARMADILLO DEN #2", "CSE_TYPE_NR": "384101", "CSE_NR": "OR101867371", "LEG_CSE_NR": "ORMC171283", "CSE_DISP": "Active", "RCRD_ACRS": 20.66}, "geometry": {"type": "Polygon", "coordinates": [[[-119.80025, 42.70275], [-119.7953, 42.70275], [-119.79531, 42.70643], [-119.79532, 42.71011], [-119.80028, 42.71012], [-119.80524, 42.71012], [-119.80522, 42.70644], [-119.80521, 42.70275], [-119.80025, 42.70275]]]}}, {"type": "Feature", "properties": {"OBJECTID": 332098, "CSE_NAME": "ARMADILLO DEN #3", "CSE_TYPE_NR": "384101", "CSE_NR": "OR101867372", "LEG_CSE_NR": "ORMC171284", "CSE_DISP": "Active", "RCRD_ACRS": 20.66}, "geometry": {"type": "Polygon", "coordinates": [[[-119.81021, 42.7101], [-119.81518, 42.71008], [-119.81516, 42.7064], [-119.81514, 42.70272], [-119.81018, 42.70273], [-119.80521, 42.70275], [-119.80522, 42.70644], [-119.80524, 42.71012], [-119.81021, 42.7101]]]}}, {"type": "Feature", "properties": {"OBJECTID": 332128, "CSE_NAME": "ARROWHEAD", "CSE_TYPE_NR": "384101", "CSE_NR": "OR101863736", "LEG_CSE_NR": "ORMC171396", "CSE_DISP": "Active", "RCRD_ACRS": 20.66}, "geometry": {"type": "Polygon", "coordinates": [[[-119.87512, 42.75763], [-119.8751, 42.75396], [-119.87012, 42.75398], [-119.86514, 42.754], [-119.86514, 42.75768], [-119.86513, 42.76136], [-119.87013, 42.76133], [-119.87513, 42.7613], [-119.87512, 42.75763]]]}}, {"type": "Feature", "properties": {"OBJECTID": 332129, "CSE_NAME": "ARROWHEAD #4", "CSE_TYPE_NR": "384101", "CSE_NR": "OR101863737", "LEG_CSE_NR": "ORMC171397", "CSE_DISP": "Active", "RCRD_ACRS": 20.66}, "geometry": {"type": "Polygon", "coordinates": [[[-119.8751, 42.75396], [-119.87512, 42.75763], [-119.87513, 42.7613], [-119.87608, 42.7613], [-119.88012, 42.76127], [-119.88512, 42.76124], [-119.8851, 42.75759], [-119.88508, 42.75393], [-119.88009, 42.75395], [-119.8751, 42.75396]]]}}, {"type": "Feature", "properties": {"OBJECTID": 332130, "CSE_NAME": "SPARKLE", "CSE_TYPE_NR": "384101", "CSE_NR": "OR101350951", "LEG_CSE_NR": "ORMC171435", "CSE_DISP": "Active", "RCRD_ACRS": 20.66}, "geometry": {"type": "Polygon", "coordinates": [[[-119.80028, 42.71012], [-119.79532, 42.71011], [-119.79533, 42.7138], [-119.79534, 42.71748], [-119.8003, 42.71748], [-119.80526, 42.71749], [-119.80525, 42.7138], [-119.80524, 42.71012], [-119.80028, 42.71012]]]}}, {"type": "Feature", "properties": {"OBJECTID": 332131, "CSE_NAME": "HARDLY WORKIN", "CSE_TYPE_NR": "384101", "CSE_NR": "OR101355774", "LEG_CSE_NR": "ORMC171439", "CSE_DISP": "Active", "RCRD_ACRS": 20.66}, "geometry": {"type": "Polygon", "coordinates": [[[-119.81021, 42.7101], [-119.81518, 42.71008], [-119.81516, 42.7064], [-119.81514, 42.70272], [-119.81018, 42.70273], [-119.80521, 42.70275], [-119.80522, 42.70644], [-119.80524, 42.71012], [-119.81021, 42.7101]]]}}, {"type": "Feature", "properties": {"OBJECTID": 332133, "CSE_NAME": "SUNCRYSTAL #8", "CSE_TYPE_NR": "384101", "CSE_NR": "OR101485952", "LEG_CSE_NR": "ORMC171461", "CSE_DISP": "Active", "RCRD_ACRS": 20.66}, "geometry": {"type": "Polygon", "coordinates": [[[-119.82523, 42.71743], [-119.82519, 42.72113], [-119.82516, 42.72483], [-119.83012, 42.72477], [-119.83509, 42.7247], [-119.83511, 42.72102], [-119.83513, 42.71733], [-119.83018, 42.71738], [-119.82523, 42.71743]]]}}, {"type": "Feature", "properties": {"OBJECTID": 332188, "CSE_NAME": "SUNCRYSTAL #1", "CSE_TYPE_NR": "384101", "CSE_NR": "OR101840450", "LEG_CSE_NR": "ORMC172144", "CSE_DISP": "Active", "RCRD_ACRS": 20.66}, "geometry": {"type": "Polygon", "coordinates": [[[-119.88506, 42.75028], [-119.88506, 42.74989], [-119.88504, 42.74662], [-119.88006, 42.74664], [-119.87608, 42.74665], [-119.87508, 42.74665], [-119.87509, 42.75031], [-119.8751, 42.75396], [-119.88009, 42.75395], [-119.88508, 42.75393], [-119.88506, 42.75028]]]}}, {"type": "Feature", "properties": {"OBJECTID": 332189, "CSE_NAME": "SUNCRYSTAL #2", "CSE_TYPE_NR": "384101", "CSE_NR": "OR101840451", "LEG_CSE_NR": "ORMC172145", "CSE_DISP": "Active", "RCRD_ACRS": 20.66}, "geometry": {"type": "Polygon", "coordinates": [[[-119.88506, 42.75028], [-119.88506, 42.74989], [-119.88504, 42.74662], [-119.88006, 42.74664], [-119.87608, 42.74665], [-119.87508, 42.74665], [-119.87509, 42.75031], [-119.8751, 42.75396], [-119.88009, 42.75395], [-119.88508, 42.75393], [-119.88506, 42.75028]]]}}, {"type": "Feature", "properties": {"OBJECTID": 332190, "CSE_NAME": "SUNCRYSTAL #3", "CSE_TYPE_NR": "384101", "CSE_NR": "OR101840452", "LEG_CSE_NR": "ORMC172146", "CSE_DISP": "Active", "RCRD_ACRS": 20.66}, "geometry": {"type": "Polygon", "coordinates": [[[-119.88506, 42.75028], [-119.88506, 42.74989], [-119.88504, 42.74662], [-119.88006, 42.74664], [-119.87608, 42.74665], [-119.87508, 42.74665], [-119.87509, 42.75031], [-119.8751, 42.75396], [-119.88009, 42.75395], [-119.88508, 42.75393], [-119.88506, 42.75028]]]}}, {"type": "Feature", "properties": {"OBJECTID": 332191, "CSE_NAME": "SUNCRYSTAL #4", "CSE_TYPE_NR": "384101", "CSE_NR": "OR101840453", "LEG_CSE_NR": "ORMC172147", "CSE_DISP": "Active", "RCRD_ACRS": 20.66}, "geometry": {"type": "Polygon", "coordinates": [[[-119.88506, 42.75028], [-119.88506, 42.74989], [-119.88504, 42.74662], [-119.88006, 42.74664], [-119.87608, 42.74665], [-119.87508, 42.74665], [-119.87509, 42.75031], [-119.8751, 42.75396], [-119.88009, 42.75395], [-119.88508, 42.75393], [-119.88506, 42.75028]]]}}, {"type": "Feature", "properties": {"OBJECTID": 332192, "CSE_NAME": "SUNCRYSTAL #5", "CSE_TYPE_NR": "384101", "CSE_NR": "OR101840454", "LEG_CSE_NR": "ORMC172148", "CSE_DISP": "Active", "RCRD_ACRS": 20.66}, "geometry": {"type": "Polygon", "coordinates": [[[-119.88506, 42.75028], [-119.88506, 42.74989], [-119.88504, 42.74662], [-119.88006, 42.74664], [-119.87608, 42.74665], [-119.87508, 42.74665], [-119.87509, 42.75031], [-119.8751, 42.75396], [-119.88009, 42.75395], [-119.88508, 42.75393], [-119.88506, 42.75028]]]}}, {"type": "Feature", "properties": {"OBJECTID": 332193, "CSE_NAME": "SUNCRYSTAL #6", "CSE_TYPE_NR": "384101", "CSE_NR": "OR101840455", "LEG_CSE_NR": "ORMC172149", "CSE_DISP": "Active", "RCRD_ACRS": 20.66}, "geometry": {"type": "Polygon", "coordinates": [[[-119.88506, 42.75028], [-119.88506, 42.74989], [-119.88504, 42.74662], [-119.88006, 42.74664], [-119.87608, 42.74665], [-119.87508, 42.74665], [-119.87509, 42.75031], [-119.8751, 42.75396], [-119.88009, 42.75395], [-119.88508, 42.75393], [-119.88506, 42.75028]]]}}, {"type": "Feature", "properties": {"OBJECTID": 332194, "CSE_NAME": "SUNCRYSTAL #7", "CSE_TYPE_NR": "384101", "CSE_NR": "OR101840456", "LEG_CSE_NR": "ORMC172150", "CSE_DISP": "Active", "RCRD_ACRS": 20.66}, "geometry": {"type": "Polygon", "coordinates": [[[-119.88506, 42.75028], [-119.88506, 42.74989], [-119.88504, 42.74662], [-119.88006, 42.74664], [-119.87608, 42.74665], [-119.87508, 42.74665], [-119.87509, 42.75031], [-119.8751, 42.75396], [-119.88009, 42.75395], [-119.88508, 42.75393], [-119.88506, 42.75028]]]}}, {"type": "Feature", "properties": {"OBJECTID": 332197, "CSE_NAME": "MOONLIGHT #4", "CSE_TYPE_NR": "384101", "CSE_NR": "OR101545198", "LEG_CSE_NR": "ORMC172182", "CSE_DISP": "Active", "RCRD_ACRS": 20.66}, "geometry": {"type": "Polygon", "coordinates": [[[-119.81998, 42.73223], [-119.82509, 42.73223], [-119.82512, 42.72853], [-119.82516, 42.72483], [-119.82009, 42.72484], [-119.82009, 42.72484], [-119.81512, 42.72484], [-119.81506, 42.72854], [-119.81501, 42.73223], [-119.81998, 42.73223]]]}}, {"type": "Feature", "properties": {"OBJECTID": 332203, "CSE_NAME": "ELMO FUDD", "CSE_TYPE_NR": "384101", "CSE_NR": "OR101781371", "LEG_CSE_NR": "ORMC172236", "CSE_DISP": "Active", "RCRD_ACRS": 20.66}, "geometry": {"type": "Polygon", "coordinates": [[[-119.87475, 42.70611], [-119.87478, 42.70242], [-119.86986, 42.70244], [-119.86495, 42.70246], [-119.86491, 42.70614], [-119.86489, 42.70797], [-119.86487, 42.70981], [-119.86484, 42.71349], [-119.86482, 42.71533], [-119.8648, 42.71717], [-119.86973, 42.71716], [-119.87466, 42.71715], [-119.87469, 42.71347], [-119.87472, 42.70979], [-119.87475, 42.70611]]]}}, {"type": "Feature", "properties": {"OBJECTID": 332204, "CSE_NAME": "ELMO FUDD #4", "CSE_TYPE_NR": "384101", "CSE_NR": "OR101781372", "LEG_CSE_NR": "ORMC172237", "CSE_DISP": "Active", "RCRD_ACRS": 20.66}, "geometry": {"type": "Polygon", "coordinates": [[[-119.87475, 42.70611], [-119.87478, 42.70242], [-119.86986, 42.70244], [-119.86495, 42.70246], [-119.86491, 42.70614], [-119.86489, 42.70797], [-119.86487, 42.70981], [-119.8698, 42.7098], [-119.87472, 42.70979], [-119.87475, 42.70611]]]}}, {"type": "Feature", "properties": {"OBJECTID": 332299, "CSE_NAME": "DOUBLE EAGLE 15", "CSE_TYPE_NR": "384101", "CSE_NR": "OR101645941", "LEG_CSE_NR": "ORMC172918", "CSE_DISP": "Active", "RCRD_ACRS": 20.66}, "geometry": {"type": "Polygon", "coordinates": [[[-119.82516, 42.72483], [-119.82512, 42.72853], [-119.82509, 42.73223], [-119.83007, 42.73215], [-119.83505, 42.73208], [-119.83507, 42.72839], [-119.83509, 42.7247], [-119.83012, 42.72477], [-119.82516, 42.72483]]]}}, {"type": "Feature", "properties": {"OBJECTID": 332300, "CSE_NAME": "JOY LUCK CLUB", "CSE_TYPE_NR": "384101", "CSE_NR": "OR101645942", "LEG_CSE_NR": "ORMC172919", "CSE_DISP": "Active", "RCRD_ACRS": 20.66}, "geometry": {"type": "Polygon", "coordinates": [[[-119.83017, 42.71], [-119.82769, 42.71002], [-119.82522, 42.71004], [-119.82522, 42.71189], [-119.82522, 42.71374], [-119.82523, 42.71743], [-119.83018, 42.71738], [-119.83513, 42.71733], [-119.83513, 42.71364], [-119.83512, 42.70996], [-119.83264, 42.70998], [-119.83017, 42.71]]]}}, {"type": "Feature", "properties": {"OBJECTID": 332600, "CSE_NAME": "BURRITO", "CSE_TYPE_NR": "384101", "CSE_NR": "OR101577475", "LEG_CSE_NR": "ORMC173563", "CSE_DISP": "Active", "RCRD_ACRS": 20.66}, "geometry": {"type": "Polygon", "coordinates": [[[-119.80524, 42.71012], [-119.80525, 42.7138], [-119.80526, 42.71749], [-119.80775, 42.71748], [-119.81024, 42.71747], [-119.81523, 42.71746], [-119.8152, 42.71377], [-119.81518, 42.71008], [-119.81516, 42.7064], [-119.81514, 42.70272], [-119.81018, 42.70273], [-119.80521, 42.70275], [-119.80522, 42.70644], [-119.80524, 42.71012]]]}}, {"type": "Feature", "properties": {"OBJECTID": 332601, "CSE_NAME": "GOLDSHEEN", "CSE_TYPE_NR": "384101", "CSE_NR": "OR101577476", "LEG_CSE_NR": "ORMC173564", "CSE_DISP": "Active", "RCRD_ACRS": 20.66}, "geometry": {"type": "Polygon", "coordinates": [[[-119.82522, 42.71189], [-119.82522, 42.71004], [-119.82017, 42.71006], [-119.82017, 42.71006], [-119.81518, 42.71008], [-119.81021, 42.7101], [-119.80524, 42.71012], [-119.80525, 42.7138], [-119.80526, 42.71749], [-119.80775, 42.71748], [-119.81024, 42.71747], [-119.81523, 42.71746], [-119.82021, 42.71745], [-119.82523, 42.71743], [-119.82522, 42.71374], [-119.82522, 42.71189]]]}}, {"type": "Feature", "properties": {"OBJECTID": 332602, "CSE_NAME": "LUSTRO 2", "CSE_TYPE_NR": "384101", "CSE_NR": "OR101577477", "LEG_CSE_NR": "ORMC173565", "CSE_DISP": "Active", "RCRD_ACRS": 20.66}, "geometry": {"type": "Polygon", "coordinates": [[[-119.82522, 42.71189], [-119.82522, 42.71004], [-119.82017, 42.71006], [-119.82017, 42.71006], [-119.81518, 42.71008], [-119.81021, 42.7101], [-119.80524, 42.71012], [-119.80525, 42.7138], [-119.80526, 42.71749], [-119.80775, 42.71748], [-119.81024, 42.71747], [-119.81523, 42.71746], [-119.82021, 42.71745], [-119.82523, 42.71743], [-119.82522, 42.71374], [-119.82522, 42.71189]]]}}, {"type": "Feature", "properties": {"OBJECTID": 332603, "CSE_NAME": "SCHILLER", "CSE_TYPE_NR": "384101", "CSE_NR": "OR101577478", "LEG_CSE_NR": "ORMC173566", "CSE_DISP": "Active", "RCRD_ACRS": 20.66}, "geometry": {"type": "Polygon", "coordinates": [[[-119.82522, 42.71189], [-119.82522, 42.71004], [-119.82017, 42.71006], [-119.82017, 42.71006], [-119.81518, 42.71008], [-119.81021, 42.7101], [-119.80524, 42.71012], [-119.80525, 42.7138], [-119.80526, 42.71749], [-119.80775, 42.71748], [-119.81024, 42.71747], [-119.81523, 42.71746], [-119.82021, 42.71745], [-119.82523, 42.71743], [-119.82522, 42.71374], [-119.82522, 42.71189]]]}}, {"type": "Feature", "properties": {"OBJECTID": 332610, "CSE_NAME": "PLUSH MINE", "CSE_TYPE_NR": "384101", "CSE_NR": "OR101853677", "LEG_CSE_NR": "ORMC174045", "CSE_DISP": "Active", "RCRD_ACRS": 20.66}, "geometry": {"type": "Polygon", "coordinates": [[[-119.88504, 42.74662], [-119.88493, 42.74292], [-119.88481, 42.73923], [-119.87986, 42.73924], [-119.87491, 42.73924], [-119.87499, 42.74294], [-119.875, 42.74296], [-119.87508, 42.74665], [-119.87608, 42.74665], [-119.88006, 42.74664], [-119.88504, 42.74662]]]}}, {"type": "Feature", "properties": {"OBJECTID": 332637, "CSE_NAME": "NORTH RABBIT", "CSE_TYPE_NR": "384101", "CSE_NR": "OR101740247", "LEG_CSE_NR": "ORMC174099", "CSE_DISP": "Active", "RCRD_ACRS": 20.66}, "geometry": {"type": "Polygon", "coordinates": [[[-119.82021, 42.71745], [-119.81523, 42.71746], [-119.81517, 42.72115], [-119.81512, 42.72484], [-119.81506, 42.72854], [-119.81501, 42.73223], [-119.81998, 42.73223], [-119.82509, 42.73223], [-119.82512, 42.72853], [-119.82516, 42.72483], [-119.82519, 42.72113], [-119.82523, 42.71743], [-119.82021, 42.71745]]]}}, {"type": "Feature", "properties": {"OBJECTID": 332638, "CSE_NAME": "SOUTH RABBIT", "CSE_TYPE_NR": "384101", "CSE_NR": "OR101740248", "LEG_CSE_NR": "ORMC174100", "CSE_DISP": "Active", "RCRD_ACRS": 20.66}, "geometry": {"type": "Polygon", "coordinates": [[[-119.81998, 42.73223], [-119.82509, 42.73223], [-119.82512, 42.72853], [-119.82516, 42.72483], [-119.82009, 42.72484], [-119.82009, 42.72484], [-119.81512, 42.72484], [-119.81506, 42.72854], [-119.81501, 42.73223], [-119.81998, 42.73223]]]}}, {"type": "Feature", "properties": {"OBJECTID": 332642, "CSE_NAME": "CABOCHONES MINE", "CSE_TYPE_NR": "384101", "CSE_NR": "OR101737162", "LEG_CSE_NR": "ORMC174129", "CSE_DISP": "Active", "RCRD_ACRS": 20.66}, "geometry": {"type": "Polygon", "coordinates": [[[-119.88493, 42.74292], [-119.88481, 42.73923], [-119.87986, 42.73924], [-119.87491, 42.73924], [-119.87499, 42.74294], [-119.875, 42.74296], [-119.87508, 42.74665], [-119.87608, 42.74665], [-119.88006, 42.74664], [-119.88504, 42.74662], [-119.88493, 42.74292]]]}}, {"type": "Feature", "properties": {"OBJECTID": 332644, "CSE_NAME": "LEGACY", "CSE_TYPE_NR": "384101", "CSE_NR": "OR101711811", "LEG_CSE_NR": "ORMC174153", "CSE_DISP": "Active", "RCRD_ACRS": 15.84}, "geometry": {"type": "Polygon", "coordinates": [[[-119.82522, 42.71189], [-119.82522, 42.71004], [-119.82017, 42.71006], [-119.82017, 42.71006], [-119.81518, 42.71008], [-119.8152, 42.71377], [-119.81523, 42.71746], [-119.82021, 42.71745], [-119.82523, 42.71743], [-119.82522, 42.71374], [-119.82522, 42.71189]]]}}, {"type": "Feature", "properties": {"OBJECTID": 332660, "CSE_NAME": "ENTERPRISE 1", "CSE_TYPE_NR": "384101", "CSE_NR": "OR101550432", "LEG_CSE_NR": "ORMC174211", "CSE_DISP": "Active", "RCRD_ACRS": 20.66}, "geometry": {"type": "Polygon", "coordinates": [[[-119.81004, 42.73223], [-119.80506, 42.73223], [-119.80507, 42.73592], [-119.80508, 42.7396], [-119.81005, 42.7396], [-119.81501, 42.7396], [-119.81501, 42.73592], [-119.81501, 42.73223], [-119.81004, 42.73223]]]}}, {"type": "Feature", "properties": {"OBJECTID": 332672, "CSE_NAME": "VAMPAGE MINE", "CSE_TYPE_NR": "384101", "CSE_NR": "OR101551682", "LEG_CSE_NR": "ORMC174285", "CSE_DISP": "Active", "RCRD_ACRS": 20.66}, "geometry": {"type": "Polygon", "coordinates": [[[-119.88493, 42.74292], [-119.88481, 42.73923], [-119.87986, 42.73924], [-119.87491, 42.73924], [-119.87499, 42.74294], [-119.875, 42.74296], [-119.87508, 42.74665], [-119.87608, 42.74665], [-119.88006, 42.74664], [-119.88504, 42.74662], [-119.88493, 42.74292]]]}}, {"type": "Feature", "properties": {"OBJECTID": 333318, "CSE_NAME": "LABRADORITE ONE", "CSE_TYPE_NR": "384101", "CSE_NR": "OR101762767", "LEG_CSE_NR": "ORMC176133", "CSE_DISP": "Active", "RCRD_ACRS": 20.66}, "geometry": {"type": "Polygon", "coordinates": [[[-119.89492, 42.74278], [-119.89479, 42.73912], [-119.8898, 42.73918], [-119.88481, 42.73923], [-119.87986, 42.73924], [-119.87491, 42.73924], [-119.87499, 42.74294], [-119.875, 42.74296], [-119.87508, 42.74665], [-119.87608, 42.74665], [-119.88006, 42.74664], [-119.88504, 42.74662], [-119.89005, 42.74656], [-119.89505, 42.74649], [-119.89492, 42.74282], [-119.89492, 42.74278]]]}}, {"type": "Feature", "properties": {"OBJECTID": 333444, "CSE_NAME": "DUST DEVIL #3", "CSE_TYPE_NR": "384101", "CSE_NR": "OR101594062", "LEG_CSE_NR": "ORMC176639", "CSE_DISP": "Active", "RCRD_ACRS": 20.24}, "geometry": {"type": "Polygon", "coordinates": [[[-119.85496, 42.70985], [-119.85, 42.70986], [-119.84504, 42.70988], [-119.84504, 42.71355], [-119.84504, 42.71539], [-119.84504, 42.71723], [-119.84751, 42.71722], [-119.84998, 42.71721], [-119.85492, 42.7172], [-119.85494, 42.71352], [-119.85496, 42.70985]]]}}, {"type": "Feature", "properties": {"OBJECTID": 333474, "CSE_NAME": "KM-12", "CSE_TYPE_NR": "384101", "CSE_NR": "OR101557766", "LEG_CSE_NR": "ORMC176709", "CSE_DISP": "Active", "RCRD_ACRS": 20.66}, "geometry": {"type": "Polygon", "coordinates": [[[-119.84504, 42.71355], [-119.84504, 42.70988], [-119.84008, 42.70992], [-119.83512, 42.70996], [-119.83513, 42.71364], [-119.83513, 42.71733], [-119.84009, 42.71728], [-119.84504, 42.71723], [-119.84504, 42.71539], [-119.84504, 42.71355]]]}}, {"type": "Feature", "properties": {"OBJECTID": 333475, "CSE_NAME": "KM-13", "CSE_TYPE_NR": "384101", "CSE_NR": "OR101557767", "LEG_CSE_NR": "ORMC176710", "CSE_DISP": "Active", "RCRD_ACRS": 20.66}, "geometry": {"type": "Polygon", "coordinates": [[[-119.84504, 42.71355], [-119.84504, 42.70988], [-119.84008, 42.70992], [-119.83512, 42.70996], [-119.83513, 42.71364], [-119.83513, 42.71733], [-119.84009, 42.71728], [-119.84504, 42.71723], [-119.84504, 42.71539], [-119.84504, 42.71355]]]}}, {"type": "Feature", "properties": {"OBJECTID": 333478, "CSE_NAME": "KM-16", "CSE_TYPE_NR": "384101", "CSE_NR": "OR101557770", "LEG_CSE_NR": "ORMC176713", "CSE_DISP": "Active", "RCRD_ACRS": 20.66}, "geometry": {"type": "Polygon", "coordinates": [[[-119.84504, 42.71355], [-119.84504, 42.70988], [-119.84008, 42.70992], [-119.83512, 42.70996], [-119.83513, 42.71364], [-119.83513, 42.71733], [-119.84009, 42.71728], [-119.84504, 42.71723], [-119.84504, 42.71539], [-119.84504, 42.71355]]]}}, {"type": "Feature", "properties": {"OBJECTID": 333479, "CSE_NAME": "KM-17", "CSE_TYPE_NR": "384101", "CSE_NR": "OR101557771", "LEG_CSE_NR": "ORMC176714", "CSE_DISP": "Active", "RCRD_ACRS": 20.66}, "geometry": {"type": "Polygon", "coordinates": [[[-119.84504, 42.70988], [-119.84504, 42.71355], [-119.84504, 42.71539], [-119.84504, 42.71723], [-119.84751, 42.71722], [-119.84998, 42.71721], [-119.85492, 42.7172], [-119.85494, 42.71352], [-119.85496, 42.70985], [-119.85, 42.70986], [-119.84504, 42.70988]]]}}, {"type": "Feature", "properties": {"OBJECTID": 333480, "CSE_NAME": "KM-18", "CSE_TYPE_NR": "384101", "CSE_NR": "OR101557772", "LEG_CSE_NR": "ORMC176715", "CSE_DISP": "Active", "RCRD_ACRS": 20.66}, "geometry": {"type": "Polygon", "coordinates": [[[-119.84504, 42.70988], [-119.84504, 42.71355], [-119.84504, 42.71539], [-119.84504, 42.71723], [-119.84751, 42.71722], [-119.84998, 42.71721], [-119.85492, 42.7172], [-119.85494, 42.71352], [-119.85496, 42.70985], [-119.85, 42.70986], [-119.84504, 42.70988]]]}}, {"type": "Feature", "properties": {"OBJECTID": 333481, "CSE_NAME": "KM-19", "CSE_TYPE_NR": "384101", "CSE_NR": "OR101557773", "LEG_CSE_NR": "ORMC176716", "CSE_DISP": "Active", "RCRD_ACRS": 20.66}, "geometry": {"type": "Polygon", "coordinates": [[[-119.84504, 42.70988], [-119.84504, 42.71355], [-119.84504, 42.71539], [-119.84504, 42.71723], [-119.84751, 42.71722], [-119.84998, 42.71721], [-119.85492, 42.7172], [-119.85494, 42.71352], [-119.85496, 42.70985], [-119.85, 42.70986], [-119.84504, 42.70988]]]}}, {"type": "Feature", "properties": {"OBJECTID": 333490, "CSE_NAME": "KM-28", "CSE_TYPE_NR": "384101", "CSE_NR": "OR101558960", "LEG_CSE_NR": "ORMC176725", "CSE_DISP": "Active", "RCRD_ACRS": 20.66}, "geometry": {"type": "Polygon", "coordinates": [[[-119.85496, 42.70985], [-119.85498, 42.70617], [-119.855, 42.70249], [-119.85002, 42.70251], [-119.84753, 42.70252], [-119.84505, 42.70253], [-119.84504, 42.7062], [-119.84504, 42.70988], [-119.85, 42.70986], [-119.85496, 42.70985]]]}}, {"type": "Feature", "properties": {"OBJECTID": 333491, "CSE_NAME": "KM-29", "CSE_TYPE_NR": "384101", "CSE_NR": "OR101558961", "LEG_CSE_NR": "ORMC176726", "CSE_DISP": "Active", "RCRD_ACRS": 20.66}, "geometry": {"type": "Polygon", "coordinates": [[[-119.85496, 42.70985], [-119.85498, 42.70617], [-119.855, 42.70249], [-119.85002, 42.70251], [-119.84753, 42.70252], [-119.84505, 42.70253], [-119.84504, 42.7062], [-119.84504, 42.70988], [-119.85, 42.70986], [-119.85496, 42.70985]]]}}, {"type": "Feature", "properties": {"OBJECTID": 333492, "CSE_NAME": "KM-30", "CSE_TYPE_NR": "384101", "CSE_NR": "OR101558962", "LEG_CSE_NR": "ORMC176727", "CSE_DISP": "Active", "RCRD_ACRS": 20.66}, "geometry": {"type": "Polygon", "coordinates": [[[-119.85496, 42.70985], [-119.85498, 42.70617], [-119.855, 42.70249], [-119.85002, 42.70251], [-119.84753, 42.70252], [-119.84505, 42.70253], [-119.84504, 42.7062], [-119.84504, 42.70988], [-119.85, 42.70986], [-119.85496, 42.70985]]]}}, {"type": "Feature", "properties": {"OBJECTID": 333493, "CSE_NAME": "KM-31", "CSE_TYPE_NR": "384101", "CSE_NR": "OR101558963", "LEG_CSE_NR": "ORMC176728", "CSE_DISP": "Active", "RCRD_ACRS": 20.66}, "geometry": {"type": "Polygon", "coordinates": [[[-119.84504, 42.70988], [-119.84504, 42.7062], [-119.84505, 42.70253], [-119.84008, 42.70256], [-119.83511, 42.7026], [-119.83511, 42.70628], [-119.83512, 42.70812], [-119.83512, 42.70996], [-119.84008, 42.70992], [-119.84504, 42.70988]]]}}, {"type": "Feature", "properties": {"OBJECTID": 333494, "CSE_NAME": "KM-32", "CSE_TYPE_NR": "384101", "CSE_NR": "OR101558964", "LEG_CSE_NR": "ORMC176729", "CSE_DISP": "Active", "RCRD_ACRS": 20.66}, "geometry": {"type": "Polygon", "coordinates": [[[-119.84504, 42.70988], [-119.84504, 42.7062], [-119.84505, 42.70253], [-119.84008, 42.70256], [-119.83511, 42.7026], [-119.83511, 42.70628], [-119.83512, 42.70812], [-119.83512, 42.70996], [-119.84008, 42.70992], [-119.84504, 42.70988]]]}}, {"type": "Feature", "properties": {"OBJECTID": 333496, "CSE_NAME": "KM-34", "CSE_TYPE_NR": "384101", "CSE_NR": "OR101558966", "LEG_CSE_NR": "ORMC176731", "CSE_DISP": "Active", "RCRD_ACRS": 20.66}, "geometry": {"type": "Polygon", "coordinates": [[[-119.84504, 42.70988], [-119.84504, 42.7062], [-119.84505, 42.70253], [-119.84008, 42.70256], [-119.83511, 42.7026], [-119.83511, 42.70628], [-119.83512, 42.70812], [-119.83512, 42.70996], [-119.84008, 42.70992], [-119.84504, 42.70988]]]}}, {"type": "Feature", "properties": {"OBJECTID": 333497, "CSE_NAME": "KM-35", "CSE_TYPE_NR": "384101", "CSE_NR": "OR101558967", "LEG_CSE_NR": "ORMC176732", "CSE_DISP": "Active", "RCRD_ACRS": 20.66}, "geometry": {"type": "Polygon", "coordinates": [[[-119.84504, 42.70988], [-119.84504, 42.7062], [-119.84505, 42.70253], [-119.84008, 42.70256], [-119.83511, 42.7026], [-119.83511, 42.70628], [-119.83512, 42.70812], [-119.83512, 42.70996], [-119.84008, 42.70992], [-119.84504, 42.70988]]]}}, {"type": "Feature", "properties": {"OBJECTID": 333498, "CSE_NAME": "KM-36", "CSE_TYPE_NR": "384101", "CSE_NR": "OR101558968", "LEG_CSE_NR": "ORMC176733", "CSE_DISP": "Active", "RCRD_ACRS": 20.66}, "geometry": {"type": "Polygon", "coordinates": [[[-119.84504, 42.70988], [-119.84504, 42.7062], [-119.84505, 42.70253], [-119.84008, 42.70256], [-119.83511, 42.7026], [-119.83511, 42.70628], [-119.83512, 42.70812], [-119.83512, 42.70996], [-119.84008, 42.70992], [-119.84504, 42.70988]]]}}, {"type": "Feature", "properties": {"OBJECTID": 333499, "CSE_NAME": "KM-37", "CSE_TYPE_NR": "384101", "CSE_NR": "OR101558969", "LEG_CSE_NR": "ORMC176734", "CSE_DISP": "Active", "RCRD_ACRS": 20.66}, "geometry": {"type": "Polygon", "coordinates": [[[-119.84504, 42.70988], [-119.84504, 42.7062], [-119.84505, 42.70253], [-119.84008, 42.70256], [-119.83511, 42.7026], [-119.83511, 42.70628], [-119.83512, 42.70812], [-119.83512, 42.70996], [-119.84008, 42.70992], [-119.84504, 42.70988]]]}}, {"type": "Feature", "properties": {"OBJECTID": 333500, "CSE_NAME": "KM-38", "CSE_TYPE_NR": "384101", "CSE_NR": "OR101558970", "LEG_CSE_NR": "ORMC176735", "CSE_DISP": "Active", "RCRD_ACRS": 20.66}, "geometry": {"type": "Polygon", "coordinates": [[[-119.84504, 42.70988], [-119.84504, 42.7062], [-119.84505, 42.70253], [-119.84008, 42.70256], [-119.83511, 42.7026], [-119.83511, 42.70628], [-119.83512, 42.70812], [-119.83512, 42.70996], [-119.84008, 42.70992], [-119.84504, 42.70988]]]}}, {"type": "Feature", "properties": {"OBJECTID": 333501, "CSE_NAME": "KM-39", "CSE_TYPE_NR": "384101", "CSE_NR": "OR101558971", "LEG_CSE_NR": "ORMC176736", "CSE_DISP": "Active", "RCRD_ACRS": 20.66}, "geometry": {"type": "Polygon", "coordinates": [[[-119.85496, 42.70985], [-119.85498, 42.70617], [-119.855, 42.70249], [-119.85002, 42.70251], [-119.84753, 42.70252], [-119.84505, 42.70253], [-119.84504, 42.7062], [-119.84504, 42.70988], [-119.85, 42.70986], [-119.85496, 42.70985]]]}}, {"type": "Feature", "properties": {"OBJECTID": 333536, "CSE_NAME": "SCHILLER MINE", "CSE_TYPE_NR": "384101", "CSE_NR": "OR102008061", "LEG_CSE_NR": "ORMC176947", "CSE_DISP": "Active", "RCRD_ACRS": 20.66}, "geometry": {"type": "Polygon", "coordinates": [[[-119.88459, 42.73186], [-119.87966, 42.73187], [-119.87608, 42.73187], [-119.87473, 42.73188], [-119.87482, 42.73556], [-119.87491, 42.73924], [-119.87986, 42.73924], [-119.88481, 42.73923], [-119.8847, 42.73555], [-119.88459, 42.73186]]]}}, {"type": "Feature", "properties": {"OBJECTID": 333538, "CSE_NAME": "BEOWULF #1", "CSE_TYPE_NR": "384101", "CSE_NR": "OR101573958", "LEG_CSE_NR": "ORMC177055", "CSE_DISP": "Active", "RCRD_ACRS": 20.66}, "geometry": {"type": "Polygon", "coordinates": [[[-119.85496, 42.70985], [-119.85498, 42.70617], [-119.855, 42.70249], [-119.85002, 42.70251], [-119.84753, 42.70252], [-119.84505, 42.70253], [-119.84504, 42.7062], [-119.84504, 42.70988], [-119.85, 42.70986], [-119.85496, 42.70985]]]}}, {"type": "Feature", "properties": {"OBJECTID": 333672, "CSE_NAME": "AVENTURESCENCE", "CSE_TYPE_NR": "384101", "CSE_NR": "OR101843194", "LEG_CSE_NR": "ORMC177624", "CSE_DISP": "Active", "RCRD_ACRS": 20.66}, "geometry": {"type": "Polygon", "coordinates": [[[-119.86471, 42.68774], [-119.85975, 42.68776], [-119.85479, 42.68778], [-119.85484, 42.69146], [-119.85489, 42.69514], [-119.85986, 42.69512], [-119.86483, 42.6951], [-119.86477, 42.69142], [-119.86471, 42.68774]]]}}, {"type": "Feature", "properties": {"OBJECTID": 334018, "CSE_NAME": "PINK LIZZARD 4", "CSE_TYPE_NR": "384101", "CSE_NR": "OR101959510", "LEG_CSE_NR": "ORMC178025", "CSE_DISP": "Active", "RCRD_ACRS": 20.66}, "geometry": {"type": "Polygon", "coordinates": [[[-119.79532, 42.71747], [-119.79532, 42.71747], [-119.79527, 42.72116], [-119.79522, 42.72484], [-119.79522, 42.72484], [-119.79522, 42.72484], [-119.80018, 42.72485], [-119.80267, 42.72485], [-119.80515, 42.72485], [-119.80515, 42.72485], [-119.80515, 42.72485], [-119.8052, 42.72117], [-119.80522, 42.71932], [-119.80525, 42.71748], [-119.80525, 42.71748], [-119.80525, 42.71748], [-119.80029, 42.71748], [-119.79532, 42.71747], [-119.79532, 42.71747]]]}}, {"type": "Feature", "properties": {"OBJECTID": 334767, "CSE_NAME": "SPECTRUM #1", "CSE_TYPE_NR": "384101", "CSE_NR": "OR101434494", "LEG_CSE_NR": "ORMC9153", "CSE_DISP": "Active", "RCRD_ACRS": 20.66}, "geometry": {"type": "Polygon", "coordinates": [[[-119.86484, 42.72453], [-119.85989, 42.72454], [-119.85493, 42.72455], [-119.85494, 42.72823], [-119.85494, 42.73191], [-119.855, 42.73558], [-119.85505, 42.73925], [-119.86003, 42.73925], [-119.86501, 42.73925], [-119.86996, 42.73924], [-119.87491, 42.73924], [-119.87482, 42.73556], [-119.87473, 42.73188], [-119.87472, 42.72819], [-119.8747, 42.72451], [-119.86977, 42.72452], [-119.86484, 42.72453]]]}}, {"type": "Feature", "properties": {"OBJECTID": 334768, "CSE_NAME": "SUN QUEEN #1", "CSE_TYPE_NR": "384101", "CSE_NR": "OR101431494", "LEG_CSE_NR": "ORMC9154", "CSE_DISP": "Active", "RCRD_ACRS": 20.66}, "geometry": {"type": "Polygon", "coordinates": [[[-119.86484, 42.72453], [-119.86486, 42.72821], [-119.86488, 42.73189], [-119.86494, 42.73557], [-119.86501, 42.73925], [-119.86996, 42.73924], [-119.87491, 42.73924], [-119.87482, 42.73556], [-119.87473, 42.73188], [-119.87472, 42.72819], [-119.8747, 42.72451], [-119.86977, 42.72452], [-119.86484, 42.72453]]]}}, {"type": "Feature", "properties": {"OBJECTID": 334769, "CSE_NAME": "SUN QUEEN #2", "CSE_TYPE_NR": "384101", "CSE_NR": "OR101481328", "LEG_CSE_NR": "ORMC9155", "CSE_DISP": "Active", "RCRD_ACRS": 20.66}, "geometry": {"type": "Polygon", "coordinates": [[[-119.86484, 42.72453], [-119.86486, 42.72821], [-119.86488, 42.73189], [-119.86621, 42.73189], [-119.86855, 42.73188], [-119.86981, 42.73188], [-119.87473, 42.73188], [-119.87472, 42.72819], [-119.8747, 42.72451], [-119.86977, 42.72452], [-119.86484, 42.72453]]]}}, {"type": "Feature", "properties": {"OBJECTID": 334770, "CSE_NAME": "CLAY-MATT #1", "CSE_TYPE_NR": "384101", "CSE_NR": "OR101334028", "LEG_CSE_NR": "ORMC9156", "CSE_DISP": "Active", "RCRD_ACRS": 20.66}, "geometry": {"type": "Polygon", "coordinates": [[[-119.86484, 42.72453], [-119.86486, 42.72821], [-119.86488, 42.73189], [-119.86621, 42.73189], [-119.86855, 42.73188], [-119.86981, 42.73188], [-119.87473, 42.73188], [-119.87472, 42.72819], [-119.8747, 42.72451], [-119.86977, 42.72452], [-119.86484, 42.72453]]]}}, {"type": "Feature", "properties": {"OBJECTID": 334771, "CSE_NAME": "CLAY-MATT #2", "CSE_TYPE_NR": "384101", "CSE_NR": "OR101483331", "LEG_CSE_NR": "ORMC9157", "CSE_DISP": "Active", "RCRD_ACRS": 20.66}, "geometry": {"type": "Polygon", "coordinates": [[[-119.86484, 42.72453], [-119.85989, 42.72454], [-119.85493, 42.72455], [-119.85494, 42.72823], [-119.85494, 42.73191], [-119.85991, 42.7319], [-119.86488, 42.73189], [-119.86621, 42.73189], [-119.86855, 42.73188], [-119.86981, 42.73188], [-119.87473, 42.73188], [-119.87472, 42.72819], [-119.8747, 42.72451], [-119.86977, 42.72452], [-119.86484, 42.72453]]]}}, {"type": "Feature", "properties": {"OBJECTID": 334772, "CSE_NAME": "LAST CHANCE", "CSE_TYPE_NR": "384101", "CSE_NR": "OR101433660", "LEG_CSE_NR": "ORMC9158", "CSE_DISP": "Active", "RCRD_ACRS": 20.66}, "geometry": {"type": "Polygon", "coordinates": [[[-119.87472, 42.70979], [-119.8698, 42.7098], [-119.86487, 42.70981], [-119.86484, 42.71349], [-119.86482, 42.71533], [-119.8648, 42.71717], [-119.86973, 42.71716], [-119.87466, 42.71715], [-119.87469, 42.71347], [-119.87472, 42.70979]]]}}, {"type": "Feature", "properties": {"OBJECTID": 334773, "CSE_NAME": "WORK-UM-HARD #1", "CSE_TYPE_NR": "384101", "CSE_NR": "OR101430871", "LEG_CSE_NR": "ORMC9159", "CSE_DISP": "Active", "RCRD_ACRS": 20.66}, "geometry": {"type": "Polygon", "coordinates": [[[-119.84504, 42.70988], [-119.84504, 42.7062], [-119.84505, 42.70253], [-119.84008, 42.70256], [-119.83511, 42.7026], [-119.83511, 42.70628], [-119.83512, 42.70812], [-119.83512, 42.70996], [-119.84008, 42.70992], [-119.84504, 42.70988]]]}}, {"type": "Feature", "properties": {"OBJECTID": 334774, "CSE_NAME": "WORK-UM-HARD #2", "CSE_TYPE_NR": "384101", "CSE_NR": "OR101484540", "LEG_CSE_NR": "ORMC9160", "CSE_DISP": "Active", "RCRD_ACRS": 20.66}, "geometry": {"type": "Polygon", "coordinates": [[[-119.83512, 42.70996], [-119.83513, 42.71364], [-119.83513, 42.71733], [-119.84009, 42.71728], [-119.84504, 42.71723], [-119.84504, 42.71539], [-119.84504, 42.71355], [-119.84504, 42.70988], [-119.84504, 42.7062], [-119.84505, 42.70253], [-119.84008, 42.70256], [-119.83511, 42.7026], [-119.83511, 42.70628], [-119.83512, 42.70812], [-119.83512, 42.70996]]]}}, {"type": "Feature", "properties": {"OBJECTID": 334775, "CSE_NAME": "WORK UM HARD #3", "CSE_TYPE_NR": "384101", "CSE_NR": "OR101375201", "LEG_CSE_NR": "ORMC9161", "CSE_DISP": "Active", "RCRD_ACRS": 20.66}, "geometry": {"type": "Polygon", "coordinates": [[[-119.82516, 42.72483], [-119.82512, 42.72853], [-119.82509, 42.73223], [-119.83007, 42.73215], [-119.83505, 42.73208], [-119.83507, 42.72839], [-119.83509, 42.7247], [-119.83012, 42.72477], [-119.82516, 42.72483]]]}}, {"type": "Feature", "properties": {"OBJECTID": 334776, "CSE_NAME": "WORK-UM-HARD #5", "CSE_TYPE_NR": "384101", "CSE_NR": "OR101482802", "LEG_CSE_NR": "ORMC9163", "CSE_DISP": "Active", "RCRD_ACRS": 20.66}, "geometry": {"type": "Polygon", "coordinates": [[[-119.84504, 42.70988], [-119.84504, 42.7062], [-119.84505, 42.70253], [-119.84008, 42.70256], [-119.83511, 42.7026], [-119.83511, 42.70628], [-119.83512, 42.70812], [-119.83512, 42.70996], [-119.84008, 42.70992], [-119.84504, 42.70988]]]}}, {"type": "Feature", "properties": {"OBJECTID": 334777, "CSE_NAME": "WORK-UM-HARD #6", "CSE_TYPE_NR": "384101", "CSE_NR": "OR101432255", "LEG_CSE_NR": "ORMC9164", "CSE_DISP": "Active", "RCRD_ACRS": 20.66}, "geometry": {"type": "Polygon", "coordinates": [[[-119.83512, 42.70996], [-119.83513, 42.71364], [-119.83513, 42.71733], [-119.84009, 42.71728], [-119.84504, 42.71723], [-119.84504, 42.71539], [-119.84504, 42.71355], [-119.84504, 42.70988], [-119.84504, 42.7062], [-119.84505, 42.70253], [-119.84008, 42.70256], [-119.83511, 42.7026], [-119.83511, 42.70628], [-119.83512, 42.70812], [-119.83512, 42.70996]]]}}, {"type": "Feature", "properties": {"OBJECTID": 372503, "CSE_NAME": "Red Rose #1", "CSE_TYPE_NR": "384101", "CSE_NR": "OR106303011", "CSE_DISP": "Active", "RCRD_ACRS": 20.66}, "geometry": {"type": "Polygon", "coordinates": [[[-119.81514, 42.70272], [-119.81018, 42.70273], [-119.80521, 42.70275], [-119.80522, 42.70644], [-119.80524, 42.71012], [-119.80525, 42.7138], [-119.80526, 42.71749], [-119.80775, 42.71748], [-119.81024, 42.71747], [-119.81523, 42.71746], [-119.82021, 42.71745], [-119.82523, 42.71743], [-119.82522, 42.71374], [-119.82522, 42.71189], [-119.82522, 42.71004], [-119.82519, 42.70636], [-119.82517, 42.70268], [-119.82011, 42.7027], [-119.81514, 42.70272]]]}}, {"type": "Feature", "properties": {"OBJECTID": 372504, "CSE_NAME": "Red Rose #2", "CSE_TYPE_NR": "384101", "CSE_NR": "OR106303012", "CSE_DISP": "Active", "RCRD_ACRS": 20.66}, "geometry": {"type": "Polygon", "coordinates": [[[-119.81514, 42.70272], [-119.81018, 42.70273], [-119.80521, 42.70275], [-119.80522, 42.70644], [-119.80524, 42.71012], [-119.80525, 42.7138], [-119.80526, 42.71749], [-119.80775, 42.71748], [-119.81024, 42.71747], [-119.81523, 42.71746], [-119.82021, 42.71745], [-119.82523, 42.71743], [-119.82522, 42.71374], [-119.82522, 42.71189], [-119.82522, 42.71004], [-119.82519, 42.70636], [-119.82517, 42.70268], [-119.82011, 42.7027], [-119.81514, 42.70272]]]}}, {"type": "Feature", "properties": {"OBJECTID": 380143, "CSE_NAME": "Kings Crown", "CSE_TYPE_NR": "384101", "CSE_NR": "OR105801771", "CSE_DISP": "Active", "RCRD_ACRS": 20.66}, "geometry": {"type": "Polygon", "coordinates": [[[-119.84504, 42.71355], [-119.84504, 42.70988], [-119.84008, 42.70992], [-119.83512, 42.70996], [-119.83513, 42.71364], [-119.83513, 42.71733], [-119.84009, 42.71728], [-119.84504, 42.71723], [-119.84504, 42.71539], [-119.84504, 42.71355]]]}}, {"type": "Feature", "properties": {"OBJECTID": 382245, "CSE_NAME": "Pink Lizzard 3", "CSE_TYPE_NR": "384101", "CSE_NR": "OR105823176", "CSE_DISP": "Active", "RCRD_ACRS": 160}, "geometry": {"type": "Polygon", "coordinates": [[[-119.80025, 42.72117], [-119.80521, 42.72117], [-119.80524, 42.71933], [-119.80526, 42.71749], [-119.8003, 42.71748], [-119.80025, 42.72117]]]}}, {"type": "Feature", "properties": {"OBJECTID": 388683, "CSE_NAME": "Work-Um-Hard #4", "CSE_TYPE_NR": "384101", "CSE_NR": "OR106319328", "CSE_DISP": "Active", "RCRD_ACRS": 160}, "geometry": {"type": "Polygon", "coordinates": [[[-119.83507, 42.72839], [-119.83509, 42.7247], [-119.83012, 42.72477], [-119.82516, 42.72483], [-119.82512, 42.72853], [-119.82509, 42.73223], [-119.83007, 42.73215], [-119.83505, 42.73208], [-119.83507, 42.72839]]]}}, {"type": "Feature", "properties": {"OBJECTID": 389862, "CSE_NAME": "Sunrise #2", "CSE_TYPE_NR": "384101", "CSE_NR": "OR106322358", "CSE_DISP": "Active", "RCRD_ACRS": 160}, "geometry": {"type": "Polygon", "coordinates": [[[-119.80516, 42.72486], [-119.80514, 42.7267], [-119.80511, 42.72854], [-119.80506, 42.73223], [-119.81004, 42.73223], [-119.81501, 42.73223], [-119.81506, 42.72854], [-119.81512, 42.72484], [-119.81014, 42.72485], [-119.80765, 42.72485], [-119.80516, 42.72486]]]}}, {"type": "Feature", "properties": {"OBJECTID": 496707, "CSE_NAME": "OSG 30", "CSE_TYPE_NR": "384201", "CSE_NR": "OR101435103", "LEG_CSE_NR": "ORMC150086", "CSE_DISP": "Active", "RCRD_ACRS": 7.58}, "geometry": {"type": "Polygon", "coordinates": [[[-119.86487, 42.70981], [-119.8624, 42.70982], [-119.85992, 42.70983], [-119.85496, 42.70985], [-119.85494, 42.71352], [-119.85492, 42.7172], [-119.85986, 42.71718], [-119.86233, 42.71718], [-119.8648, 42.71717], [-119.86482, 42.71533], [-119.86484, 42.71349], [-119.86487, 42.70981]]]}}, {"type": "Feature", "properties": {"OBJECTID": 496708, "CSE_NAME": "OSG 39", "CSE_TYPE_NR": "384201", "CSE_NR": "OR101430618", "LEG_CSE_NR": "ORMC150087", "CSE_DISP": "Active", "RCRD_ACRS": 20}, "geometry": {"type": "Polygon", "coordinates": [[[-119.87969, 42.70241], [-119.87608, 42.70242], [-119.87478, 42.70242], [-119.87475, 42.70611], [-119.87472, 42.70979], [-119.87964, 42.70977], [-119.88456, 42.70976], [-119.88458, 42.70607], [-119.88461, 42.70239], [-119.87969, 42.70241]]]}}, {"type": "Feature", "properties": {"OBJECTID": 496709, "CSE_NAME": "OSG 40", "CSE_TYPE_NR": "384201", "CSE_NR": "OR101434084", "LEG_CSE_NR": "ORMC150088", "CSE_DISP": "Active", "RCRD_ACRS": 20}, "geometry": {"type": "Polygon", "coordinates": [[[-119.87969, 42.70241], [-119.87608, 42.70242], [-119.87478, 42.70242], [-119.87475, 42.70611], [-119.87472, 42.70979], [-119.87964, 42.70977], [-119.88456, 42.70976], [-119.88458, 42.70607], [-119.88461, 42.70239], [-119.87969, 42.70241]]]}}, {"type": "Feature", "properties": {"OBJECTID": 496710, "CSE_NAME": "OSG 41", "CSE_TYPE_NR": "384201", "CSE_NR": "OR101480898", "LEG_CSE_NR": "ORMC150089", "CSE_DISP": "Active", "RCRD_ACRS": 20}, "geometry": {"type": "Polygon", "coordinates": [[[-119.8698, 42.7098], [-119.87472, 42.70979], [-119.87475, 42.70611], [-119.87478, 42.70242], [-119.86986, 42.70244], [-119.86495, 42.70246], [-119.86491, 42.70614], [-119.86489, 42.70797], [-119.86487, 42.70981], [-119.8698, 42.7098]]]}}, {"type": "Feature", "properties": {"OBJECTID": 496711, "CSE_NAME": "OSG 42", "CSE_TYPE_NR": "384201", "CSE_NR": "OR101481627", "LEG_CSE_NR": "ORMC150090", "CSE_DISP": "Active", "RCRD_ACRS": 20}, "geometry": {"type": "Polygon", "coordinates": [[[-119.8698, 42.7098], [-119.87472, 42.70979], [-119.87475, 42.70611], [-119.87478, 42.70242], [-119.86986, 42.70244], [-119.86495, 42.70246], [-119.86491, 42.70614], [-119.86489, 42.70797], [-119.86487, 42.70981], [-119.8698, 42.7098]]]}}, {"type": "Feature", "properties": {"OBJECTID": 496712, "CSE_NAME": "OSG 43", "CSE_TYPE_NR": "384201", "CSE_NR": "OR101334801", "LEG_CSE_NR": "ORMC150091", "CSE_DISP": "Active", "RCRD_ACRS": 20}, "geometry": {"type": "Polygon", "coordinates": [[[-119.8698, 42.7098], [-119.87472, 42.70979], [-119.87475, 42.70611], [-119.87478, 42.70242], [-119.86986, 42.70244], [-119.86495, 42.70246], [-119.86491, 42.70614], [-119.86489, 42.70797], [-119.86487, 42.70981], [-119.8698, 42.7098]]]}}, {"type": "Feature", "properties": {"OBJECTID": 496713, "CSE_NAME": "OSG 44", "CSE_TYPE_NR": "384201", "CSE_NR": "OR101434733", "LEG_CSE_NR": "ORMC150092", "CSE_DISP": "Active", "RCRD_ACRS": 20}, "geometry": {"type": "Polygon", "coordinates": [[[-119.8698, 42.7098], [-119.87472, 42.70979], [-119.87475, 42.70611], [-119.87478, 42.70242], [-119.86986, 42.70244], [-119.86495, 42.70246], [-119.86491, 42.70614], [-119.86489, 42.70797], [-119.86487, 42.70981], [-119.8698, 42.7098]]]}}, {"type": "Feature", "properties": {"OBJECTID": 496714, "CSE_NAME": "OSG 45", "CSE_TYPE_NR": "384201", "CSE_NR": "OR101481149", "LEG_CSE_NR": "ORMC150093", "CSE_DISP": "Active", "RCRD_ACRS": 20}, "geometry": {"type": "Polygon", "coordinates": [[[-119.85997, 42.70247], [-119.855, 42.70249], [-119.85498, 42.70617], [-119.85496, 42.70985], [-119.85992, 42.70983], [-119.8624, 42.70982], [-119.86487, 42.70981], [-119.86489, 42.70797], [-119.86491, 42.70614], [-119.86495, 42.70246], [-119.85997, 42.70247]]]}}, {"type": "Feature", "properties": {"OBJECTID": 496715, "CSE_NAME": "OSG 46", "CSE_TYPE_NR": "384201", "CSE_NR": "OR101433001", "LEG_CSE_NR": "ORMC150094", "CSE_DISP": "Active", "RCRD_ACRS": 20}, "geometry": {"type": "Polygon", "coordinates": [[[-119.85997, 42.70247], [-119.855, 42.70249], [-119.85498, 42.70617], [-119.85496, 42.70985], [-119.85992, 42.70983], [-119.8624, 42.70982], [-119.86487, 42.70981], [-119.86489, 42.70797], [-119.86491, 42.70614], [-119.86495, 42.70246], [-119.85997, 42.70247]]]}}, {"type": "Feature", "properties": {"OBJECTID": 496716, "CSE_NAME": "OSG 47", "CSE_TYPE_NR": "384201", "CSE_NR": "OR101484119", "LEG_CSE_NR": "ORMC150095", "CSE_DISP": "Active", "RCRD_ACRS": 20}, "geometry": {"type": "Polygon", "coordinates": [[[-119.87473, 42.69874], [-119.87469, 42.69506], [-119.86976, 42.69508], [-119.86483, 42.6951], [-119.86489, 42.69878], [-119.86495, 42.70246], [-119.86986, 42.70244], [-119.87478, 42.70242], [-119.87473, 42.69874]]]}}, {"type": "Feature", "properties": {"OBJECTID": 496717, "CSE_NAME": "OSG 48", "CSE_TYPE_NR": "384201", "CSE_NR": "OR101431658", "LEG_CSE_NR": "ORMC150096", "CSE_DISP": "Active", "RCRD_ACRS": 20}, "geometry": {"type": "Polygon", "coordinates": [[[-119.87473, 42.69874], [-119.87469, 42.69506], [-119.86976, 42.69508], [-119.86483, 42.6951], [-119.86489, 42.69878], [-119.86495, 42.70246], [-119.86986, 42.70244], [-119.87478, 42.70242], [-119.87473, 42.69874]]]}}, {"type": "Feature", "properties": {"OBJECTID": 496718, "CSE_NAME": "OSG 49", "CSE_TYPE_NR": "384201", "CSE_NR": "OR101482443", "LEG_CSE_NR": "ORMC150097", "CSE_DISP": "Active", "RCRD_ACRS": 20}, "geometry": {"type": "Polygon", "coordinates": [[[-119.87473, 42.69874], [-119.87469, 42.69506], [-119.86976, 42.69508], [-119.86483, 42.6951], [-119.86489, 42.69878], [-119.86495, 42.70246], [-119.86986, 42.70244], [-119.87478, 42.70242], [-119.87473, 42.69874]]]}}, {"type": "Feature", "properties": {"OBJECTID": 496719, "CSE_NAME": "OSG 50", "CSE_TYPE_NR": "384201", "CSE_NR": "OR101430854", "LEG_CSE_NR": "ORMC150098", "CSE_DISP": "Active", "RCRD_ACRS": 20}, "geometry": {"type": "Polygon", "coordinates": [[[-119.87473, 42.69874], [-119.87469, 42.69506], [-119.86976, 42.69508], [-119.86483, 42.6951], [-119.86489, 42.69878], [-119.86495, 42.70246], [-119.86986, 42.70244], [-119.87478, 42.70242], [-119.87473, 42.69874]]]}}, {"type": "Feature", "properties": {"OBJECTID": 496720, "CSE_NAME": "OSG 108", "CSE_TYPE_NR": "384201", "CSE_NR": "OR101485127", "LEG_CSE_NR": "ORMC150103", "CSE_DISP": "Active", "RCRD_ACRS": 20.74}, "geometry": {"type": "Polygon", "coordinates": [[[-119.82513, 42.75065], [-119.82513, 42.7499], [-119.82511, 42.74701], [-119.81999, 42.74701], [-119.81502, 42.74701], [-119.81504, 42.75064], [-119.81505, 42.75427], [-119.82, 42.75428], [-119.82514, 42.7543], [-119.82513, 42.75069], [-119.82513, 42.75067], [-119.82513, 42.75065]]]}}, {"type": "Feature", "properties": {"OBJECTID": 496721, "CSE_NAME": "OSG 109", "CSE_TYPE_NR": "384201", "CSE_NR": "OR101433757", "LEG_CSE_NR": "ORMC150104", "CSE_DISP": "Active", "RCRD_ACRS": 20.78}, "geometry": {"type": "Polygon", "coordinates": [[[-119.82513, 42.75065], [-119.82513, 42.7499], [-119.82511, 42.74701], [-119.81999, 42.74701], [-119.81502, 42.74701], [-119.81504, 42.75064], [-119.81505, 42.75427], [-119.82, 42.75428], [-119.82514, 42.7543], [-119.82513, 42.75069], [-119.82513, 42.75067], [-119.82513, 42.75065]]]}}, {"type": "Feature", "properties": {"OBJECTID": 496722, "CSE_NAME": "OSG 110", "CSE_TYPE_NR": "384201", "CSE_NR": "OR101484672", "LEG_CSE_NR": "ORMC150105", "CSE_DISP": "Active", "RCRD_ACRS": 20.74}, "geometry": {"type": "Polygon", "coordinates": [[[-119.82513, 42.75065], [-119.82513, 42.7499], [-119.82511, 42.74701], [-119.81999, 42.74701], [-119.81502, 42.74701], [-119.81504, 42.75064], [-119.81505, 42.75427], [-119.82, 42.75428], [-119.82514, 42.7543], [-119.82513, 42.75069], [-119.82513, 42.75067], [-119.82513, 42.75065]]]}}, {"type": "Feature", "properties": {"OBJECTID": 496723, "CSE_NAME": "OSG 111", "CSE_TYPE_NR": "384201", "CSE_NR": "OR101431920", "LEG_CSE_NR": "ORMC150106", "CSE_DISP": "Active", "RCRD_ACRS": 20.78}, "geometry": {"type": "Polygon", "coordinates": [[[-119.82513, 42.75065], [-119.82513, 42.7499], [-119.82511, 42.74701], [-119.81999, 42.74701], [-119.81502, 42.74701], [-119.81504, 42.75064], [-119.81505, 42.75427], [-119.82, 42.75428], [-119.82514, 42.7543], [-119.82513, 42.75069], [-119.82513, 42.75067], [-119.82513, 42.75065]]]}}, {"type": "Feature", "properties": {"OBJECTID": 496724, "CSE_NAME": "OSG 112", "CSE_TYPE_NR": "384201", "CSE_NR": "OR101483183", "LEG_CSE_NR": "ORMC150107", "CSE_DISP": "Active", "RCRD_ACRS": 20}, "geometry": {"type": "Polygon", "coordinates": [[[-119.82513, 42.75065], [-119.82513, 42.7499], [-119.82511, 42.74701], [-119.81999, 42.74701], [-119.81502, 42.74701], [-119.81504, 42.75064], [-119.81505, 42.75427], [-119.82, 42.75428], [-119.82514, 42.7543], [-119.82513, 42.75069], [-119.82513, 42.75067], [-119.82513, 42.75065]]]}}, {"type": "Feature", "properties": {"OBJECTID": 496725, "CSE_NAME": "OSG 113", "CSE_TYPE_NR": "384201", "CSE_NR": "OR101430907", "LEG_CSE_NR": "ORMC150108", "CSE_DISP": "Active", "RCRD_ACRS": 20}, "geometry": {"type": "Polygon", "coordinates": [[[-119.82513, 42.75065], [-119.82513, 42.7499], [-119.82511, 42.74701], [-119.81999, 42.74701], [-119.81502, 42.74701], [-119.81504, 42.75064], [-119.81505, 42.75427], [-119.82, 42.75428], [-119.82514, 42.7543], [-119.82513, 42.75069], [-119.82513, 42.75067], [-119.82513, 42.75065]]]}}, {"type": "Feature", "properties": {"OBJECTID": 496726, "CSE_NAME": "OSG 114", "CSE_TYPE_NR": "384201", "CSE_NR": "OR101435083", "LEG_CSE_NR": "ORMC150109", "CSE_DISP": "Active", "RCRD_ACRS": 20}, "geometry": {"type": "Polygon", "coordinates": [[[-119.82513, 42.75065], [-119.82513, 42.7499], [-119.82511, 42.74701], [-119.81999, 42.74701], [-119.81502, 42.74701], [-119.81504, 42.75064], [-119.81505, 42.75427], [-119.82, 42.75428], [-119.82514, 42.7543], [-119.82513, 42.75069], [-119.82513, 42.75067], [-119.82513, 42.75065]]]}}, {"type": "Feature", "properties": {"OBJECTID": 496727, "CSE_NAME": "OSG 115", "CSE_TYPE_NR": "384201", "CSE_NR": "OR101432490", "LEG_CSE_NR": "ORMC150110", "CSE_DISP": "Active", "RCRD_ACRS": 20}, "geometry": {"type": "Polygon", "coordinates": [[[-119.82513, 42.75065], [-119.82513, 42.7499], [-119.82511, 42.74701], [-119.81999, 42.74701], [-119.81502, 42.74701], [-119.81504, 42.75064], [-119.81505, 42.75427], [-119.82, 42.75428], [-119.82514, 42.7543], [-119.82513, 42.75069], [-119.82513, 42.75067], [-119.82513, 42.75065]]]}}, {"type": "Feature", "properties": {"OBJECTID": 496728, "CSE_NAME": "OSG 116", "CSE_TYPE_NR": "384201", "CSE_NR": "OR101484404", "LEG_CSE_NR": "ORMC150111", "CSE_DISP": "Active", "RCRD_ACRS": 20}, "geometry": {"type": "Polygon", "coordinates": [[[-119.81502, 42.74701], [-119.81006, 42.74698], [-119.8051, 42.74695], [-119.80512, 42.7499], [-119.80512, 42.7506], [-119.80515, 42.75424], [-119.8101, 42.75425], [-119.81505, 42.75427], [-119.81504, 42.75064], [-119.81502, 42.74701]]]}}, {"type": "Feature", "properties": {"OBJECTID": 496729, "CSE_NAME": "OSG 117", "CSE_TYPE_NR": "384201", "CSE_NR": "OR101431490", "LEG_CSE_NR": "ORMC150112", "CSE_DISP": "Active", "RCRD_ACRS": 20}, "geometry": {"type": "Polygon", "coordinates": [[[-119.81502, 42.74701], [-119.81006, 42.74698], [-119.8051, 42.74695], [-119.80512, 42.7499], [-119.80512, 42.7506], [-119.80515, 42.75424], [-119.8101, 42.75425], [-119.81505, 42.75427], [-119.81504, 42.75064], [-119.81502, 42.74701]]]}}, {"type": "Feature", "properties": {"OBJECTID": 496730, "CSE_NAME": "OSG 118", "CSE_TYPE_NR": "384201", "CSE_NR": "OR101482803", "LEG_CSE_NR": "ORMC150113", "CSE_DISP": "Active", "RCRD_ACRS": 20}, "geometry": {"type": "Polygon", "coordinates": [[[-119.81502, 42.74701], [-119.81006, 42.74698], [-119.8051, 42.74695], [-119.80512, 42.7499], [-119.80512, 42.7506], [-119.80515, 42.75424], [-119.8101, 42.75425], [-119.81505, 42.75427], [-119.81504, 42.75064], [-119.81502, 42.74701]]]}}, {"type": "Feature", "properties": {"OBJECTID": 496731, "CSE_NAME": "OSG 119", "CSE_TYPE_NR": "384201", "CSE_NR": "OR101430817", "LEG_CSE_NR": "ORMC150114", "CSE_DISP": "Active", "RCRD_ACRS": 20}, "geometry": {"type": "Polygon", "coordinates": [[[-119.81502, 42.74701], [-119.81006, 42.74698], [-119.8051, 42.74695], [-119.80512, 42.7499], [-119.80512, 42.7506], [-119.80515, 42.75424], [-119.8101, 42.75425], [-119.81505, 42.75427], [-119.81504, 42.75064], [-119.81502, 42.74701]]]}}, {"type": "Feature", "properties": {"OBJECTID": 496732, "CSE_NAME": "WAMPUM #1", "CSE_TYPE_NR": "384201", "CSE_NR": "OR101434315", "LEG_CSE_NR": "ORMC150115", "CSE_DISP": "Active", "RCRD_ACRS": 80}, "geometry": {"type": "Polygon", "coordinates": [[[-119.81501, 42.7396], [-119.81502, 42.74331], [-119.81502, 42.74701], [-119.81999, 42.74701], [-119.82511, 42.74701], [-119.82512, 42.74331], [-119.82513, 42.73961], [-119.82001, 42.73961], [-119.82, 42.73961], [-119.81501, 42.7396]]]}}, {"type": "Feature", "properties": {"OBJECTID": 496733, "CSE_NAME": "WAMPUM #2", "CSE_TYPE_NR": "384201", "CSE_NR": "OR101480900", "LEG_CSE_NR": "ORMC150116", "CSE_DISP": "Active", "RCRD_ACRS": 80}, "geometry": {"type": "Polygon", "coordinates": [[[-119.81501, 42.7396], [-119.81502, 42.74331], [-119.81502, 42.74701], [-119.81999, 42.74701], [-119.82511, 42.74701], [-119.82512, 42.74331], [-119.82513, 42.73961], [-119.82001, 42.73961], [-119.82, 42.73961], [-119.81501, 42.7396]]]}}, {"type": "Feature", "properties": {"OBJECTID": 496734, "CSE_NAME": "WAMPUM #3", "CSE_TYPE_NR": "384201", "CSE_NR": "OR101430599", "LEG_CSE_NR": "ORMC150117", "CSE_DISP": "Active", "RCRD_ACRS": 80}, "geometry": {"type": "Polygon", "coordinates": [[[-119.82511, 42.73592], [-119.82509, 42.73223], [-119.81998, 42.73223], [-119.81501, 42.73223], [-119.81501, 42.73592], [-119.81501, 42.7396], [-119.82, 42.73961], [-119.82001, 42.73961], [-119.82513, 42.73961], [-119.82511, 42.73592]]]}}, {"type": "Feature", "properties": {"OBJECTID": 496735, "CSE_NAME": "WAMPUM #4", "CSE_TYPE_NR": "384201", "CSE_NR": "OR101484025", "LEG_CSE_NR": "ORMC150118", "CSE_DISP": "Active", "RCRD_ACRS": 63.33}, "geometry": {"type": "Polygon", "coordinates": [[[-119.82511, 42.73592], [-119.82509, 42.73223], [-119.81998, 42.73223], [-119.81501, 42.73223], [-119.81501, 42.73592], [-119.81501, 42.7396], [-119.82, 42.73961], [-119.82001, 42.73961], [-119.82513, 42.73961], [-119.82511, 42.73592]]]}}, {"type": "Feature", "properties": {"OBJECTID": 496736, "CSE_NAME": "WAMPUM #5", "CSE_TYPE_NR": "384201", "CSE_NR": "OR101431458", "LEG_CSE_NR": "ORMC150119", "CSE_DISP": "Active", "RCRD_ACRS": 79.81}, "geometry": {"type": "Polygon", "coordinates": [[[-119.81502, 42.74331], [-119.81501, 42.7396], [-119.81005, 42.7396], [-119.80508, 42.7396], [-119.80509, 42.74329], [-119.8051, 42.74695], [-119.81006, 42.74698], [-119.81502, 42.74701], [-119.81502, 42.74331]]]}}, {"type": "Feature", "properties": {"OBJECTID": 496737, "CSE_NAME": "WAMPUM #6", "CSE_TYPE_NR": "384201", "CSE_NR": "OR101481866", "LEG_CSE_NR": "ORMC150120", "CSE_DISP": "Active", "RCRD_ACRS": 80}, "geometry": {"type": "Polygon", "coordinates": [[[-119.81502, 42.74331], [-119.81501, 42.7396], [-119.81005, 42.7396], [-119.80508, 42.7396], [-119.80509, 42.74329], [-119.8051, 42.74695], [-119.81006, 42.74698], [-119.81502, 42.74701], [-119.81502, 42.74331]]]}}, {"type": "Feature", "properties": {"OBJECTID": 496738, "CSE_NAME": "WAMPUM #7", "CSE_TYPE_NR": "384201", "CSE_NR": "OR101431442", "LEG_CSE_NR": "ORMC150121", "CSE_DISP": "Active", "RCRD_ACRS": 80}, "geometry": {"type": "Polygon", "coordinates": [[[-119.81004, 42.73223], [-119.80506, 42.73223], [-119.80507, 42.73592], [-119.80508, 42.7396], [-119.81005, 42.7396], [-119.81501, 42.7396], [-119.81501, 42.73592], [-119.81501, 42.73223], [-119.81004, 42.73223]]]}}, {"type": "Feature", "properties": {"OBJECTID": 496739, "CSE_NAME": "WAMPUM #8", "CSE_TYPE_NR": "384201", "CSE_NR": "OR101434540", "LEG_CSE_NR": "ORMC150122", "CSE_DISP": "Active", "RCRD_ACRS": 80}, "geometry": {"type": "Polygon", "coordinates": [[[-119.81004, 42.73223], [-119.80506, 42.73223], [-119.80507, 42.73592], [-119.80508, 42.7396], [-119.81005, 42.7396], [-119.81501, 42.7396], [-119.81501, 42.73592], [-119.81501, 42.73223], [-119.81004, 42.73223]]]}}, {"type": "Feature", "properties": {"OBJECTID": 496740, "CSE_NAME": "BRIDGET #1", "CSE_TYPE_NR": "384201", "CSE_NR": "OR101482094", "LEG_CSE_NR": "ORMC150123", "CSE_DISP": "Active", "RCRD_ACRS": 20}, "geometry": {"type": "Polygon", "coordinates": [[[-119.83017, 42.71], [-119.82769, 42.71002], [-119.82522, 42.71004], [-119.82522, 42.71189], [-119.82522, 42.71374], [-119.82523, 42.71743], [-119.83018, 42.71738], [-119.83513, 42.71733], [-119.83513, 42.71364], [-119.83512, 42.70996], [-119.83264, 42.70998], [-119.83017, 42.71]]]}}, {"type": "Feature", "properties": {"OBJECTID": 496741, "CSE_NAME": "GREG #1", "CSE_TYPE_NR": "384201", "CSE_NR": "OR101434231", "LEG_CSE_NR": "ORMC150124", "CSE_DISP": "Active", "RCRD_ACRS": 20}, "geometry": {"type": "Polygon", "coordinates": [[[-119.82522, 42.71189], [-119.82522, 42.71004], [-119.82017, 42.71006], [-119.82017, 42.71006], [-119.81518, 42.71008], [-119.8152, 42.71377], [-119.81523, 42.71746], [-119.82021, 42.71745], [-119.82523, 42.71743], [-119.82522, 42.71374], [-119.82522, 42.71189]]]}}, {"type": "Feature", "properties": {"OBJECTID": 496742, "CSE_NAME": "TREVOR #1", "CSE_TYPE_NR": "384201", "CSE_NR": "OR101484277", "LEG_CSE_NR": "ORMC150125", "CSE_DISP": "Active", "RCRD_ACRS": 20}, "geometry": {"type": "Polygon", "coordinates": [[[-119.83017, 42.71], [-119.82769, 42.71002], [-119.82522, 42.71004], [-119.82522, 42.71189], [-119.82522, 42.71374], [-119.82523, 42.71743], [-119.83018, 42.71738], [-119.83513, 42.71733], [-119.83513, 42.71364], [-119.83512, 42.70996], [-119.83264, 42.70998], [-119.83017, 42.71]]]}}, {"type": "Feature", "properties": {"OBJECTID": 496743, "CSE_NAME": "TERRA #1", "CSE_TYPE_NR": "384201", "CSE_NR": "OR101431504", "LEG_CSE_NR": "ORMC150126", "CSE_DISP": "Active", "RCRD_ACRS": 20}, "geometry": {"type": "Polygon", "coordinates": [[[-119.82522, 42.71189], [-119.82522, 42.71004], [-119.82017, 42.71006], [-119.82017, 42.71006], [-119.81518, 42.71008], [-119.8152, 42.71377], [-119.81523, 42.71746], [-119.82021, 42.71745], [-119.82523, 42.71743], [-119.82522, 42.71374], [-119.82522, 42.71189]]]}}, {"type": "Feature", "properties": {"OBJECTID": 496744, "CSE_NAME": "CHRIS L #1", "CSE_TYPE_NR": "384201", "CSE_NR": "OR101482724", "LEG_CSE_NR": "ORMC150127", "CSE_DISP": "Active", "RCRD_ACRS": 20}, "geometry": {"type": "Polygon", "coordinates": [[[-119.82522, 42.71189], [-119.82522, 42.71004], [-119.82017, 42.71006], [-119.82017, 42.71006], [-119.81518, 42.71008], [-119.8152, 42.71377], [-119.81523, 42.71746], [-119.82021, 42.71745], [-119.82523, 42.71743], [-119.82522, 42.71374], [-119.82522, 42.71189]]]}}, {"type": "Feature", "properties": {"OBJECTID": 496797, "CSE_NAME": "OSG P 28", "CSE_TYPE_NR": "384201", "CSE_NR": "OR101480792", "LEG_CSE_NR": "ORMC152273", "CSE_DISP": "Active", "RCRD_ACRS": 20}, "geometry": {"type": "Polygon", "coordinates": [[[-119.85516, 42.75034], [-119.85517, 42.74664], [-119.85016, 42.74665], [-119.84516, 42.74666], [-119.84517, 42.7499], [-119.84517, 42.75037], [-119.84517, 42.75408], [-119.85016, 42.75406], [-119.85516, 42.75404], [-119.85516, 42.75034]]]}}, {"type": "Feature", "properties": {"OBJECTID": 496798, "CSE_NAME": "OSG P 29", "CSE_TYPE_NR": "384201", "CSE_NR": "OR101433194", "LEG_CSE_NR": "ORMC152274", "CSE_DISP": "Active", "RCRD_ACRS": 20}, "geometry": {"type": "Polygon", "coordinates": [[[-119.86514, 42.754], [-119.86515, 42.75032], [-119.86515, 42.74989], [-119.86515, 42.74663], [-119.86016, 42.74664], [-119.85517, 42.74664], [-119.85516, 42.75034], [-119.85516, 42.75404], [-119.86015, 42.75402], [-119.86514, 42.754]]]}}, {"type": "Feature", "properties": {"OBJECTID": 496799, "CSE_NAME": "OSG P 30", "CSE_TYPE_NR": "384201", "CSE_NR": "OR101484031", "LEG_CSE_NR": "ORMC152275", "CSE_DISP": "Active", "RCRD_ACRS": 20}, "geometry": {"type": "Polygon", "coordinates": [[[-119.86514, 42.754], [-119.86515, 42.75032], [-119.86515, 42.74989], [-119.86515, 42.74663], [-119.86016, 42.74664], [-119.85517, 42.74664], [-119.85516, 42.75034], [-119.85516, 42.75404], [-119.86015, 42.75402], [-119.86514, 42.754]]]}}, {"type": "Feature", "properties": {"OBJECTID": 496800, "CSE_NAME": "OSG P 31", "CSE_TYPE_NR": "384201", "CSE_NR": "OR101431462", "LEG_CSE_NR": "ORMC152276", "CSE_DISP": "Active", "RCRD_ACRS": 20}, "geometry": {"type": "Polygon", "coordinates": [[[-119.86514, 42.754], [-119.86515, 42.75032], [-119.86515, 42.74989], [-119.86515, 42.74663], [-119.86016, 42.74664], [-119.85517, 42.74664], [-119.85516, 42.75034], [-119.85516, 42.75404], [-119.86015, 42.75402], [-119.86514, 42.754]]]}}, {"type": "Feature", "properties": {"OBJECTID": 497079, "CSE_NAME": "DEEP MATRIX", "CSE_TYPE_NR": "384201", "CSE_NR": "OR101436608", "LEG_CSE_NR": "ORMC159783", "CSE_DISP": "Active", "RCRD_ACRS": 5}, "geometry": {"type": "Polygon", "coordinates": [[[-119.86487, 42.70981], [-119.86484, 42.71349], [-119.86482, 42.71533], [-119.8648, 42.71717], [-119.86973, 42.71716], [-119.87466, 42.71715], [-119.87469, 42.71347], [-119.87472, 42.70979], [-119.8698, 42.7098], [-119.86487, 42.70981]]]}}, {"type": "Feature", "properties": {"OBJECTID": 497080, "CSE_NAME": "MOVE THAT DRILL", "CSE_TYPE_NR": "384201", "CSE_NR": "OR101436609", "LEG_CSE_NR": "ORMC159785", "CSE_DISP": "Active", "RCRD_ACRS": 10}, "geometry": {"type": "Polygon", "coordinates": [[[-119.86487, 42.70981], [-119.8624, 42.70982], [-119.85992, 42.70983], [-119.85496, 42.70985], [-119.85494, 42.71352], [-119.85492, 42.7172], [-119.85986, 42.71718], [-119.86233, 42.71718], [-119.8648, 42.71717], [-119.86973, 42.71716], [-119.87466, 42.71715], [-119.87469, 42.71347], [-119.87472, 42.70979], [-119.8698, 42.7098], [-119.86487, 42.70981]]]}}, {"type": "Feature", "properties": {"OBJECTID": 497499, "CSE_NAME": "SPECTRUM MINE FREE", "CSE_TYPE_NR": "384201", "CSE_NR": "OR101746772", "LEG_CSE_NR": "ORMC169696", "CSE_DISP": "Active", "RCRD_ACRS": 20}, "geometry": {"type": "Polygon", "coordinates": [[[-119.84496, 42.69518], [-119.84001, 42.69521], [-119.83505, 42.69524], [-119.83508, 42.69892], [-119.83511, 42.7026], [-119.84008, 42.70256], [-119.84505, 42.70253], [-119.84502, 42.70069], [-119.845, 42.69885], [-119.84496, 42.69518]]]}}, {"type": "Feature", "properties": {"OBJECTID": 498994, "CSE_NAME": "BLUE SAGE", "CSE_TYPE_NR": "384201", "CSE_NR": "OR101483330", "LEG_CSE_NR": "ORMC64907", "CSE_DISP": "Active", "RCRD_ACRS": 111}, "geometry": {"type": "Polygon", "coordinates": [[[-119.82017, 42.71006], [-119.82017, 42.71006], [-119.81518, 42.71008], [-119.8152, 42.71377], [-119.81523, 42.71746], [-119.81517, 42.72115], [-119.81512, 42.72484], [-119.82009, 42.72484], [-119.82009, 42.72484], [-119.82516, 42.72483], [-119.82519, 42.72113], [-119.82523, 42.71743], [-119.82522, 42.71374], [-119.82522, 42.71189], [-119.82522, 42.71004], [-119.82017, 42.71006]]]}}, {"type": "Feature", "properties": {"OBJECTID": 530596, "CSE_NAME": "Sunstone #2", "CSE_TYPE_NR": "384101", "CSE_NR": "OR106695224", "CSE_DISP": "Active", "RCRD_ACRS": 40}, "geometry": {"type": "Polygon", "coordinates": [[[-119.82015, 42.72114], [-119.82018, 42.71929], [-119.81769, 42.7193], [-119.8152, 42.71931], [-119.81517, 42.72115], [-119.81766, 42.72115], [-119.82015, 42.72114]]]}}, {"type": "Feature", "properties": {"OBJECTID": 530597, "CSE_NAME": "Sunstone #1", "CSE_TYPE_NR": "384101", "CSE_NR": "OR106695223", "CSE_DISP": "Active", "RCRD_ACRS": 20.66}, "geometry": {"type": "Polygon", "coordinates": [[[-119.82021, 42.71745], [-119.81523, 42.71746], [-119.81024, 42.71747], [-119.80775, 42.71748], [-119.80526, 42.71749], [-119.80524, 42.71933], [-119.80521, 42.72117], [-119.80516, 42.72486], [-119.80514, 42.7267], [-119.80511, 42.72854], [-119.80506, 42.73223], [-119.81004, 42.73223], [-119.81501, 42.73223], [-119.81998, 42.73223], [-119.82509, 42.73223], [-119.82512, 42.72853], [-119.82516, 42.72483], [-119.82519, 42.72113], [-119.82523, 42.71743], [-119.82021, 42.71745]]]}}, {"type": "Feature", "properties": {"OBJECTID": 561454, "CSE_NAME": "Little Anna", "CSE_TYPE_NR": "384101", "CSE_NR": "OR106737580", "CSE_DISP": "Filed", "RCRD_ACRS": 20.66}, "geometry": {"type": "Polygon", "coordinates": [[[-119.85, 42.70986], [-119.84504, 42.70988], [-119.84504, 42.71355], [-119.84504, 42.71539], [-119.84504, 42.71723], [-119.84751, 42.71722], [-119.84998, 42.71721], [-119.85492, 42.7172], [-119.85494, 42.71352], [-119.85496, 42.70985], [-119.85, 42.70986]]]}}, {"type": "Feature", "properties": {"OBJECTID": 561455, "CSE_NAME": "Meuler #1", "CSE_TYPE_NR": "384101", "CSE_NR": "OR106737581", "CSE_DISP": "Filed", "RCRD_ACRS": 20.66}, "geometry": {"type": "Polygon", "coordinates": [[[-119.8624, 42.70982], [-119.85992, 42.70983], [-119.85496, 42.70985], [-119.85494, 42.71352], [-119.85492, 42.7172], [-119.85986, 42.71718], [-119.86233, 42.71718], [-119.8648, 42.71717], [-119.86482, 42.71533], [-119.86484, 42.71349], [-119.86487, 42.70981], [-119.8624, 42.70982]]]}}, {"type": "Feature", "properties": {"OBJECTID": 561458, "CSE_NAME": "Seven Blankets", "CSE_TYPE_NR": "384101", "CSE_NR": "OR106737584", "CSE_DISP": "Filed", "RCRD_ACRS": 20.66}, "geometry": {"type": "Polygon", "coordinates": [[[-119.85, 42.70986], [-119.84504, 42.70988], [-119.84504, 42.71355], [-119.84504, 42.71539], [-119.84504, 42.71723], [-119.84751, 42.71722], [-119.84998, 42.71721], [-119.85492, 42.7172], [-119.85494, 42.71352], [-119.85496, 42.70985], [-119.85, 42.70986]]]}}, {"type": "Feature", "properties": {"OBJECTID": 561459, "CSE_NAME": "Sungem #1", "CSE_TYPE_NR": "384101", "CSE_NR": "OR106737585", "CSE_DISP": "Filed", "RCRD_ACRS": 20.66}, "geometry": {"type": "Polygon", "coordinates": [[[-119.85, 42.70986], [-119.84504, 42.70988], [-119.84504, 42.71355], [-119.84504, 42.71539], [-119.84504, 42.71723], [-119.84751, 42.71722], [-119.84998, 42.71721], [-119.85492, 42.7172], [-119.85494, 42.71352], [-119.85496, 42.70985], [-119.85, 42.70986]]]}}, {"type": "Feature", "properties": {"OBJECTID": 561461, "CSE_NAME": "Surprise #2", "CSE_TYPE_NR": "384101", "CSE_NR": "OR106737594", "CSE_DISP": "Filed", "RCRD_ACRS": 20.66}, "geometry": {"type": "MultiPolygon", "coordinates": [[[[-119.85498, 42.70617], [-119.855, 42.70249], [-119.85002, 42.70251], [-119.84753, 42.70252], [-119.84505, 42.70253], [-119.84504, 42.7062], [-119.84504, 42.70988], [-119.85, 42.70986], [-119.85496, 42.70985], [-119.85498, 42.70617]]], [[[-119.85496, 42.70985], [-119.85494, 42.71352], [-119.85492, 42.7172], [-119.85986, 42.71718], [-119.86233, 42.71718], [-119.8648, 42.71717], [-119.86482, 42.71533], [-119.86484, 42.71349], [-119.86487, 42.70981], [-119.8624, 42.70982], [-119.85992, 42.70983], [-119.85496, 42.70985]]]]}}, {"type": "Feature", "properties": {"OBJECTID": 561468, "CSE_NAME": "Dutch Love", "CSE_TYPE_NR": "384101", "CSE_NR": "OR106737573", "CSE_DISP": "Filed", "RCRD_ACRS": 20.66}, "geometry": {"type": "Polygon", "coordinates": [[[-119.85002, 42.70251], [-119.84753, 42.70252], [-119.84505, 42.70253], [-119.84504, 42.7062], [-119.84504, 42.70988], [-119.85, 42.70986], [-119.85496, 42.70985], [-119.85498, 42.70617], [-119.855, 42.70249], [-119.85002, 42.70251]]]}}, {"type": "Feature", "properties": {"OBJECTID": 561469, "CSE_NAME": "Kings Ransom #2", "CSE_TYPE_NR": "384101", "CSE_NR": "OR106737575", "CSE_DISP": "Filed", "RCRD_ACRS": 20.66}, "geometry": {"type": "Polygon", "coordinates": [[[-119.8624, 42.70982], [-119.85992, 42.70983], [-119.85496, 42.70985], [-119.85494, 42.71352], [-119.85492, 42.7172], [-119.85986, 42.71718], [-119.86233, 42.71718], [-119.8648, 42.71717], [-119.86482, 42.71533], [-119.86484, 42.71349], [-119.86487, 42.70981], [-119.8624, 42.70982]]]}}, {"type": "Feature", "properties": {"OBJECTID": 561474, "CSE_NAME": "Sungem #14", "CSE_TYPE_NR": "384101", "CSE_NR": "OR106737589", "CSE_DISP": "Filed", "RCRD_ACRS": 20.66}, "geometry": {"type": "Polygon", "coordinates": [[[-119.84008, 42.70256], [-119.83511, 42.7026], [-119.83511, 42.70628], [-119.83512, 42.70812], [-119.83512, 42.70996], [-119.84008, 42.70992], [-119.84504, 42.70988], [-119.84504, 42.7062], [-119.84505, 42.70253], [-119.84008, 42.70256]]]}}, {"type": "Feature", "properties": {"OBJECTID": 561478, "CSE_NAME": "Kings Ransom #1", "CSE_TYPE_NR": "384101", "CSE_NR": "OR106737574", "CSE_DISP": "Filed", "RCRD_ACRS": 20.66}, "geometry": {"type": "Polygon", "coordinates": [[[-119.8624, 42.70982], [-119.85992, 42.70983], [-119.85496, 42.70985], [-119.85494, 42.71352], [-119.85492, 42.7172], [-119.85986, 42.71718], [-119.86233, 42.71718], [-119.8648, 42.71717], [-119.86482, 42.71533], [-119.86484, 42.71349], [-119.86487, 42.70981], [-119.8624, 42.70982]]]}}, {"type": "Feature", "properties": {"OBJECTID": 561479, "CSE_NAME": "Kings Ransom #3", "CSE_TYPE_NR": "384101", "CSE_NR": "OR106737576", "CSE_DISP": "Filed", "RCRD_ACRS": 20.66}, "geometry": {"type": "Polygon", "coordinates": [[[-119.8624, 42.70982], [-119.85992, 42.70983], [-119.85496, 42.70985], [-119.85494, 42.71352], [-119.85492, 42.7172], [-119.85986, 42.71718], [-119.86233, 42.71718], [-119.8648, 42.71717], [-119.86482, 42.71533], [-119.86484, 42.71349], [-119.86487, 42.70981], [-119.8624, 42.70982]]]}}, {"type": "Feature", "properties": {"OBJECTID": 561486, "CSE_NAME": "Sungem #35", "CSE_TYPE_NR": "384101", "CSE_NR": "OR106737590", "CSE_DISP": "Filed", "RCRD_ACRS": 20.66}, "geometry": {"type": "Polygon", "coordinates": [[[-119.85, 42.70986], [-119.84504, 42.70988], [-119.84504, 42.71355], [-119.84504, 42.71539], [-119.84504, 42.71723], [-119.84751, 42.71722], [-119.84998, 42.71721], [-119.85492, 42.7172], [-119.85494, 42.71352], [-119.85496, 42.70985], [-119.85, 42.70986]]]}}, {"type": "Feature", "properties": {"OBJECTID": 561487, "CSE_NAME": "Sungem #36", "CSE_TYPE_NR": "384101", "CSE_NR": "OR106737591", "CSE_DISP": "Filed", "RCRD_ACRS": 20.66}, "geometry": {"type": "Polygon", "coordinates": [[[-119.85, 42.70986], [-119.84504, 42.70988], [-119.84504, 42.71355], [-119.84504, 42.71539], [-119.84504, 42.71723], [-119.84751, 42.71722], [-119.84998, 42.71721], [-119.85492, 42.7172], [-119.85494, 42.71352], [-119.85496, 42.70985], [-119.85, 42.70986]]]}}, {"type": "Feature", "properties": {"OBJECTID": 561502, "CSE_NAME": "Kings Ransom #5", "CSE_TYPE_NR": "384101", "CSE_NR": "OR106737578", "CSE_DISP": "Filed", "RCRD_ACRS": 20.66}, "geometry": {"type": "Polygon", "coordinates": [[[-119.85, 42.70986], [-119.84504, 42.70988], [-119.84504, 42.71355], [-119.84504, 42.71539], [-119.84504, 42.71723], [-119.84751, 42.71722], [-119.84998, 42.71721], [-119.85492, 42.7172], [-119.85494, 42.71352], [-119.85496, 42.70985], [-119.85, 42.70986]]]}}, {"type": "Feature", "properties": {"OBJECTID": 561504, "CSE_NAME": "Sungem #3", "CSE_TYPE_NR": "384101", "CSE_NR": "OR106737587", "CSE_DISP": "Active", "RCRD_ACRS": 20.66}, "geometry": {"type": "Polygon", "coordinates": [[[-119.84008, 42.70992], [-119.83512, 42.70996], [-119.83513, 42.71364], [-119.83513, 42.71733], [-119.84009, 42.71728], [-119.84504, 42.71723], [-119.84504, 42.71539], [-119.84504, 42.71355], [-119.84504, 42.70988], [-119.84008, 42.70992]]]}}, {"type": "Feature", "properties": {"OBJECTID": 561515, "CSE_NAME": "Sungem #2", "CSE_TYPE_NR": "384101", "CSE_NR": "OR106737586", "CSE_DISP": "Filed", "RCRD_ACRS": 20.66}, "geometry": {"type": "Polygon", "coordinates": [[[-119.85, 42.70986], [-119.84504, 42.70988], [-119.84504, 42.71355], [-119.84504, 42.71539], [-119.84504, 42.71723], [-119.84751, 42.71722], [-119.84998, 42.71721], [-119.85492, 42.7172], [-119.85494, 42.71352], [-119.85496, 42.70985], [-119.85, 42.70986]]]}}, {"type": "Feature", "properties": {"OBJECTID": 561525, "CSE_NAME": "Lazy Jo", "CSE_TYPE_NR": "384101", "CSE_NR": "OR106737579", "CSE_DISP": "Filed", "RCRD_ACRS": 20.66}, "geometry": {"type": "Polygon", "coordinates": [[[-119.8624, 42.70982], [-119.85992, 42.70983], [-119.85496, 42.70985], [-119.85494, 42.71352], [-119.85492, 42.7172], [-119.85986, 42.71718], [-119.86233, 42.71718], [-119.8648, 42.71717], [-119.86482, 42.71533], [-119.86484, 42.71349], [-119.86487, 42.70981], [-119.8624, 42.70982]]]}}, {"type": "Feature", "properties": {"OBJECTID": 561526, "CSE_NAME": "Kings Ransom #4", "CSE_TYPE_NR": "384101", "CSE_NR": "OR106737577", "CSE_DISP": "Filed", "RCRD_ACRS": 20.66}, "geometry": {"type": "Polygon", "coordinates": [[[-119.8624, 42.70982], [-119.85992, 42.70983], [-119.85496, 42.70985], [-119.85494, 42.71352], [-119.85492, 42.7172], [-119.85986, 42.71718], [-119.86233, 42.71718], [-119.8648, 42.71717], [-119.86482, 42.71533], [-119.86484, 42.71349], [-119.86487, 42.70981], [-119.8624, 42.70982]]]}}, {"type": "Feature", "properties": {"OBJECTID": 561528, "CSE_NAME": "Rabbit Run #1", "CSE_TYPE_NR": "384101", "CSE_NR": "OR106737582", "CSE_DISP": "Filed", "RCRD_ACRS": 20.66}, "geometry": {"type": "Polygon", "coordinates": [[[-119.85002, 42.70251], [-119.84753, 42.70252], [-119.84505, 42.70253], [-119.84504, 42.7062], [-119.84504, 42.70988], [-119.85, 42.70986], [-119.85496, 42.70985], [-119.85498, 42.70617], [-119.855, 42.70249], [-119.85002, 42.70251]]]}}, {"type": "Feature", "properties": {"OBJECTID": 561529, "CSE_NAME": "Rabbit Run #2", "CSE_TYPE_NR": "384101", "CSE_NR": "OR106737583", "CSE_DISP": "Filed", "RCRD_ACRS": 20.66}, "geometry": {"type": "Polygon", "coordinates": [[[-119.85002, 42.70251], [-119.84753, 42.70252], [-119.84505, 42.70253], [-119.84504, 42.7062], [-119.84504, 42.70988], [-119.85, 42.70986], [-119.85496, 42.70985], [-119.85498, 42.70617], [-119.855, 42.70249], [-119.85002, 42.70251]]]}}, {"type": "Feature", "properties": {"OBJECTID": 561535, "CSE_NAME": "Sungem #4", "CSE_TYPE_NR": "384101", "CSE_NR": "OR106737588", "CSE_DISP": "Active", "RCRD_ACRS": 20.66}, "geometry": {"type": "Polygon", "coordinates": [[[-119.84008, 42.70256], [-119.83511, 42.7026], [-119.83014, 42.70264], [-119.82517, 42.70268], [-119.82519, 42.70636], [-119.82522, 42.71004], [-119.82522, 42.71189], [-119.82522, 42.71374], [-119.82523, 42.71743], [-119.83018, 42.71738], [-119.83513, 42.71733], [-119.84009, 42.71728], [-119.84504, 42.71723], [-119.84504, 42.71539], [-119.84504, 42.71355], [-119.84504, 42.70988], [-119.84504, 42.7062], [-119.84505, 42.70253], [-119.84008, 42.70256]]]}}, {"type": "Feature", "properties": {"OBJECTID": 561545, "CSE_NAME": "Sungem #37", "CSE_TYPE_NR": "384101", "CSE_NR": "OR106737592", "CSE_DISP": "Filed", "RCRD_ACRS": 20.66}, "geometry": {"type": "Polygon", "coordinates": [[[-119.85002, 42.70251], [-119.84753, 42.70252], [-119.84505, 42.70253], [-119.84504, 42.7062], [-119.84504, 42.70988], [-119.85, 42.70986], [-119.85496, 42.70985], [-119.85498, 42.70617], [-119.855, 42.70249], [-119.85002, 42.70251]]]}}, {"type": "Feature", "properties": {"OBJECTID": 561549, "CSE_NAME": "Surprise #1", "CSE_TYPE_NR": "384101", "CSE_NR": "OR106737593", "CSE_DISP": "Filed", "RCRD_ACRS": 20.66}, "geometry": {"type": "Polygon", "coordinates": [[[-119.85997, 42.70247], [-119.855, 42.70249], [-119.85498, 42.70617], [-119.85496, 42.70985], [-119.85992, 42.70983], [-119.8624, 42.70982], [-119.86487, 42.70981], [-119.86489, 42.70797], [-119.86491, 42.70614], [-119.86495, 42.70246], [-119.85997, 42.70247]]]}}, {"type": "Feature", "properties": {"OBJECTID": 563518, "CSE_NAME": "TREASURE CHEST #9", "CSE_TYPE_NR": "384101", "CSE_NR": "OR106741097", "CSE_DISP": "Active", "RCRD_ACRS": 1282.04}, "geometry": {"type": "Polygon", "coordinates": [[[-119.84008, 42.70256], [-119.83511, 42.7026], [-119.83014, 42.70264], [-119.82517, 42.70268], [-119.82011, 42.7027], [-119.81514, 42.70272], [-119.81018, 42.70273], [-119.80521, 42.70275], [-119.80522, 42.70644], [-119.80524, 42.71012], [-119.80525, 42.7138], [-119.80526, 42.71749], [-119.80775, 42.71748], [-119.81024, 42.71747], [-119.81523, 42.71746], [-119.82021, 42.71745], [-119.82523, 42.71743], [-119.83018, 42.71738], [-119.83513, 42.71733], [-119.84009, 42.71728], [-119.84504, 42.71723], [-119.84504, 42.71539], [-119.84504, 42.71355], [-119.84504, 42.70988], [-119.84504, 42.7062], [-119.84505, 42.70253], [-119.84008, 42.70256]]]}}, {"type": "Feature", "properties": {"OBJECTID": 568179, "CSE_NAME": "Vault 88", "CSE_TYPE_NR": "384101", "CSE_NR": "OR106747227", "CSE_DISP": "Active", "RCRD_ACRS": 20.66115702}, "geometry": {"type": "Polygon", "coordinates": [[[-119.82011, 42.7027], [-119.81514, 42.70272], [-119.81018, 42.70273], [-119.80521, 42.70275], [-119.80522, 42.70644], [-119.80524, 42.71012], [-119.80525, 42.7138], [-119.80526, 42.71749], [-119.80775, 42.71748], [-119.81024, 42.71747], [-119.81523, 42.71746], [-119.82021, 42.71745], [-119.82523, 42.71743], [-119.82522, 42.71374], [-119.82522, 42.71189], [-119.82522, 42.71004], [-119.82519, 42.70636], [-119.82517, 42.70268], [-119.82011, 42.7027]]]}}, {"type": "Feature", "properties": {"OBJECTID": 569502, "CSE_NAME": "MISHA #1", "CSE_TYPE_NR": "384101", "CSE_NR": "OR106747504", "CSE_DISP": "Filed", "RCRD_ACRS": 20.66115702}, "geometry": {"type": "Polygon", "coordinates": [[[-119.80516, 42.72486], [-119.80514, 42.7267], [-119.80511, 42.72854], [-119.80506, 42.73223], [-119.81004, 42.73223], [-119.81501, 42.73223], [-119.81506, 42.72854], [-119.81512, 42.72484], [-119.81014, 42.72485], [-119.80765, 42.72485], [-119.80516, 42.72486]]]}}, {"type": "Feature", "properties": {"OBJECTID": 570307, "CSE_NAME": "Vault 101", "CSE_TYPE_NR": "384101", "CSE_NR": "OR106748771", "CSE_DISP": "Active", "RCRD_ACRS": 20.66115702}, "geometry": {"type": "Polygon", "coordinates": [[[-119.81518, 42.71008], [-119.82017, 42.71006], [-119.82017, 42.71006], [-119.82522, 42.71004], [-119.82519, 42.70636], [-119.82517, 42.70268], [-119.82011, 42.7027], [-119.81514, 42.70272], [-119.81516, 42.7064], [-119.81518, 42.71008]]]}}, {"type": "Feature", "properties": {"OBJECTID": 570341, "CSE_NAME": "Vault 33", "CSE_TYPE_NR": "384101", "CSE_NR": "OR106748769", "CSE_DISP": "Active", "RCRD_ACRS": 20.66115702}, "geometry": {"type": "Polygon", "coordinates": [[[-119.81518, 42.71008], [-119.82017, 42.71006], [-119.82017, 42.71006], [-119.82522, 42.71004], [-119.82519, 42.70636], [-119.82517, 42.70268], [-119.82011, 42.7027], [-119.81514, 42.70272], [-119.81516, 42.7064], [-119.81518, 42.71008]]]}}, {"type": "Feature", "properties": {"OBJECTID": 570420, "CSE_NAME": "GOODNEIGHBOR", "CSE_TYPE_NR": "384101", "CSE_NR": "OR106748770", "CSE_DISP": "Active", "RCRD_ACRS": 20.66115702}, "geometry": {"type": "Polygon", "coordinates": [[[-119.81018, 42.70273], [-119.80521, 42.70275], [-119.80522, 42.70644], [-119.80524, 42.71012], [-119.81021, 42.7101], [-119.81518, 42.71008], [-119.81516, 42.7064], [-119.81514, 42.70272], [-119.81018, 42.70273]]]}}, {"type": "Feature", "properties": {"OBJECTID": 570556, "CSE_NAME": "Vault 111", "CSE_TYPE_NR": "384101", "CSE_NR": "OR106748768", "CSE_DISP": "Active", "RCRD_ACRS": 20.66115702}, "geometry": {"type": "Polygon", "coordinates": [[[-119.81518, 42.71008], [-119.82017, 42.71006], [-119.82017, 42.71006], [-119.82522, 42.71004], [-119.82519, 42.70636], [-119.82517, 42.70268], [-119.82011, 42.7027], [-119.81514, 42.70272], [-119.81516, 42.7064], [-119.81518, 42.71008]]]}}, {"type": "Feature", "properties": {"OBJECTID": 576718, "CSE_NAME": "Solomon's Quarry", "CSE_TYPE_NR": "384101", "CSE_NR": "OR106385400", "CSE_DISP": "Active", "RCRD_ACRS": 20.66}, "geometry": {"type": "Polygon", "coordinates": [[[-119.83508, 42.69892], [-119.83505, 42.69524], [-119.83009, 42.69528], [-119.82512, 42.69531], [-119.82514, 42.69899], [-119.82517, 42.70268], [-119.83014, 42.70264], [-119.83511, 42.7026], [-119.83508, 42.69892]]]}}, {"type": "Feature", "properties": {"OBJECTID": 578387, "CSE_NAME": "KM-14", "CSE_TYPE_NR": "384101", "CSE_NR": "OR106761076", "CSE_DISP": "Active", "RCRD_ACRS": 20.66}, "geometry": {"type": "Polygon", "coordinates": [[[-119.84008, 42.70256], [-119.83511, 42.7026], [-119.83014, 42.70264], [-119.82517, 42.70268], [-119.82519, 42.70636], [-119.82522, 42.71004], [-119.82522, 42.71189], [-119.82522, 42.71374], [-119.82523, 42.71743], [-119.83018, 42.71738], [-119.83513, 42.71733], [-119.84009, 42.71728], [-119.84504, 42.71723], [-119.84504, 42.71539], [-119.84504, 42.71355], [-119.84504, 42.70988], [-119.84504, 42.7062], [-119.84505, 42.70253], [-119.84008, 42.70256]]]}}, {"type": "Feature", "properties": {"OBJECTID": 583334, "CSE_NAME": "Joker", "CSE_TYPE_NR": "384101", "CSE_NR": "OR106766112", "CSE_DISP": "Active", "RCRD_ACRS": 20.66}, "geometry": {"type": "Polygon", "coordinates": [[[-119.82522, 42.71004], [-119.82522, 42.71189], [-119.82522, 42.71374], [-119.82523, 42.71743], [-119.83018, 42.71738], [-119.83513, 42.71733], [-119.83513, 42.71364], [-119.83512, 42.70996], [-119.83264, 42.70998], [-119.83017, 42.71], [-119.82769, 42.71002], [-119.82522, 42.71004]]]}}, {"type": "Feature", "properties": {"OBJECTID": 589447, "CSE_NAME": "KM-33", "CSE_TYPE_NR": "384101", "CSE_NR": "OR106771445", "CSE_DISP": "Active", "RCRD_ACRS": 20.66}, "geometry": {"type": "Polygon", "coordinates": [[[-119.84008, 42.70256], [-119.83511, 42.7026], [-119.83014, 42.70264], [-119.82517, 42.70268], [-119.82519, 42.70636], [-119.82522, 42.71004], [-119.82522, 42.71189], [-119.82522, 42.71374], [-119.82523, 42.71743], [-119.83018, 42.71738], [-119.83513, 42.71733], [-119.84009, 42.71728], [-119.84504, 42.71723], [-119.84504, 42.71539], [-119.84504, 42.71355], [-119.84504, 42.70988], [-119.84504, 42.7062], [-119.84505, 42.70253], [-119.84008, 42.70256]]]}}, {"type": "Feature", "properties": {"OBJECTID": 593123, "CSE_NAME": "Blue Boys Toys", "CSE_TYPE_NR": "384101", "CSE_NR": "OR106779546", "CSE_DISP": "Active", "RCRD_ACRS": 3.14}, "geometry": {"type": "Polygon", "coordinates": [[[-119.84008, 42.70256], [-119.83511, 42.7026], [-119.83014, 42.70264], [-119.82517, 42.70268], [-119.82519, 42.70636], [-119.82522, 42.71004], [-119.82522, 42.71189], [-119.82522, 42.71374], [-119.82523, 42.71743], [-119.83018, 42.71738], [-119.83513, 42.71733], [-119.84009, 42.71728], [-119.84504, 42.71723], [-119.84504, 42.71539], [-119.84504, 42.71355], [-119.84504, 42.70988], [-119.84504, 42.7062], [-119.84505, 42.70253], [-119.84008, 42.70256]]]}}, {"type": "Feature", "properties": {"OBJECTID": 593125, "CSE_NAME": "Baby Snakes", "CSE_TYPE_NR": "384101", "CSE_NR": "OR106779547", "CSE_DISP": "Active", "RCRD_ACRS": 8.7}, "geometry": {"type": "Polygon", "coordinates": [[[-119.84008, 42.70256], [-119.83511, 42.7026], [-119.83014, 42.70264], [-119.82517, 42.70268], [-119.82519, 42.70636], [-119.82522, 42.71004], [-119.82522, 42.71189], [-119.82522, 42.71374], [-119.82523, 42.71743], [-119.83018, 42.71738], [-119.83513, 42.71733], [-119.84009, 42.71728], [-119.84504, 42.71723], [-119.84504, 42.71539], [-119.84504, 42.71355], [-119.84504, 42.70988], [-119.84504, 42.7062], [-119.84505, 42.70253], [-119.84008, 42.70256]]]}}, {"type": "Feature", "properties": {"OBJECTID": 593155, "CSE_NAME": "Southbound Pachyderm", "CSE_TYPE_NR": "384101", "CSE_NR": "OR106779543", "CSE_DISP": "Active", "RCRD_ACRS": 5.5}, "geometry": {"type": "Polygon", "coordinates": [[[-119.84008, 42.70256], [-119.83511, 42.7026], [-119.83014, 42.70264], [-119.82517, 42.70268], [-119.82519, 42.70636], [-119.82522, 42.71004], [-119.82522, 42.71189], [-119.82522, 42.71374], [-119.82523, 42.71743], [-119.83018, 42.71738], [-119.83513, 42.71733], [-119.84009, 42.71728], [-119.84504, 42.71723], [-119.84504, 42.71539], [-119.84504, 42.71355], [-119.84504, 42.70988], [-119.84504, 42.7062], [-119.84505, 42.70253], [-119.84008, 42.70256]]]}}, {"type": "Feature", "properties": {"OBJECTID": 593269, "CSE_NAME": "Sungem #9", "CSE_TYPE_NR": "384101", "CSE_NR": "OR106779545", "CSE_DISP": "Active", "RCRD_ACRS": 13.8}, "geometry": {"type": "Polygon", "coordinates": [[[-119.83264, 42.70998], [-119.83017, 42.71], [-119.82769, 42.71002], [-119.82522, 42.71004], [-119.82522, 42.71189], [-119.82522, 42.71374], [-119.82523, 42.71743], [-119.83018, 42.71738], [-119.83513, 42.71733], [-119.83513, 42.71364], [-119.83512, 42.70996], [-119.83264, 42.70998]]]}}, {"type": "Feature", "properties": {"OBJECTID": 593309, "CSE_NAME": "Top of the World", "CSE_TYPE_NR": "384101", "CSE_NR": "OR106779541", "CSE_DISP": "Active", "RCRD_ACRS": 20.66}, "geometry": {"type": "Polygon", "coordinates": [[[-119.84008, 42.70256], [-119.83511, 42.7026], [-119.83014, 42.70264], [-119.82517, 42.70268], [-119.82519, 42.70636], [-119.82522, 42.71004], [-119.82522, 42.71189], [-119.82522, 42.71374], [-119.82523, 42.71743], [-119.83018, 42.71738], [-119.83513, 42.71733], [-119.84009, 42.71728], [-119.84504, 42.71723], [-119.84504, 42.71539], [-119.84504, 42.71355], [-119.84504, 42.70988], [-119.84504, 42.7062], [-119.84505, 42.70253], [-119.84008, 42.70256]]]}}, {"type": "Feature", "properties": {"OBJECTID": 593342, "CSE_NAME": "Dancin Fool", "CSE_TYPE_NR": "384101", "CSE_NR": "OR106779542", "CSE_DISP": "Active", "RCRD_ACRS": 8.7}, "geometry": {"type": "Polygon", "coordinates": [[[-119.84008, 42.70256], [-119.83511, 42.7026], [-119.83014, 42.70264], [-119.82517, 42.70268], [-119.82519, 42.70636], [-119.82522, 42.71004], [-119.82522, 42.71189], [-119.82522, 42.71374], [-119.82523, 42.71743], [-119.83018, 42.71738], [-119.83513, 42.71733], [-119.84009, 42.71728], [-119.84504, 42.71723], [-119.84504, 42.71539], [-119.84504, 42.71355], [-119.84504, 42.70988], [-119.84504, 42.7062], [-119.84505, 42.70253], [-119.84008, 42.70256]]]}}, {"type": "Feature", "properties": {"OBJECTID": 593345, "CSE_NAME": "Sungem #7", "CSE_TYPE_NR": "384101", "CSE_NR": "OR106779544", "CSE_DISP": "Active", "RCRD_ACRS": 13.1}, "geometry": {"type": "Polygon", "coordinates": [[[-119.84008, 42.70256], [-119.83511, 42.7026], [-119.83014, 42.70264], [-119.82517, 42.70268], [-119.82519, 42.70636], [-119.82522, 42.71004], [-119.82522, 42.71189], [-119.82522, 42.71374], [-119.82523, 42.71743], [-119.83018, 42.71738], [-119.83513, 42.71733], [-119.84009, 42.71728], [-119.84504, 42.71723], [-119.84504, 42.71539], [-119.84504, 42.71355], [-119.84504, 42.70988], [-119.84504, 42.7062], [-119.84505, 42.70253], [-119.84008, 42.70256]]]}}, {"type": "Feature", "properties": {"OBJECTID": 593526, "CSE_NAME": "Butter Cup", "CSE_TYPE_NR": "384101", "CSE_NR": "OR106779540", "CSE_DISP": "Active", "RCRD_ACRS": 18.2}, "geometry": {"type": "Polygon", "coordinates": [[[-119.82021, 42.71745], [-119.81523, 42.71746], [-119.81024, 42.71747], [-119.80775, 42.71748], [-119.80526, 42.71749], [-119.80524, 42.71933], [-119.80521, 42.72117], [-119.80516, 42.72486], [-119.80514, 42.7267], [-119.80511, 42.72854], [-119.80506, 42.73223], [-119.81004, 42.73223], [-119.81501, 42.73223], [-119.81998, 42.73223], [-119.82509, 42.73223], [-119.82512, 42.72853], [-119.82516, 42.72483], [-119.82519, 42.72113], [-119.82523, 42.71743], [-119.82021, 42.71745]]]}}, {"type": "Feature", "properties": {"OBJECTID": 593589, "CSE_NAME": "Sage Hen", "CSE_TYPE_NR": "384101", "CSE_NR": "OR106779539", "CSE_DISP": "Active", "RCRD_ACRS": 18.2}, "geometry": {"type": "Polygon", "coordinates": [[[-119.82021, 42.71745], [-119.81523, 42.71746], [-119.81024, 42.71747], [-119.80775, 42.71748], [-119.80526, 42.71749], [-119.80524, 42.71933], [-119.80521, 42.72117], [-119.80516, 42.72486], [-119.80514, 42.7267], [-119.80511, 42.72854], [-119.80506, 42.73223], [-119.81004, 42.73223], [-119.81501, 42.73223], [-119.81998, 42.73223], [-119.82509, 42.73223], [-119.82512, 42.72853], [-119.82516, 42.72483], [-119.82519, 42.72113], [-119.82523, 42.71743], [-119.82021, 42.71745]]]}}, {"type": "Feature", "properties": {"OBJECTID": 595157, "CSE_NAME": "Tyke #3", "CSE_TYPE_NR": "384101", "CSE_NR": "OR106783859", "CSE_DISP": "Active", "RCRD_ACRS": 20.66}, "geometry": {"type": "Polygon", "coordinates": [[[-119.85, 42.70986], [-119.84504, 42.70988], [-119.84504, 42.71355], [-119.84504, 42.71539], [-119.84504, 42.71723], [-119.84751, 42.71722], [-119.84998, 42.71721], [-119.85492, 42.7172], [-119.85494, 42.71352], [-119.85496, 42.70985], [-119.85, 42.70986]]]}}, {"type": "Feature", "properties": {"OBJECTID": 608026, "CSE_NAME": "Basin Babe", "CSE_TYPE_NR": "384101", "CSE_NR": "OR106794089", "CSE_DISP": "Active", "RCRD_ACRS": 20.66115702}, "geometry": {"type": "Polygon", "coordinates": [[[-119.84008, 42.70992], [-119.83512, 42.70996], [-119.83513, 42.71364], [-119.83513, 42.71733], [-119.84009, 42.71728], [-119.84504, 42.71723], [-119.84504, 42.71539], [-119.84504, 42.71355], [-119.84504, 42.70988], [-119.84008, 42.70992]]]}}, {"type": "Feature", "properties": {"OBJECTID": 614616, "CSE_NAME": "Queens Crown", "CSE_TYPE_NR": "384101", "CSE_NR": "OR106766111", "CSE_DISP": "Active", "RCRD_ACRS": 20.66}, "geometry": {"type": "Polygon", "coordinates": [[[-119.84008, 42.70256], [-119.83511, 42.7026], [-119.83014, 42.70264], [-119.82517, 42.70268], [-119.82519, 42.70636], [-119.82522, 42.71004], [-119.82522, 42.71189], [-119.82522, 42.71374], [-119.82523, 42.71743], [-119.83018, 42.71738], [-119.83513, 42.71733], [-119.84009, 42.71728], [-119.84504, 42.71723], [-119.84504, 42.71539], [-119.84504, 42.71355], [-119.84504, 42.70988], [-119.84504, 42.7062], [-119.84505, 42.70253], [-119.84008, 42.70256]]]}}, {"type": "Feature", "properties": {"OBJECTID": 624317, "CSE_NAME": "Night Bird #4", "CSE_TYPE_NR": "384101", "CSE_NR": "OR106831861", "CSE_DISP": "Active", "RCRD_ACRS": 40}, "geometry": {"type": "Polygon", "coordinates": [[[-119.82018, 42.71929], [-119.82021, 42.71745], [-119.81772, 42.71745], [-119.81769, 42.7193], [-119.82018, 42.71929]]]}}, {"type": "Feature", "properties": {"OBJECTID": 635200, "CSE_NAME": "SNAKE BITE #2", "CSE_TYPE_NR": "384101", "CSE_NR": "OR101824521", "LEG_CSE_NR": "ORMC155154", "CSE_DISP": "Active", "RCRD_ACRS": 20.66}, "geometry": {"type": "Polygon", "coordinates": [[[-119.87964, 42.70977], [-119.87472, 42.70979], [-119.87469, 42.71347], [-119.87466, 42.71715], [-119.87608, 42.71714], [-119.87959, 42.71714], [-119.88452, 42.71713], [-119.88454, 42.71344], [-119.88456, 42.70976], [-119.87964, 42.70977]]]}}, {"type": "Feature", "properties": {"OBJECTID": 635201, "CSE_NAME": "SNAKE BITE #3", "CSE_TYPE_NR": "384101", "CSE_NR": "OR101824522", "LEG_CSE_NR": "ORMC155155", "CSE_DISP": "Active", "RCRD_ACRS": 20.66}, "geometry": {"type": "Polygon", "coordinates": [[[-119.87964, 42.70977], [-119.87472, 42.70979], [-119.87469, 42.71347], [-119.87466, 42.71715], [-119.87608, 42.71714], [-119.87959, 42.71714], [-119.88452, 42.71713], [-119.88454, 42.71344], [-119.88456, 42.70976], [-119.87964, 42.70977]]]}}, {"type": "Feature", "properties": {"OBJECTID": 635202, "CSE_NAME": "STONE #1", "CSE_TYPE_NR": "384101", "CSE_NR": "OR101825709", "LEG_CSE_NR": "ORMC155166", "CSE_DISP": "Active", "RCRD_ACRS": 20.66}, "geometry": {"type": "Polygon", "coordinates": [[[-119.80508, 42.7396], [-119.80012, 42.73959], [-119.79516, 42.73958], [-119.79518, 42.74327], [-119.7952, 42.74691], [-119.80015, 42.74693], [-119.8051, 42.74695], [-119.80509, 42.74329], [-119.80508, 42.7396]]]}}, {"type": "Feature", "properties": {"OBJECTID": 635203, "CSE_NAME": "STONE #2", "CSE_TYPE_NR": "384101", "CSE_NR": "OR101825710", "LEG_CSE_NR": "ORMC155167", "CSE_DISP": "Active", "RCRD_ACRS": 20.66}, "geometry": {"type": "Polygon", "coordinates": [[[-119.80514, 42.7267], [-119.80516, 42.72486], [-119.80268, 42.72486], [-119.8002, 42.72485], [-119.79523, 42.72485], [-119.79518, 42.72853], [-119.79512, 42.73221], [-119.80009, 42.73222], [-119.80506, 42.73223], [-119.80511, 42.72854], [-119.80514, 42.7267]]]}}, {"type": "Feature", "properties": {"OBJECTID": 635204, "CSE_NAME": "STONE #3", "CSE_TYPE_NR": "384101", "CSE_NR": "OR101825711", "LEG_CSE_NR": "ORMC155168", "CSE_DISP": "Active", "RCRD_ACRS": 20.66}, "geometry": {"type": "Polygon", "coordinates": [[[-119.80514, 42.7267], [-119.80516, 42.72486], [-119.80268, 42.72486], [-119.8002, 42.72485], [-119.79523, 42.72485], [-119.79518, 42.72853], [-119.79512, 42.73221], [-119.80009, 42.73222], [-119.80506, 42.73223], [-119.80511, 42.72854], [-119.80514, 42.7267]]]}}, {"type": "Feature", "properties": {"OBJECTID": 635417, "CSE_NAME": "Nod Krai", "CSE_TYPE_NR": "384101", "CSE_NR": "OR106839572", "CSE_DISP": "Filed", "RCRD_ACRS": 20.66}, "geometry": {"type": "Polygon", "coordinates": [[[-119.81512, 42.72484], [-119.81506, 42.72854], [-119.81501, 42.73223], [-119.81998, 42.73223], [-119.82509, 42.73223], [-119.82512, 42.72853], [-119.82516, 42.72483], [-119.82009, 42.72484], [-119.82009, 42.72484], [-119.81512, 42.72484]]]}}, {"type": "Feature", "properties": {"OBJECTID": 637315, "CSE_NAME": "KM-15", "CSE_TYPE_NR": "384101", "CSE_NR": "OR101557769", "LEG_CSE_NR": "ORMC176712", "CSE_DISP": "Active", "RCRD_ACRS": 20.66}, "geometry": {"type": "Polygon", "coordinates": [[[-119.84504, 42.71355], [-119.84504, 42.70988], [-119.84008, 42.70992], [-119.83512, 42.70996], [-119.83513, 42.71364], [-119.83513, 42.71733], [-119.84009, 42.71728], [-119.84504, 42.71723], [-119.84504, 42.71539], [-119.84504, 42.71355]]]}}, {"type": "Feature", "properties": {"OBJECTID": 30348, "CSE_NAME": "Butch #3", "CSE_TYPE_NR": "384101", "CSE_NR": "OR105289073", "CSE_DISP": "Active", "RCRD_ACRS": 20.66}, "geometry": {"type": "Polygon", "coordinates": [[[-119.88544, 42.84225], [-119.8904, 42.84225], [-119.89044, 42.83863], [-119.88546, 42.83863], [-119.88544, 42.84225]]]}}, {"type": "Feature", "properties": {"OBJECTID": 30349, "CSE_NAME": "Butch #1", "CSE_TYPE_NR": "384101", "CSE_NR": "OR105289074", "CSE_DISP": "Active", "RCRD_ACRS": 20.66}, "geometry": {"type": "Polygon", "coordinates": [[[-119.88544, 42.84225], [-119.8904, 42.84225], [-119.89044, 42.83863], [-119.88546, 42.83863], [-119.88544, 42.84225]]]}}, {"type": "Feature", "properties": {"OBJECTID": 331540, "CSE_NAME": "PANA #7", "CSE_TYPE_NR": "384101", "CSE_NR": "OR101671770", "LEG_CSE_NR": "ORMC166999", "CSE_DISP": "Active", "RCRD_ACRS": 20.66}, "geometry": {"type": "Polygon", "coordinates": [[[-119.9053, 42.82761], [-119.90525, 42.82388], [-119.90519, 42.82016], [-119.90021, 42.82017], [-119.89524, 42.82018], [-119.89026, 42.82019], [-119.88529, 42.8202], [-119.88533, 42.82394], [-119.88538, 42.82767], [-119.89037, 42.82766], [-119.89536, 42.82764], [-119.90033, 42.82762], [-119.9053, 42.82761]]]}}, {"type": "Feature", "properties": {"OBJECTID": 331541, "CSE_NAME": "PANA #8", "CSE_TYPE_NR": "384101", "CSE_NR": "OR101671771", "LEG_CSE_NR": "ORMC167000", "CSE_DISP": "Active", "RCRD_ACRS": 20.66}, "geometry": {"type": "Polygon", "coordinates": [[[-119.9053, 42.82761], [-119.90525, 42.82388], [-119.90519, 42.82016], [-119.90021, 42.82017], [-119.89524, 42.82018], [-119.89026, 42.82019], [-119.88529, 42.8202], [-119.88533, 42.82394], [-119.88538, 42.82767], [-119.89037, 42.82766], [-119.89536, 42.82764], [-119.90033, 42.82762], [-119.9053, 42.82761]]]}}, {"type": "Feature", "properties": {"OBJECTID": 331542, "CSE_NAME": "PANA #10", "CSE_TYPE_NR": "384101", "CSE_NR": "OR101671772", "LEG_CSE_NR": "ORMC167001", "CSE_DISP": "Active", "RCRD_ACRS": 20.66}, "geometry": {"type": "Polygon", "coordinates": [[[-119.89536, 42.82764], [-119.89542, 42.83138], [-119.89548, 42.83499], [-119.90049, 42.83498], [-119.90549, 42.83497], [-119.90539, 42.83136], [-119.9053, 42.82761], [-119.90525, 42.82388], [-119.90519, 42.82016], [-119.90021, 42.82017], [-119.89524, 42.82018], [-119.8953, 42.82391], [-119.89536, 42.82764]]]}}, {"type": "Feature", "properties": {"OBJECTID": 331559, "CSE_NAME": "PANA 4", "CSE_TYPE_NR": "384101", "CSE_NR": "OR101400546", "LEG_CSE_NR": "ORMC167614", "CSE_DISP": "Active", "RCRD_ACRS": 20.66}, "geometry": {"type": "Polygon", "coordinates": [[[-119.88529, 42.8202], [-119.88533, 42.82394], [-119.88538, 42.82767], [-119.89037, 42.82766], [-119.89536, 42.82764], [-119.8953, 42.82391], [-119.89524, 42.82018], [-119.89026, 42.82019], [-119.88529, 42.8202]]]}}, {"type": "Feature", "properties": {"OBJECTID": 331772, "CSE_NAME": "SEVEN SEAS 1", "CSE_TYPE_NR": "384101", "CSE_NR": "OR101341675", "LEG_CSE_NR": "ORMC168261", "CSE_DISP": "Active", "RCRD_ACRS": 20.66}, "geometry": {"type": "Polygon", "coordinates": [[[-119.89536, 42.82764], [-119.89542, 42.83138], [-119.89548, 42.83499], [-119.90049, 42.83498], [-119.90549, 42.83497], [-119.90539, 42.83136], [-119.9053, 42.82761], [-119.90525, 42.82388], [-119.90519, 42.82016], [-119.90021, 42.82017], [-119.89524, 42.82018], [-119.8953, 42.82391], [-119.89536, 42.82764]]]}}, {"type": "Feature", "properties": {"OBJECTID": 331773, "CSE_NAME": "SEVEN SEAS 2", "CSE_TYPE_NR": "384101", "CSE_NR": "OR101341676", "LEG_CSE_NR": "ORMC168262", "CSE_DISP": "Active", "RCRD_ACRS": 20.66}, "geometry": {"type": "Polygon", "coordinates": [[[-119.9053, 42.82761], [-119.90525, 42.82388], [-119.90519, 42.82016], [-119.90021, 42.82017], [-119.89524, 42.82018], [-119.8953, 42.82391], [-119.89536, 42.82764], [-119.90033, 42.82762], [-119.9053, 42.82761]]]}}, {"type": "Feature", "properties": {"OBJECTID": 332668, "CSE_NAME": "PANA 3", "CSE_TYPE_NR": "384101", "CSE_NR": "OR101714283", "LEG_CSE_NR": "ORMC174271", "CSE_DISP": "Active", "RCRD_ACRS": 20.66}, "geometry": {"type": "Polygon", "coordinates": [[[-119.88788, 42.82766], [-119.8879, 42.82953], [-119.88793, 42.83139], [-119.89043, 42.83139], [-119.8904, 42.82952], [-119.89037, 42.82766], [-119.89034, 42.82579], [-119.88785, 42.8258], [-119.88788, 42.82766]]]}}, {"type": "Feature", "properties": {"OBJECTID": 332669, "CSE_NAME": "PANA 5", "CSE_TYPE_NR": "384101", "CSE_NR": "OR101714284", "LEG_CSE_NR": "ORMC174272", "CSE_DISP": "Active", "RCRD_ACRS": 20.66}, "geometry": {"type": "Polygon", "coordinates": [[[-119.89792, 42.83137], [-119.89788, 42.8295], [-119.89539, 42.82951], [-119.8929, 42.82952], [-119.8904, 42.82952], [-119.89043, 42.83139], [-119.89293, 42.83138], [-119.89542, 42.83138], [-119.89792, 42.83137]]]}}, {"type": "Feature", "properties": {"OBJECTID": 332670, "CSE_NAME": "PANA 6", "CSE_TYPE_NR": "384101", "CSE_NR": "OR101714285", "LEG_CSE_NR": "ORMC174273", "CSE_DISP": "Active", "RCRD_ACRS": 20.66}, "geometry": {"type": "Polygon", "coordinates": [[[-119.89788, 42.8295], [-119.89785, 42.82763], [-119.89536, 42.82764], [-119.89287, 42.82765], [-119.89037, 42.82766], [-119.8904, 42.82952], [-119.8929, 42.82952], [-119.89539, 42.82951], [-119.89788, 42.8295]]]}}, {"type": "Feature", "properties": {"OBJECTID": 332671, "CSE_NAME": "PANA 11", "CSE_TYPE_NR": "384101", "CSE_NR": "OR101715465", "LEG_CSE_NR": "ORMC174274", "CSE_DISP": "Active", "RCRD_ACRS": 20.66}, "geometry": {"type": "Polygon", "coordinates": [[[-119.9053, 42.82761], [-119.90525, 42.82388], [-119.90519, 42.82016], [-119.90021, 42.82017], [-119.89524, 42.82018], [-119.8953, 42.82391], [-119.89536, 42.82764], [-119.90033, 42.82762], [-119.9053, 42.82761]]]}}]}