{"type": "FeatureCollection", "features": [{"type": "Feature", "properties": {"Commodity": "copper, molybdenum", "Type": "metal", "SiteName": "Gardner-Murphy prospect", "County": "Grant", "Section": "15", "Township": "9S", "Range": "33E", "TopoMap24k": "Desolation Butte", "MILO_ID": "ID_03057", "CommodityAbbreviation": "Cu Mo", "Owner": "unnamed or NA", "TopoMap100k": "Bates", "ElevationFeet": "5461", "OreMaterial": "molybdenite, chalcopyrite", "DepositType": "disseminated", "ShortReference1": "USGSI-447", "ShortReference2": "OrB-64", "MapUnit": "KJqm1", "MapUnitName": "Quartz monzonite", "ThematicAge": "Jurassic/Cretaceous", "ThematicTerraneGroup": "Nevadan intrusions", "ThematicFormation": "Sunrise Butte Stock", "ThematicLithology": "mixed lithologies", "_cat": "metal", "_grp": "metal"}, "geometry": {"type": "Point", "coordinates": [-118.73301, 44.79099]}}, {"type": "Feature", "properties": {"Commodity": "gold", "Type": "metal", "SiteName": "gold mine", "County": "Grant", "Section": "19", "Township": "9S", "Range": "33E", "TopoMap24k": "Sharp Ridge", "MILO_ID": "ID_03064", "CommodityAbbreviation": "Au", "Owner": "Cammtex International", "TopoMap100k": "Bates", "ElevationFeet": "4249", "CommoditiesProduced": "Au", "ShortReference1": "OrMLRR", "MapUnit": "Ql", "MapUnitName": "Landslide debris", "ThematicAge": "Quaternary", "ThematicTerraneGroup": "Quaternary surficial deposits", "ThematicFormation": "Landslide deposits", "ThematicLithology": "mixed grained sediments", "_cat": "gold", "_grp": "metal"}, "geometry": {"type": "Point", "coordinates": [-118.78668, 44.76965]}}, {"type": "Feature", "properties": {"Commodity": "gold", "Type": "metal", "SiteName": "mine", "County": "Grant", "Section": "19", "Township": "9S", "Range": "33E", "TopoMap24k": "Sharp Ridge", "MILO_ID": "ID_12264", "CommodityAbbreviation": "Au", "Owner": "unnamed or NA", "TopoMap100k": "Bates", "ElevationFeet": "4228", "MapUnit": "Qa", "MapUnitName": "Alluvium", "ThematicAge": "Quaternary", "ThematicTerraneGroup": "Quaternary surficial deposits", "ThematicFormation": "Alluvial deposits", "ThematicLithology": "mixed grained sediments", "_cat": "gold", "_grp": "metal"}, "geometry": {"type": "Point", "coordinates": [-118.78914, 44.76935]}}, {"type": "Feature", "properties": {"Commodity": "gold", "Type": "metal", "SiteName": "prospect", "County": "Grant", "Section": "30", "Township": "9S", "Range": "33E", "TopoMap24k": "Sharp Ridge", "MILO_ID": "ID_12471", "CommodityAbbreviation": "Au", "Owner": "unnamed or NA", "TopoMap100k": "Bates", "ElevationFeet": "4624", "MapUnit": "Ki2", "MapUnitName": "Dioritic intrusive rocks", "ThematicAge": "Jurassic/Cretaceous", "ThematicTerraneGroup": "Nevadan intrusions", "ThematicFormation": "Sunrise Butte Stock", "ThematicLithology": "mixed lithologies", "_cat": "gold", "_grp": "metal"}, "geometry": {"type": "Point", "coordinates": [-118.78125, 44.75522]}}, {"type": "Feature", "properties": {"Commodity": "gold, copper, zinc", "Type": "metal", "SiteName": "Princess Mine", "County": "Grant", "Section": "32", "Township": "9S", "Range": "33E", "TopoMap24k": "Susanville", "WorkingsType": "underground", "MILO_ID": "ID_15941", "CommodityAbbreviation": "Au Cu Ag Zn", "Owner": "unnamed or NA", "TopoMap100k": "Bates", "ElevationFeet": "4919", "DepositType": "vein", "MapUnit": "Ki2", "MapUnitName": "Dioritic intrusive rocks", "ThematicAge": "Jurassic/Cretaceous", "ThematicTerraneGroup": "Nevadan intrusions", "ThematicFormation": "Sunrise Butte Stock", "ThematicLithology": "mixed lithologies", "_cat": "gold", "_grp": "metal"}, "geometry": {"type": "Point", "coordinates": [-118.76297, 44.74386]}}, {"type": "Feature", "properties": {"Commodity": "gold", "Type": "metal", "SiteName": "Scissors Creek Area placers", "County": "Crook", "Section": "29", "Township": "13S", "Range": "20E", "TopoMap24k": "Ochoco Butte", "WorkingsType": "surface", "MILO_ID": "ID_03717", "CommodityAbbreviation": "Au", "Owner": "unnamed or NA", "TopoMap100k": "Prineville", "ElevationFeet": "4685", "CommoditiesProduced": "Au", "DepositType": "placer", "ShortReference1": "USBMMILS", "MapUnit": "Tc", "MapUnitName": "lava flows, mudflows, and small amounts of tuffaceous rocks; lava flows are principally andesite", "ThematicAge": "Eocene/Oligocene", "ThematicTerraneGroup": "John Day-Clarno package", "ThematicFormation": "Clarno Formation", "ThematicLithology": "mixed lithologies", "_cat": "gold", "_grp": "metal"}, "geometry": {"type": "Point", "coordinates": [-120.3621, 44.41241]}}, {"type": "Feature", "properties": {"Commodity": "gold, lead, silver, mercury, antimony, copper, zinc", "Type": "metal", "SiteName": "Ochoco", "County": "Crook", "Section": "30", "Township": "13S", "Range": "20E", "TopoMap24k": "Ochoco Butte", "WorkingsType": "underground", "MILO_ID": "ID_03718", "CommodityAbbreviation": "Au Pb Ag Hg Sb Cu Zn", "Owner": "unnamed or NA", "TopoMap100k": "Prineville", "ElevationFeet": "4482", "CommoditiesProduced": "Au Pb Ag", "OreMaterial": "pyrite, arsenopyrite, sphalerite, chalcopyrite, tetrahedrite, galena", "DepositType": "vein/shear zone", "WorkingsDescription": "adit", "ShortReference1": "OrB-55", "ShortReference2": "USBMIC-8252", "ShortReference3": "Or-map", "MapUnit": "Tc", "MapUnitName": "lava flows, mudflows, and small amounts of tuffaceous rocks; lava flows are principally andesite", "ThematicAge": "Eocene/Oligocene", "ThematicTerraneGroup": "John Day-Clarno package", "ThematicFormation": "Clarno Formation", "ThematicLithology": "mixed lithologies", "_cat": "gold", "_grp": "metal"}, "geometry": {"type": "Point", "coordinates": [-120.37273, 44.41706]}}, {"type": "Feature", "properties": {"Commodity": "gold", "Type": "metal", "SiteName": "Little Chance", "County": "Crook", "Section": "30", "Township": "13S", "Range": "20E", "TopoMap24k": "Whistler Point", "MILO_ID": "ID_03719", "CommodityAbbreviation": "Au", "Owner": "unnamed or NA", "TopoMap100k": "Prineville", "ElevationFeet": "4586", "ShortReference1": "MSHA", "MapUnit": "Tc", "MapUnitName": "lava flows, mudflows, and small amounts of tuffaceous rocks; lava flows are principally andesite", "ThematicAge": "Eocene/Oligocene", "ThematicTerraneGroup": "John Day-Clarno package", "ThematicFormation": "Clarno Formation", "ThematicLithology": "mixed lithologies", "_cat": "gold", "_grp": "metal"}, "geometry": {"type": "Point", "coordinates": [-120.37622, 44.40936]}}, {"type": "Feature", "properties": {"Commodity": "mercury", "Type": "metal", "SiteName": "Round Mountain", "County": "Crook", "Section": "4", "Township": "14S", "Range": "20E", "TopoMap24k": "Ochoco Butte", "WorkingsType": "underground", "MILO_ID": "ID_03720", "CommodityAbbreviation": "Hg", "Owner": "Frank Reid, Dick Toole, Keith Parkinson", "TopoMap100k": "Prineville", "ElevationFeet": "5598", "CommoditiesProduced": "Hg", "OreMaterial": "cinnabar", "DepositType": "epithermal", "WorkingsDescription": "many workings caved", "YearOfDiscovery": "1933-1934", "ShortReference1": "OrB-55", "ShortReference2": "USBMIC-8252", "ShortReference3": "Or-map", "MapUnit": "Tc", "MapUnitName": "lava flows, mudflows, and small amounts of tuffaceous rocks; lava flows are principally andesite", "ThematicAge": "Eocene/Oligocene", "ThematicTerraneGroup": "John Day-Clarno package", "ThematicFormation": "Clarno Formation", "ThematicLithology": "mixed lithologies", "_cat": "metal", "_grp": "metal"}, "geometry": {"type": "Point", "coordinates": [-120.32827, 44.39063]}}, {"type": "Feature", "properties": {"Commodity": "gemstone material", "Type": "industrial mineral", "SiteName": "Smoky Blue", "County": "Crook", "Section": "31", "Township": "12S", "Range": "19E", "TopoMap24k": "Whistler Point", "WorkingsType": "surface", "MILO_ID": "ID_03732", "CommodityAbbreviation": "thunderegg", "Owner": "Taber Hall", "TopoMap100k": "Prineville", "ElevationFeet": "4686", "CommoditiesProduced": "gemstones", "ShortReference1": "OrMLRR", "MapUnit": "Tc", "MapUnitName": "lava flows, mudflows, and small amounts of tuffaceous rocks; lava flows are principally andesite", "ThematicAge": "Eocene/Oligocene", "ThematicTerraneGroup": "John Day-Clarno package", "ThematicFormation": "Clarno Formation", "ThematicLithology": "mixed lithologies", "_cat": "thunderegg", "_grp": "gem"}, "geometry": {"type": "Point", "coordinates": [-120.49113, 44.48013]}}, {"type": "Feature", "properties": {"Commodity": "gemstone material", "Type": "industrial mineral", "SiteName": "Little Smaky", "County": "Crook", "Section": "31", "Township": "12S", "Range": "19E", "TopoMap24k": "Whistler Point", "WorkingsType": "surface", "MILO_ID": "ID_03733", "CommodityAbbreviation": "thunderegg", "Owner": "Taber Hall", "TopoMap100k": "Prineville", "ElevationFeet": "4555", "CommoditiesProduced": "gemstones", "ShortReference1": "OrMLRR", "MapUnit": "Tc", "MapUnitName": "lava flows, mudflows, and small amounts of tuffaceous rocks; lava flows are principally andesite", "ThematicAge": "Eocene/Oligocene", "ThematicTerraneGroup": "John Day-Clarno package", "ThematicFormation": "Clarno Formation", "ThematicLithology": "mixed lithologies", "_cat": "thunderegg", "_grp": "gem"}, "geometry": {"type": "Point", "coordinates": [-120.49668, 44.47791]}}, {"type": "Feature", "properties": {"Commodity": "mercury", "Type": "metal", "SiteName": "Little Hay Creek", "County": "Crook", "Section": "27", "Township": "13S", "Range": "19E", "TopoMap24k": "Whistler Point", "WorkingsType": "underground", "MILO_ID": "ID_03734", "CommodityAbbreviation": "Hg", "Owner": "unnamed or NA", "TopoMap100k": "Prineville", "ElevationFeet": "4602", "OreMaterial": "andesite", "DepositType": "fracture filling/ nuggets", "WorkingsDescription": "underground workings inaccessible, no recorded production, possibly 3.5 flasks produced", "YearOfDiscovery": "1930", "ShortReference1": "OrB-55", "MapUnit": "Tc", "MapUnitName": "lava flows, mudflows, and small amounts of tuffaceous rocks; lava flows are principally andesite", "ThematicAge": "Eocene/Oligocene", "ThematicTerraneGroup": "John Day-Clarno package", "ThematicFormation": "Clarno Formation", "ThematicLithology": "mixed lithologies", "_cat": "metal", "_grp": "metal"}, "geometry": {"type": "Point", "coordinates": [-120.44222, 44.42]}}, {"type": "Feature", "properties": {"Commodity": "mercury", "Type": "metal", "SiteName": "Taylor Ranch", "County": "Crook", "Section": "34", "Township": "13S", "Range": "19E", "TopoMap24k": "Whistler Point", "WorkingsType": "underground", "MILO_ID": "ID_03735", "CommodityAbbreviation": "Hg", "Owner": "John Hudspeth", "TopoMap100k": "Prineville", "ElevationFeet": "3950", "CommoditiesProduced": "Hg", "OreMaterial": "cinnabar, pyrite, jarosite", "DepositType": "veinlet", "WorkingsDescription": "workings as of 1943, last operated 1943, now flooded and caved, mine produced 21 lb Hg/ft of working", "YearOfDiscovery": "1938", "ShortReference1": "USGS-unpub", "ShortReference2": "OrB-55", "MapUnit": "Tc", "MapUnitName": "lava flows, mudflows, and small amounts of tuffaceous rocks; lava flows are principally andesite", "ThematicAge": "Eocene/Oligocene", "ThematicTerraneGroup": "John Day-Clarno package", "ThematicFormation": "Clarno Formation", "ThematicLithology": "mixed lithologies", "_cat": "metal", "_grp": "metal"}, "geometry": {"type": "Point", "coordinates": [-120.43805, 44.39595]}}, {"type": "Feature", "properties": {"Commodity": "mercury", "Type": "metal", "SiteName": "Ontko", "County": "Crook", "Section": "33", "Township": "13S", "Range": "19E", "TopoMap24k": "Whistler Point", "WorkingsType": "underground", "MILO_ID": "ID_03736", "CommodityAbbreviation": "Hg", "Owner": "Andrew Ontko", "TopoMap100k": "Prineville", "ElevationFeet": "4265", "DepositType": "epithermal", "WorkingsDescription": "all workings caved", "YearOfDiscovery": "EARLY 1930", "ShortReference1": "OrB-55", "MapUnit": "Tc", "MapUnitName": "lava flows, mudflows, and small amounts of tuffaceous rocks; lava flows are principally andesite", "ThematicAge": "Eocene/Oligocene", "ThematicTerraneGroup": "John Day-Clarno package", "ThematicFormation": "Clarno Formation", "ThematicLithology": "mixed lithologies", "_cat": "metal", "_grp": "metal"}, "geometry": {"type": "Point", "coordinates": [-120.45454, 44.40004]}}, {"type": "Feature", "properties": {"Commodity": "mercury", "Type": "metal", "SiteName": "Champion", "County": "Crook", "Section": "3", "Township": "14S", "Range": "19E", "TopoMap24k": "Whistler Point", "WorkingsType": "underground", "MILO_ID": "ID_03737", "CommodityAbbreviation": "Hg", "Owner": "David A. And George L. Johnston", "TopoMap100k": "Prineville", "ElevationFeet": "4000", "CommoditiesProduced": "Hg", "OreMaterial": "cinnabar, malachite stain, limonite", "DepositType": "epithermal", "YearOfDiscovery": "1930", "ShortReference1": "OrB-55", "ShortReference2": "USGS-unpub", "MapUnit": "Tc", "MapUnitName": "lava flows, mudflows, and small amounts of tuffaceous rocks; lava flows are principally andesite", "ThematicAge": "Eocene/Oligocene", "ThematicTerraneGroup": "John Day-Clarno package", "ThematicFormation": "Clarno Formation", "ThematicLithology": "mixed lithologies", "_cat": "metal", "_grp": "metal"}, "geometry": {"type": "Point", "coordinates": [-120.44294, 44.38786]}}, {"type": "Feature", "properties": {"Commodity": "gemstone material", "Type": "industrial mineral", "SiteName": "Lavish Lady", "County": "Crook", "Section": "31", "Township": "12S", "Range": "19E", "TopoMap24k": "Steins Pillar", "WorkingsType": "surface", "MILO_ID": "ID_03739", "CommodityAbbreviation": "thunderegg", "Owner": "Taber Hall", "TopoMap100k": "Prineville", "ElevationFeet": "4540", "CommoditiesProduced": "gemstones", "ShortReference1": "OrMLRR", "MapUnit": "Tc", "MapUnitName": "lava flows, mudflows, and tuffs, chiefly of basaltic and andesitic composition", "ThematicAge": "Eocene/Oligocene", "ThematicTerraneGroup": "John Day-Clarno package", "ThematicFormation": "Clarno Formation", "ThematicLithology": "mixed lithologies", "_cat": "thunderegg", "_grp": "gem"}, "geometry": {"type": "Point", "coordinates": [-120.50252, 44.47847]}}, {"type": "Feature", "properties": {"Commodity": "mercury", "Type": "metal", "SiteName": "M.A.S. No 1,2,3,and 4", "County": "Crook", "Section": "10", "Township": "14S", "Range": "20E", "TopoMap24k": "Lookout Mountain", "MILO_ID": "ID_03789", "CommodityAbbreviation": "Hg", "Owner": "unnamed or NA", "TopoMap100k": "Prineville", "ElevationFeet": "5017", "ShortReference1": "USBMWFOC", "MapUnit": "Tpg", "MapUnitName": "Picture Gorge Basalt of Columbia River Group", "ThematicAge": "Miocene", "ThematicTerraneGroup": "Columbia River Basalt Group", "ThematicFormation": "Picture Gorge Basalt", "ThematicLithology": "basalt", "_cat": "metal", "_grp": "metal"}, "geometry": {"type": "Point", "coordinates": [-120.31322, 44.36702]}}, {"type": "Feature", "properties": {"Commodity": "mercury", "Type": "metal", "SiteName": "Wesserling", "County": "Crook", "Section": "14", "Township": "14S", "Range": "20E", "TopoMap24k": "Lookout Mountain", "MILO_ID": "ID_03790", "CommodityAbbreviation": "Hg", "Owner": "unnamed or NA", "TopoMap100k": "Prineville", "ElevationFeet": "4770", "ShortReference1": "OrB-55", "MapUnit": "Tc", "MapUnitName": "lava flows, mudflows, and small amounts of tuffaceous rocks; lava flows are principally andesite", "ThematicAge": "Eocene/Oligocene", "ThematicTerraneGroup": "John Day-Clarno package", "ThematicFormation": "Clarno Formation", "ThematicLithology": "mixed lithologies", "_cat": "metal", "_grp": "metal"}, "geometry": {"type": "Point", "coordinates": [-120.30198, 44.3502]}}, {"type": "Feature", "properties": {"Commodity": "mercury", "Type": "metal", "SiteName": "Blue Ridge", "County": "Crook", "Section": "15", "Township": "14S", "Range": "20E", "TopoMap24k": "Lookout Mountain", "WorkingsType": "underground", "MILO_ID": "ID_03791", "CommodityAbbreviation": "Hg", "Owner": "C.T. Takahashi", "TopoMap100k": "Prineville", "ElevationFeet": "4902", "CommoditiesProduced": "Hg", "OreMaterial": "cinnabar", "DepositType": "veinlet/fracture coating", "WorkingsDescription": "workings as of about 1949. last active 1955, shaft caved at collar, possibly 301 flasks produced, figures includes production from Number 1 mine", "YearOfDiscovery": "CA. 1930", "ShortReference1": "USGS-unpub", "ShortReference2": "OrB-55", "MapUnit": "Tc", "MapUnitName": "lava flows, mudflows, and small amounts of tuffaceous rocks; lava flows are principally andesite", "ThematicAge": "Eocene/Oligocene", "ThematicTerraneGroup": "John Day-Clarno package", "ThematicFormation": "Clarno Formation", "ThematicLithology": "mixed lithologies", "_cat": "metal", "_grp": "metal"}, "geometry": {"type": "Point", "coordinates": [-120.31302, 44.35471]}}, {"type": "Feature", "properties": {"Commodity": "mercury", "Type": "metal", "SiteName": "Amity Mine", "County": "Crook", "Section": "15", "Township": "14S", "Range": "20E", "TopoMap24k": "Lookout Mountain", "WorkingsType": "underground", "MILO_ID": "ID_03792", "CommodityAbbreviation": "Hg", "Owner": "Homestake mercury Mines, Inc.", "TopoMap100k": "Prineville", "ElevationFeet": "5002", "CommoditiesProduced": "Hg", "OreMaterial": "cinnabar, pyrite, limonite, marcasite", "DepositType": "vein/shear zone", "WorkingsDescription": "main mine development is by two adits; 250 ft shaft extends to surface, many old shallow caved workings, probably more produced than recorded, closed in 1958 due to legal proceedings", "YearOfDiscovery": "1929", "ShortReference1": "OrB-55", "ShortReference2": "USGSI-543", "ShortReference3": "USGSB-846-A", "MapUnit": "Tc", "MapUnitName": "lava flows, mudflows, and small amounts of tuffaceous rocks; lava flows are principally andesite", "ThematicAge": "Eocene/Oligocene", "ThematicTerraneGroup": "John Day-Clarno package", "ThematicFormation": "Clarno Formation", "ThematicLithology": "mixed lithologies", "_cat": "metal", "_grp": "metal"}, "geometry": {"type": "Point", "coordinates": [-120.32315, 44.35024]}}, {"type": "Feature", "properties": {"Commodity": "mercury", "Type": "metal", "SiteName": "Devil's Food", "County": "Crook", "Section": "16", "Township": "14S", "Range": "20E", "TopoMap24k": "Lookout Mountain", "WorkingsType": "underground", "MILO_ID": "ID_03793", "CommodityAbbreviation": "Hg", "Owner": "David Westbrook And Jack Campbell", "TopoMap100k": "Prineville", "ElevationFeet": "5239", "OreMaterial": "cinnabar", "DepositType": "fracture filling/disseminated", "WorkingsDescription": "underground workings caved, none recorded, probably 1 flask", "YearOfDiscovery": "1932", "ShortReference1": "OrB-55", "ShortReference2": "USBMIC-8252", "ShortReference3": "Or-map", "MapUnit": "Tc", "MapUnitName": "lava flows, mudflows, and small amounts of tuffaceous rocks; lava flows are principally andesite", "ThematicAge": "Eocene/Oligocene", "ThematicTerraneGroup": "John Day-Clarno package", "ThematicFormation": "Clarno Formation", "ThematicLithology": "mixed lithologies", "_cat": "metal", "_grp": "metal"}, "geometry": {"type": "Point", "coordinates": [-120.32731, 44.34997]}}, {"type": "Feature", "properties": {"Commodity": "mercury", "Type": "metal", "SiteName": "Orion Mining Co.", "County": "Crook", "Section": "16", "Township": "14S", "Range": "20E", "TopoMap24k": "Lookout Mountain", "WorkingsType": "underground", "MILO_ID": "ID_03794", "CommodityAbbreviation": "Hg", "Owner": "Orion Exploration And Development Co.", "TopoMap100k": "Prineville", "ElevationFeet": "5138", "OreMaterial": "cinnabar", "ShortReference1": "USBMIC-8252", "MapUnit": "Tc", "MapUnitName": "lava flows, mudflows, and small amounts of tuffaceous rocks; lava flows are principally andesite", "ThematicAge": "Eocene/Oligocene", "ThematicTerraneGroup": "John Day-Clarno package", "ThematicFormation": "Clarno Formation", "ThematicLithology": "mixed lithologies", "_cat": "metal", "_grp": "metal"}, "geometry": {"type": "Point", "coordinates": [-120.33547, 44.34888]}}, {"type": "Feature", "properties": {"Commodity": "mercury", "Type": "metal", "SiteName": "Peaslee Creek", "County": "Crook", "Section": "18", "Township": "14S", "Range": "20E", "TopoMap24k": "Lookout Mountain", "MILO_ID": "ID_03795", "CommodityAbbreviation": "Hg", "Owner": "Frank O'kelly", "TopoMap100k": "Prineville", "ElevationFeet": "4929", "OreMaterial": "cinnabar", "ShortReference1": "OrB-55", "ShortReference2": "USBMIC-8252", "ShortReference3": "Or-map", "MapUnit": "Tc", "MapUnitName": "lava flows, mudflows, and small amounts of tuffaceous rocks; lava flows are principally andesite", "ThematicAge": "Eocene/Oligocene", "ThematicTerraneGroup": "John Day-Clarno package", "ThematicFormation": "Clarno Formation", "ThematicLithology": "mixed lithologies", "_cat": "metal", "_grp": "metal"}, "geometry": {"type": "Point", "coordinates": [-120.37427, 44.35605]}}, {"type": "Feature", "properties": {"Commodity": "mercury", "Type": "metal", "SiteName": "Independent", "County": "Crook", "Section": "20", "Township": "14S", "Range": "20E", "TopoMap24k": "Lookout Mountain", "WorkingsType": "underground", "MILO_ID": "ID_03796", "CommodityAbbreviation": "Hg", "Owner": "Independent Quicksilver Co.", "TopoMap100k": "Prineville", "ElevationFeet": "5815", "OreMaterial": "cinnabar, pyrite", "DepositType": "disseminated", "WorkingsDescription": "caved", "ShortReference1": "OrB-55", "ShortReference2": "USBMIC-8252", "ShortReference3": "Or-map", "MapUnit": "Tc", "MapUnitName": "lava flows, mudflows, and small amounts of tuffaceous rocks; lava flows are principally andesite", "ThematicAge": "Eocene/Oligocene", "ThematicTerraneGroup": "John Day-Clarno package", "ThematicFormation": "Clarno Formation", "ThematicLithology": "mixed lithologies", "_cat": "metal", "_grp": "metal"}, "geometry": {"type": "Point", "coordinates": [-120.35705, 44.34126]}}, {"type": "Feature", "properties": {"Commodity": "mercury", "Type": "metal", "SiteName": "mine", "County": "Crook", "Section": "20", "Township": "14S", "Range": "20E", "TopoMap24k": "Lookout Mountain", "WorkingsType": "underground", "MILO_ID": "ID_03797", "CommodityAbbreviation": "Hg", "Owner": "unnamed or NA", "TopoMap100k": "Prineville", "ElevationFeet": "5918", "WorkingsDescription": "adit", "MapUnit": "Tc", "MapUnitName": "lava flows, mudflows, and small amounts of tuffaceous rocks; lava flows are principally andesite", "ThematicAge": "Eocene/Oligocene", "ThematicTerraneGroup": "John Day-Clarno package", "ThematicFormation": "Clarno Formation", "ThematicLithology": "mixed lithologies", "_cat": "metal", "_grp": "metal"}, "geometry": {"type": "Point", "coordinates": [-120.36085, 44.33704]}}, {"type": "Feature", "properties": {"Commodity": "mercury", "Type": "metal", "SiteName": "Jimmy Ann", "County": "Crook", "Section": "7", "Township": "14S", "Range": "19E", "TopoMap24k": "Gerow Butte", "WorkingsType": "underground", "MILO_ID": "ID_03802", "CommodityAbbreviation": "Hg", "Owner": "John Hudspeth", "TopoMap100k": "Prineville", "ElevationFeet": "4077", "CommoditiesProduced": "Hg", "OreMaterial": "cinnbar, marcasite", "DepositType": "encrustation, veinlet", "WorkingsDescription": "workings as of about mid-1940s, workings are now caved, idle since 1943, probably produced a few more flasks than reported", "YearOfDiscovery": "1927", "ShortReference1": "USGS-unpub", "ShortReference2": "OrB-55", "MapUnit": "Tjr", "MapUnitName": "rhyolitic intrusive rocks, principally plugs and dikes", "ThematicAge": "Eocene/Oligocene", "ThematicTerraneGroup": "John Day-Clarno package", "ThematicFormation": "John Day Formation", "ThematicLithology": "rhyolite", "_cat": "metal", "_grp": "metal"}, "geometry": {"type": "Point", "coordinates": [-120.48935, 44.36833]}}, {"type": "Feature", "properties": {"Commodity": "mercury", "Type": "metal", "SiteName": "Bear claims", "County": "Wheeler", "Section": "32", "Township": "12S", "Range": "20E", "TopoMap24k": "Ochoco Butte", "WorkingsType": "underground", "MILO_ID": "ID_05827", "CommodityAbbreviation": "Hg", "Owner": "unnamed or NA", "TopoMap100k": "Prineville", "ElevationFeet": "5001", "OreMaterial": "cinnabar, pyrite, limonite", "DepositType": "disseminated/fracture filling", "WorkingsDescription": "caved", "ShortReference1": "OrB-55", "ShortReference2": "USBMIC-8252", "ShortReference3": "Or-map", "MapUnit": "Tc", "MapUnitName": "lava flows, mudflows, and small amounts of tuffaceous rocks; lava flows are principally andesite", "ThematicAge": "Eocene/Oligocene", "ThematicTerraneGroup": "John Day-Clarno package", "ThematicFormation": "Clarno Formation", "ThematicLithology": "mixed lithologies", "_cat": "metal", "_grp": "metal"}, "geometry": {"type": "Point", "coordinates": [-120.3649, 44.47811]}}, {"type": "Feature", "properties": {"Commodity": "mercury", "Type": "metal", "SiteName": "Ribelin", "County": "Wheeler", "Section": "32", "Township": "12S", "Range": "20E", "TopoMap24k": "Ochoco Butte", "WorkingsType": "surface", "MILO_ID": "ID_05828", "CommodityAbbreviation": "Hg", "Owner": "unnamed or NA", "TopoMap100k": "Prineville", "ElevationFeet": "5056", "OreMaterial": "cinnabar, limonite", "DepositType": "epithermal", "YearOfDiscovery": "1930", "ShortReference1": "OrB-55", "MapUnit": "Tc", "MapUnitName": "lava flows, mudflows, and small amounts of tuffaceous rocks; lava flows are principally andesite", "ThematicAge": "Eocene/Oligocene", "ThematicTerraneGroup": "John Day-Clarno package", "ThematicFormation": "Clarno Formation", "ThematicLithology": "mixed lithologies", "_cat": "metal", "_grp": "metal"}, "geometry": {"type": "Point", "coordinates": [-120.36225, 44.47798]}}, {"type": "Feature", "properties": {"Commodity": "mercury", "Type": "metal", "SiteName": "Mercury King", "County": "Wheeler", "Section": "31", "Township": "12S", "Range": "20E", "TopoMap24k": "Ochoco Butte", "WorkingsType": "surface", "MILO_ID": "ID_05830", "CommodityAbbreviation": "Hg", "Owner": "R H McManners and M U Kingwell", "TopoMap100k": "Prineville", "ElevationFeet": "5023", "OreMaterial": "cinnabar", "DepositType": "epithermal", "WorkingsDescription": "caved", "ShortReference1": "OrB-55", "ShortReference2": "USBMIC-8252", "ShortReference3": "Or-map", "MapUnit": "Tc", "MapUnitName": "lava flows, mudflows, and small amounts of tuffaceous rocks; lava flows are principally andesite", "ThematicAge": "Eocene/Oligocene", "ThematicTerraneGroup": "John Day-Clarno package", "ThematicFormation": "Clarno Formation", "ThematicLithology": "mixed lithologies", "_cat": "metal", "_grp": "metal"}, "geometry": {"type": "Point", "coordinates": [-120.36944, 44.47637]}}, {"type": "Feature", "properties": {"Commodity": "mercury", "Type": "metal", "SiteName": "mine", "County": "Crook", "Section": "20", "Township": "13S", "Range": "20E", "TopoMap24k": "Ochoco Butte", "WorkingsType": "underground", "MILO_ID": "ID_06226", "CommodityAbbreviation": "Hg", "Owner": "unnamed or NA", "TopoMap100k": "Prineville", "ElevationFeet": "4608", "MapUnit": "Tc", "MapUnitName": "lava flows, mudflows, and small amounts of tuffaceous rocks; lava flows are principally andesite", "ThematicAge": "Eocene/Oligocene", "ThematicTerraneGroup": "John Day-Clarno package", "ThematicFormation": "Clarno Formation", "ThematicLithology": "mixed lithologies", "_cat": "metal", "_grp": "metal"}, "geometry": {"type": "Point", "coordinates": [-120.36201, 44.42694]}}, {"type": "Feature", "properties": {"Commodity": "gold, lead, silver, mercury, antimony, copper, zinc", "Type": "metal", "SiteName": "Ochoco", "County": "Crook", "Section": "30", "Township": "13S", "Range": "20E", "TopoMap24k": "Ochoco Butte", "WorkingsType": "underground", "MILO_ID": "ID_06227", "CommodityAbbreviation": "Au Pb Ag Hg Sb Cu Zn", "Owner": "unnamed or NA", "TopoMap100k": "Prineville", "ElevationFeet": "4549", "CommoditiesProduced": "Au Pb Ag", "OreMaterial": "pyrite, arsenopyrite, sphalerite, chalcopyrite, tetrahedrite, galena", "DepositType": "vein/shear zone", "WorkingsDescription": "adit", "ShortReference1": "OrB-55", "ShortReference2": "USBMIC-8252", "ShortReference3": "Or-map", "MapUnit": "Tc", "MapUnitName": "lava flows, mudflows, and small amounts of tuffaceous rocks; lava flows are principally andesite", "ThematicAge": "Eocene/Oligocene", "ThematicTerraneGroup": "John Day-Clarno package", "ThematicFormation": "Clarno Formation", "ThematicLithology": "mixed lithologies", "_cat": "gold", "_grp": "metal"}, "geometry": {"type": "Point", "coordinates": [-120.37201, 44.41669]}}, {"type": "Feature", "properties": {"Commodity": "mercury", "Type": "metal", "SiteName": "prospect", "County": "Crook", "Section": "20", "Township": "14S", "Range": "20E", "TopoMap24k": "Lookout Mountain", "WorkingsType": "surface", "MILO_ID": "ID_06245", "CommodityAbbreviation": "Hg", "Owner": "unnamed or NA", "TopoMap100k": "Prineville", "ElevationFeet": "6169", "MapUnit": "Tc", "MapUnitName": "lava flows, mudflows, and small amounts of tuffaceous rocks; lava flows are principally andesite", "ThematicAge": "Eocene/Oligocene", "ThematicTerraneGroup": "John Day-Clarno package", "ThematicFormation": "Clarno Formation", "ThematicLithology": "mixed lithologies", "_cat": "metal", "_grp": "metal"}, "geometry": {"type": "Point", "coordinates": [-120.35851, 44.3359]}}, {"type": "Feature", "properties": {"Commodity": "mercury", "Type": "metal", "SiteName": "mine", "County": "Crook", "Section": "7", "Township": "14S", "Range": "19E", "TopoMap24k": "Gerow Butte", "WorkingsType": "underground", "MILO_ID": "ID_06254", "CommodityAbbreviation": "Hg", "Owner": "unnamed or NA", "TopoMap100k": "Prineville", "ElevationFeet": "3876", "WorkingsDescription": "workings as of about mid-1940s, workings are now caved, idle since 1943, probably produced a few more flasks than reported", "YearOfDiscovery": "1927", "ShortReference1": "USGS-unpub", "ShortReference2": "OrB-55", "MapUnit": "Tjr", "MapUnitName": "rhyolitic intrusive rocks, principally plugs and dikes", "ThematicAge": "Eocene/Oligocene", "ThematicTerraneGroup": "John Day-Clarno package", "ThematicFormation": "John Day Formation", "ThematicLithology": "rhyolite", "_cat": "metal", "_grp": "metal"}, "geometry": {"type": "Point", "coordinates": [-120.49534, 44.3648]}}, {"type": "Feature", "properties": {"Commodity": "mercury", "Type": "metal", "SiteName": "prospect", "County": "Crook", "Section": "7", "Township": "14S", "Range": "19E", "TopoMap24k": "Gerow Butte", "WorkingsType": "surface", "MILO_ID": "ID_06255", "CommodityAbbreviation": "Hg", "Owner": "unnamed or NA", "TopoMap100k": "Prineville", "ElevationFeet": "4143", "MapUnit": "Tjc", "MapUnitName": "clay derived from rhyolitic tuff, locally poorly stratified", "ThematicAge": "Eocene/Oligocene", "ThematicTerraneGroup": "John Day-Clarno package", "ThematicFormation": "John Day Formation", "ThematicLithology": "tuff", "_cat": "metal", "_grp": "metal"}, "geometry": {"type": "Point", "coordinates": [-120.48857, 44.37029]}}, {"type": "Feature", "properties": {"Commodity": "mercury", "Type": "metal", "SiteName": "prospect", "County": "Crook", "Section": "7", "Township": "14S", "Range": "19E", "TopoMap24k": "Gerow Butte", "WorkingsType": "surface", "MILO_ID": "ID_06256", "CommodityAbbreviation": "Hg", "Owner": "unnamed or NA", "TopoMap100k": "Prineville", "ElevationFeet": "4101", "MapUnit": "Tjc", "MapUnitName": "clay derived from rhyolitic tuff, locally poorly stratified", "ThematicAge": "Eocene/Oligocene", "ThematicTerraneGroup": "John Day-Clarno package", "ThematicFormation": "John Day Formation", "ThematicLithology": "tuff", "_cat": "metal", "_grp": "metal"}, "geometry": {"type": "Point", "coordinates": [-120.48856, 44.36907]}}, {"type": "Feature", "properties": {"Commodity": "mercury", "Type": "metal", "SiteName": "prospect", "County": "Crook", "Section": "7", "Township": "14S", "Range": "19E", "TopoMap24k": "Gerow Butte", "WorkingsType": "surface", "MILO_ID": "ID_06257", "CommodityAbbreviation": "Hg", "Owner": "unnamed or NA", "TopoMap100k": "Prineville", "ElevationFeet": "4112", "MapUnit": "Tjr", "MapUnitName": "rhyolitic intrusive rocks, principally plugs and dikes", "ThematicAge": "Eocene/Oligocene", "ThematicTerraneGroup": "John Day-Clarno package", "ThematicFormation": "John Day Formation", "ThematicLithology": "rhyolite", "_cat": "metal", "_grp": "metal"}, "geometry": {"type": "Point", "coordinates": [-120.48897, 44.36882]}}, {"type": "Feature", "properties": {"Commodity": "mercury", "Type": "metal", "SiteName": "prospect", "County": "Crook", "Section": "7", "Township": "14S", "Range": "19E", "TopoMap24k": "Gerow Butte", "WorkingsType": "surface", "MILO_ID": "ID_06258", "CommodityAbbreviation": "Hg", "Owner": "unnamed or NA", "TopoMap100k": "Prineville", "ElevationFeet": "4082", "MapUnit": "Tjr", "MapUnitName": "rhyolitic intrusive rocks, principally plugs and dikes", "ThematicAge": "Eocene/Oligocene", "ThematicTerraneGroup": "John Day-Clarno package", "ThematicFormation": "John Day Formation", "ThematicLithology": "rhyolite", "_cat": "metal", "_grp": "metal"}, "geometry": {"type": "Point", "coordinates": [-120.48934, 44.36866]}}, {"type": "Feature", "properties": {"Commodity": "mercury", "Type": "metal", "SiteName": "prospect", "County": "Crook", "Section": "7", "Township": "14S", "Range": "19E", "TopoMap24k": "Gerow Butte", "WorkingsType": "surface", "MILO_ID": "ID_06259", "CommodityAbbreviation": "Hg", "Owner": "unnamed or NA", "TopoMap100k": "Prineville", "ElevationFeet": "3990", "MapUnit": "Tjc", "MapUnitName": "clay derived from rhyolitic tuff, locally poorly stratified", "ThematicAge": "Eocene/Oligocene", "ThematicTerraneGroup": "John Day-Clarno package", "ThematicFormation": "John Day Formation", "ThematicLithology": "tuff", "_cat": "metal", "_grp": "metal"}, "geometry": {"type": "Point", "coordinates": [-120.48992, 44.36756]}}, {"type": "Feature", "properties": {"Commodity": "mercury", "Type": "metal", "SiteName": "prospect", "County": "Crook", "Section": "7", "Township": "14S", "Range": "19E", "TopoMap24k": "Gerow Butte", "WorkingsType": "surface", "MILO_ID": "ID_06260", "CommodityAbbreviation": "Hg", "Owner": "unnamed or NA", "TopoMap100k": "Prineville", "ElevationFeet": "3954", "MapUnit": "Tc", "MapUnitName": "lava flows, mudflows, and small amounts of tuffaceous rocks; lava flows are principally andesite", "ThematicAge": "Eocene/Oligocene", "ThematicTerraneGroup": "John Day-Clarno package", "ThematicFormation": "Clarno Formation", "ThematicLithology": "mixed lithologies", "_cat": "metal", "_grp": "metal"}, "geometry": {"type": "Point", "coordinates": [-120.49037, 44.367]}}, {"type": "Feature", "properties": {"Commodity": "mercury", "Type": "metal", "SiteName": "prospect", "County": "Crook", "Section": "7", "Township": "14S", "Range": "19E", "TopoMap24k": "Gerow Butte", "WorkingsType": "surface", "MILO_ID": "ID_06261", "CommodityAbbreviation": "Hg", "Owner": "unnamed or NA", "TopoMap100k": "Prineville", "ElevationFeet": "4110", "MapUnit": "Tjc", "MapUnitName": "clay derived from rhyolitic tuff, locally poorly stratified", "ThematicAge": "Eocene/Oligocene", "ThematicTerraneGroup": "John Day-Clarno package", "ThematicFormation": "John Day Formation", "ThematicLithology": "tuff", "_cat": "metal", "_grp": "metal"}, "geometry": {"type": "Point", "coordinates": [-120.48933, 44.36964]}}, {"type": "Feature", "properties": {"Commodity": "gemstone material", "Type": "industrial mineral", "SiteName": "unnamed or NA", "County": "Wheeler", "Section": "17", "Township": "13S", "Range": "20E", "TopoMap24k": "Ochoco Butte", "WorkingsType": "surface", "MILO_ID": "ID_15820", "CommodityAbbreviation": "gemstone", "Owner": "unnamed or NA", "TopoMap100k": "Prineville", "ElevationFeet": "4995", "MapUnit": "Tpg", "MapUnitName": "Picture Gorge Basalt of Columbia River Group", "ThematicAge": "Miocene", "ThematicTerraneGroup": "Columbia River Basalt Group", "ThematicFormation": "Picture Gorge Basalt", "ThematicLithology": "basalt", "_cat": "gem_other", "_grp": "gem"}, "geometry": {"type": "Point", "coordinates": [-120.34855, 44.43974]}}, {"type": "Feature", "properties": {"Commodity": "gold", "Type": "metal", "SiteName": "Last Chance", "County": "Crook", "Section": "31", "Township": "13S", "Range": "20E", "TopoMap24k": "Ochoco Butte", "WorkingsType": "surface", "MILO_ID": "ID_16458", "CommodityAbbreviation": "Au", "Owner": "unnamed or NA", "TopoMap100k": "Prineville", "ElevationFeet": "5397", "ShortReference1": "USGSB-846-A", "MapUnit": "Tc", "MapUnitName": "lava flows, mudflows, and small amounts of tuffaceous rocks; lava flows are principally andesite", "ThematicAge": "Eocene/Oligocene", "ThematicTerraneGroup": "John Day-Clarno package", "ThematicFormation": "Clarno Formation", "ThematicLithology": "mixed lithologies", "_cat": "gold", "_grp": "metal"}, "geometry": {"type": "Point", "coordinates": [-120.36639, 44.39303]}}, {"type": "Feature", "properties": {"Commodity": "gemstone material", "Type": "industrial mineral", "SiteName": "unnamed or NA", "County": "Crook", "Section": "13", "Township": "13S", "Range": "19E", "TopoMap24k": "Whistler Point", "WorkingsType": "surface", "MILO_ID": "ID_16471", "CommodityAbbreviation": "agate", "Owner": "unnamed or NA", "TopoMap100k": "Prineville", "ElevationFeet": "5330", "MapUnit": "Tc", "MapUnitName": "lava flows, mudflows, and small amounts of tuffaceous rocks; lava flows are principally andesite", "ThematicAge": "Eocene/Oligocene", "ThematicTerraneGroup": "John Day-Clarno package", "ThematicFormation": "Clarno Formation", "ThematicLithology": "mixed lithologies", "_cat": "agate", "_grp": "gem"}, "geometry": {"type": "Point", "coordinates": [-120.39206, 44.44037]}}, {"type": "Feature", "properties": {"Commodity": "gold", "Type": "metal", "SiteName": "Stithum Mine", "County": "Grant", "Section": "2", "Township": "11S", "Range": "33E", "TopoMap24k": "Boulder Butte", "MILO_ID": "ID_03176", "CommodityAbbreviation": "Au", "Owner": "unnamed or NA", "TopoMap100k": "Bates", "ElevationFeet": "4621", "ShortReference1": "USGSI-447", "MapUnit": "TRPs", "MapUnitName": "Argillite and chert", "ThematicAge": "Paleozoic/Mesozoic", "ThematicTerraneGroup": "Baker terrane", "ThematicFormation": "Badger Creek unit", "ThematicLithology": "mixed grained sediments", "_cat": "gold", "_grp": "metal"}, "geometry": {"type": "Point", "coordinates": [-118.69667, 44.63598]}}, {"type": "Feature", "properties": {"Commodity": "gold, silver", "Type": "metal", "SiteName": "Middle Fork placers", "County": "Grant", "Section": "11", "Township": "11S", "Range": "34E", "TopoMap24k": "Bates", "WorkingsType": "surface", "MILO_ID": "ID_03225", "CommodityAbbreviation": "Au Ag", "Owner": "unnamed or NA", "TopoMap100k": "Bates", "ElevationFeet": "3939", "CommoditiesProduced": "Au Ag", "DepositType": "placer", "WorkingsDescription": "both bucket and dragline dredges have operated on the middle fork below bates, 1939-1942 production is for the Timms gold Dredging Company's operation 10 miles northwest of Bates", "ShortReference1": "Or-file", "ShortReference2": "OrB-14-B", "ShortReference3": "OrB-61", "MapUnit": "Ts", "MapUnitName": "Strawberry Volcanics", "ThematicAge": "Miocene", "ThematicTerraneGroup": "Strawberry Volcanics", "ThematicFormation": "no data", "ThematicLithology": "mixed lithologies", "_cat": "gold", "_grp": "metal"}, "geometry": {"type": "Point", "coordinates": [-118.57669, 44.624]}}, {"type": "Feature", "properties": {"Commodity": "copper", "Type": "metal", "SiteName": "Black Dog", "County": "Grant", "Section": "28", "Township": "11S", "Range": "34E", "TopoMap24k": "Bates", "MILO_ID": "ID_03227", "CommodityAbbreviation": "Cu", "Owner": "unnamed or NA", "TopoMap100k": "Bates", "ElevationFeet": "5983", "ShortReference1": "USBMMILS", "MapUnit": "PZv", "MapUnitName": "Sedimentary, volcanic, and metamorphic rocks", "ThematicAge": "Paleozoic/Mesozoic", "ThematicTerraneGroup": "Baker terrane", "ThematicFormation": "Dixie Butte member", "ThematicLithology": "greenstone", "_cat": "metal", "_grp": "metal"}, "geometry": {"type": "Point", "coordinates": [-118.61181, 44.57159]}}, {"type": "Feature", "properties": {"Commodity": "gold", "Type": "metal", "SiteName": "unnamed or NA", "County": "Grant", "Section": "36", "Township": "11S", "Range": "34E", "TopoMap24k": "Bates", "MILO_ID": "ID_03229", "CommodityAbbreviation": "Au", "Owner": "Trussell, Carl V.", "TopoMap100k": "Bates", "ElevationFeet": "4826", "ShortReference1": "OrMLRR", "MapUnit": "PZv", "MapUnitName": "Sedimentary, volcanic, and metamorphic rocks", "ThematicAge": "Paleozoic/Mesozoic", "ThematicTerraneGroup": "Baker terrane", "ThematicFormation": "Dixie Butte member", "ThematicLithology": "greenstone", "_cat": "gold", "_grp": "metal"}, "geometry": {"type": "Point", "coordinates": [-118.56656, 44.5679]}}, {"type": "Feature", "properties": {"Commodity": "gold", "Type": "metal", "SiteName": "Dixie Trail Group", "County": "Grant", "Section": "36", "Township": "11S", "Range": "34E", "TopoMap24k": "Bates", "MILO_ID": "ID_03230", "CommodityAbbreviation": "Au", "Owner": "unnamed or NA", "TopoMap100k": "Bates", "ElevationFeet": "4398", "ShortReference1": "OrMLRR", "MapUnit": "Ts", "MapUnitName": "Strawberry Volcanics", "ThematicAge": "Miocene", "ThematicTerraneGroup": "Strawberry Volcanics", "ThematicFormation": "no data", "ThematicLithology": "mixed lithologies", "_cat": "gold", "_grp": "metal"}, "geometry": {"type": "Point", "coordinates": [-118.5541, 44.57636]}}, {"type": "Feature", "properties": {"Commodity": "gold", "Type": "metal", "SiteName": "gold prospect", "County": "Grant", "Section": "12", "Township": "12S", "Range": "34E", "TopoMap24k": "Bates", "MILO_ID": "ID_03231", "CommodityAbbreviation": "Au", "Owner": "Everett N Soden", "TopoMap100k": "Bates", "ElevationFeet": "4945", "ShortReference1": "OrMLRR", "MapUnit": "Ts", "MapUnitName": "Strawberry Volcanics", "ThematicAge": "Miocene", "ThematicTerraneGroup": "Strawberry Volcanics", "ThematicFormation": "no data", "ThematicLithology": "mixed lithologies", "_cat": "gold", "_grp": "metal"}, "geometry": {"type": "Point", "coordinates": [-118.5628, 44.54149]}}, {"type": "Feature", "properties": {"Commodity": "lead, zinc, copper, silver, gold", "Type": "metal", "SiteName": "Silver Bow", "County": "Grant", "Section": "9", "Township": "12S", "Range": "34E", "TopoMap24k": "Bates", "MILO_ID": "ID_03232", "CommodityAbbreviation": "Pb Zn Cu Ag Au", "Owner": "unnamed or NA", "TopoMap100k": "Bates", "ElevationFeet": "5025", "WorkingsDescription": "no production reported", "ShortReference1": "USGSI-447", "MapUnit": "PZv", "MapUnitName": "Sedimentary, volcanic, and metamorphic rocks", "ThematicAge": "Paleozoic/Mesozoic", "ThematicTerraneGroup": "Baker terrane", "ThematicFormation": "Dixie Butte member", "ThematicLithology": "greenstone", "_cat": "gold", "_grp": "metal"}, "geometry": {"type": "Point", "coordinates": [-118.61975, 44.54194]}}, {"type": "Feature", "properties": {"Commodity": "chromium", "Type": "metal", "SiteName": "unnamed or NA", "County": "Grant", "Section": "14", "Township": "12S", "Range": "34E", "TopoMap24k": "Bates", "WorkingsType": "surface", "MILO_ID": "ID_03233", "CommodityAbbreviation": "Cr", "Owner": "unnamed or NA", "TopoMap100k": "Bates", "ElevationFeet": "5379", "OreMaterial": "chromite", "DepositType": "massive", "WorkingsDescription": "occurrence", "ShortReference1": "USGSI-447", "ShortReference2": "Or-file", "MapUnit": "Tc", "MapUnitName": "Clarno Formation", "ThematicAge": "Eocene/Oligocene", "ThematicTerraneGroup": "John Day-Clarno package", "ThematicFormation": "Clarno Formation", "ThematicLithology": "mixed lithologies", "_cat": "metal", "_grp": "metal"}, "geometry": {"type": "Point", "coordinates": [-118.58947, 44.52561]}}, {"type": "Feature", "properties": {"Commodity": "chromium", "Type": "metal", "SiteName": "unnamed or NA", "County": "Grant", "Section": "17", "Township": "11S", "Range": "34E", "TopoMap24k": "Dixie Meadows", "WorkingsType": "surface", "MILO_ID": "ID_03234", "CommodityAbbreviation": "Cr", "Owner": "unnamed or NA", "TopoMap100k": "Bates", "ElevationFeet": "4380", "OreMaterial": "chromite", "DepositType": "massive", "WorkingsDescription": "occurrence", "ShortReference1": "Or-file", "MapUnit": "Tvs", "MapUnitName": "Volcaniclastic rocks", "ThematicAge": "Eocene/Oligocene", "ThematicTerraneGroup": "John Day-Clarno package", "ThematicFormation": "no data", "ThematicLithology": "mixed lithologies", "_cat": "metal", "_grp": "metal"}, "geometry": {"type": "Point", "coordinates": [-118.64445, 44.61131]}}, {"type": "Feature", "properties": {"Commodity": "gold", "Type": "metal", "SiteName": "gold prospect", "County": "Grant", "Section": "13", "Township": "11S", "Range": "33E", "TopoMap24k": "Dixie Meadows", "WorkingsType": "underground", "MILO_ID": "ID_03236", "CommodityAbbreviation": "Au", "Owner": "unnamed or NA", "TopoMap100k": "Bates", "ElevationFeet": "4624", "WorkingsDescription": "adit 300 feet", "ShortReference1": "USBMMILS", "ShortReference2": "OrGMS-35", "MapUnit": "sp", "MapUnitName": "Serpentinite and serpentinite matrix melange", "ThematicAge": "Paleozoic/Mesozoic", "ThematicTerraneGroup": "Baker terrane", "ThematicFormation": "no data", "ThematicLithology": "serpentinite", "_cat": "gold", "_grp": "metal"}, "geometry": {"type": "Point", "coordinates": [-118.68756, 44.61817]}}, {"type": "Feature", "properties": {"Commodity": "gold", "Type": "metal", "SiteName": "gold prospect", "County": "Grant", "Section": "14", "Township": "11S", "Range": "33E", "TopoMap24k": "Dixie Meadows", "WorkingsType": "surface", "MILO_ID": "ID_03237", "CommodityAbbreviation": "Au", "Owner": "unnamed or NA", "TopoMap100k": "Bates", "ElevationFeet": "5939", "WorkingsDescription": "shallow cuts", "ShortReference1": "OrGMS-35", "MapUnit": "KJi", "MapUnitName": "Intrusive rocks", "ThematicAge": "Jurassic/Cretaceous", "ThematicTerraneGroup": "Nevadan intrusions", "ThematicFormation": "no data", "ThematicLithology": "intermediate composition lithologies", "_cat": "gold", "_grp": "metal"}, "geometry": {"type": "Point", "coordinates": [-118.70724, 44.61333]}}, {"type": "Feature", "properties": {"Commodity": "gold", "Type": "metal", "SiteName": "gold prospect", "County": "Grant", "Section": "20", "Township": "11S", "Range": "34E", "TopoMap24k": "Dixie Meadows", "WorkingsType": "underground", "MILO_ID": "ID_03238", "CommodityAbbreviation": "Au", "Owner": "unnamed or NA", "TopoMap100k": "Bates", "ElevationFeet": "4712", "WorkingsDescription": "short adit", "ShortReference1": "OrGMS-35", "MapUnit": "TRPdb", "MapUnitName": "Dixie Butte Meta-andesite", "ThematicAge": "Paleozoic/Mesozoic", "ThematicTerraneGroup": "Baker terrane", "ThematicFormation": "Dixie Butte member", "ThematicLithology": "greenstone", "_cat": "gold", "_grp": "metal"}, "geometry": {"type": "Point", "coordinates": [-118.65125, 44.60442]}}, {"type": "Feature", "properties": {"Commodity": "gold", "Type": "metal", "SiteName": "gold prospect", "County": "Grant", "Section": "24", "Township": "11S", "Range": "33E", "TopoMap24k": "Dixie Meadows", "WorkingsType": "surface", "MILO_ID": "ID_03239", "CommodityAbbreviation": "Au", "Owner": "unnamed or NA", "TopoMap100k": "Bates", "ElevationFeet": "5290", "WorkingsDescription": "pits", "ShortReference1": "OrGMS-35", "MapUnit": "sp", "MapUnitName": "Serpentinite and serpentinite matrix melange", "ThematicAge": "Paleozoic/Mesozoic", "ThematicTerraneGroup": "Baker terrane", "ThematicFormation": "no data", "ThematicLithology": "serpentinite", "_cat": "gold", "_grp": "metal"}, "geometry": {"type": "Point", "coordinates": [-118.68741, 44.60497]}}, {"type": "Feature", "properties": {"Commodity": "gold", "Type": "metal", "SiteName": "gold prospect", "County": "Grant", "Section": "23", "Township": "11S", "Range": "33E", "TopoMap24k": "Dixie Meadows", "WorkingsType": "surface", "MILO_ID": "ID_03240", "CommodityAbbreviation": "Au", "Owner": "unnamed or NA", "TopoMap100k": "Bates", "ElevationFeet": "5477", "WorkingsDescription": "pit", "ShortReference1": "USBMMILS", "ShortReference2": "OrGMS-35", "MapUnit": "sp", "MapUnitName": "Serpentinite and serpentinite matrix melange", "ThematicAge": "Paleozoic/Mesozoic", "ThematicTerraneGroup": "Baker terrane", "ThematicFormation": "no data", "ThematicLithology": "serpentinite", "_cat": "gold", "_grp": "metal"}, "geometry": {"type": "Point", "coordinates": [-118.70013, 44.59625]}}, {"type": "Feature", "properties": {"Commodity": "gold, silver, zinc, copper, cobalt, nickel", "Type": "metal", "SiteName": "Last Chance Group", "County": "Grant", "Section": "23", "Township": "11S", "Range": "33E", "TopoMap24k": "Dixie Meadows", "MILO_ID": "ID_03241", "CommodityAbbreviation": "Au Ag Zn Cu Co Ni", "Owner": "unnamed or NA", "TopoMap100k": "Bates", "ElevationFeet": "5377", "OreMaterial": "galena, sphalerite, chalcopyrite, pyrite, pyrrhotite, arsenopyrite", "DepositType": "shear zone", "WorkingsDescription": "400 ft of workings", "ShortReference1": "OrB-14-B", "ShortReference2": "OrGMS-35", "MapUnit": "TRPs", "MapUnitName": "Argillite and chert", "ThematicAge": "Paleozoic/Mesozoic", "ThematicTerraneGroup": "Baker terrane", "ThematicFormation": "Badger Creek unit", "ThematicLithology": "mixed grained sediments", "_cat": "gold", "_grp": "metal"}, "geometry": {"type": "Point", "coordinates": [-118.69601, 44.59847]}}, {"type": "Feature", "properties": {"Commodity": "nickel", "Type": "metal", "SiteName": "Summers prospect", "County": "Grant", "Section": "23", "Township": "11S", "Range": "33E", "TopoMap24k": "Dixie Meadows", "WorkingsType": "surface", "MILO_ID": "ID_03242", "CommodityAbbreviation": "Ni", "Owner": "unnamed or NA", "TopoMap100k": "Bates", "ElevationFeet": "5922", "WorkingsDescription": "no further work has been done at this prospect", "YearOfDiscovery": "1955", "ShortReference1": "OrMP-20", "MapUnit": "sp", "MapUnitName": "Serpentinite and serpentinite matrix melange", "ThematicAge": "Paleozoic/Mesozoic", "ThematicTerraneGroup": "Baker terrane", "ThematicFormation": "no data", "ThematicLithology": "serpentinite", "_cat": "metal", "_grp": "metal"}, "geometry": {"type": "Point", "coordinates": [-118.70186, 44.60105]}}, {"type": "Feature", "properties": {"Commodity": "gold, copper", "Type": "metal", "SiteName": "Gladys", "County": "Grant", "Section": "23", "Township": "11S", "Range": "33E", "TopoMap24k": "Dixie Meadows", "WorkingsType": "underground", "MILO_ID": "ID_03243", "CommodityAbbreviation": "Au Cu", "Owner": "unnamed or NA", "TopoMap100k": "Bates", "ElevationFeet": "5337", "OreMaterial": "chalcopyrite, pyrite, pyrrhotite", "DepositType": "vein", "WorkingsDescription": "short adit", "ShortReference1": "thesis", "ShortReference2": "OrGMS-35", "MapUnit": "TRPs", "MapUnitName": "Argillite and chert", "ThematicAge": "Paleozoic/Mesozoic", "ThematicTerraneGroup": "Baker terrane", "ThematicFormation": "Badger Creek unit", "ThematicLithology": "mixed grained sediments", "_cat": "gold", "_grp": "metal"}, "geometry": {"type": "Point", "coordinates": [-118.71569, 44.59172]}}, {"type": "Feature", "properties": {"Commodity": "gold, arsenic, copper, lead, zinc, silver", "Type": "metal", "SiteName": "Dixie Meadows", "County": "Grant", "Section": "23", "Township": "11S", "Range": "33E", "TopoMap24k": "Dixie Meadows", "MILO_ID": "ID_03244", "CommodityAbbreviation": "Au As Cu Pb Zn Ag", "Owner": "Brazos Petroleum Corp.", "TopoMap100k": "Bates", "ElevationFeet": "5460", "CommoditiesProduced": "Au Cu Zn Pb", "OreMaterial": "arsenopyrite, chalcopyrite, galena, sphalerite, pyrite, marcasite, pyrrhotite", "DepositType": "replacement body", "WorkingsDescription": "developed by 2 adits and 7200 ft of drifts, crosscuts, and raises, total said to be less than $100,000", "ShortReference1": "OrB-14-B", "ShortReference2": "OrB-61", "ShortReference3": "thesis", "MapUnit": "TRPs", "MapUnitName": "Argillite and chert", "ThematicAge": "Paleozoic/Mesozoic", "ThematicTerraneGroup": "Baker terrane", "ThematicFormation": "Badger Creek unit", "ThematicLithology": "mixed grained sediments", "_cat": "gold", "_grp": "metal"}, "geometry": {"type": "Point", "coordinates": [-118.69754, 44.60041]}}, {"type": "Feature", "properties": {"Commodity": "gold", "Type": "metal", "SiteName": "Kayuse", "County": "Grant", "Section": "23", "Township": "11S", "Range": "33E", "TopoMap24k": "Dixie Meadows", "WorkingsType": "underground", "MILO_ID": "ID_03245", "CommodityAbbreviation": "Au", "Owner": "unnamed or NA", "TopoMap100k": "Bates", "ElevationFeet": "5288", "WorkingsDescription": "shallow shaft", "ShortReference1": "OrGMS-35", "MapUnit": "TRPs", "MapUnitName": "Argillite and chert", "ThematicAge": "Paleozoic/Mesozoic", "ThematicTerraneGroup": "Baker terrane", "ThematicFormation": "Badger Creek unit", "ThematicLithology": "mixed grained sediments", "_cat": "gold", "_grp": "metal"}, "geometry": {"type": "Point", "coordinates": [-118.71481, 44.59131]}}, {"type": "Feature", "properties": {"Commodity": "gold", "Type": "metal", "SiteName": "gold prospect", "County": "Grant", "Section": "23", "Township": "11S", "Range": "33E", "TopoMap24k": "Dixie Meadows", "MILO_ID": "ID_03246", "CommodityAbbreviation": "Au", "Owner": "unnamed or NA", "TopoMap100k": "Bates", "ElevationFeet": "5524", "WorkingsDescription": "2 short adits", "ShortReference1": "OrGMS-35", "MapUnit": "sp", "MapUnitName": "Serpentinite and serpentinite matrix melange", "ThematicAge": "Paleozoic/Mesozoic", "ThematicTerraneGroup": "Baker terrane", "ThematicFormation": "no data", "ThematicLithology": "serpentinite", "_cat": "gold", "_grp": "metal"}, "geometry": {"type": "Point", "coordinates": [-118.70732, 44.59368]}}, {"type": "Feature", "properties": {"Commodity": "gold", "Type": "metal", "SiteName": "gold prospect", "County": "Grant", "Section": "28", "Township": "11S", "Range": "34E", "TopoMap24k": "Dixie Meadows", "WorkingsType": "surface", "MILO_ID": "ID_03247", "CommodityAbbreviation": "Au", "Owner": "unnamed or NA", "TopoMap100k": "Bates", "ElevationFeet": "6861", "WorkingsDescription": "shallow pits", "ShortReference1": "OrGMS-35", "MapUnit": "TRPdb", "MapUnitName": "Dixie Butte Meta-andesite", "ThematicAge": "Paleozoic/Mesozoic", "ThematicTerraneGroup": "Baker terrane", "ThematicFormation": "Dixie Butte member", "ThematicLithology": "greenstone", "_cat": "gold", "_grp": "metal"}, "geometry": {"type": "Point", "coordinates": [-118.63103, 44.57953]}}, {"type": "Feature", "properties": {"Commodity": "gold, silver, copper, zinc, arsenic, cobalt", "Type": "metal", "SiteName": "Prindle Property", "County": "Grant", "Section": "29", "Township": "11S", "Range": "34E", "TopoMap24k": "Dixie Meadows", "WorkingsType": "underground", "MILO_ID": "ID_03248", "CommodityAbbreviation": "Au Ag Cu Zn As Co", "Owner": "unnamed or NA", "TopoMap100k": "Bates", "ElevationFeet": "6457", "OreMaterial": "arsenopyrite, chalcopyrite, sphalerite, covellite, pyrite, magnetite, pyrrhotite", "DepositType": "vein/pocket", "WorkingsDescription": "one tunnel 750 ft long and a small open cut on surface", "ShortReference1": "OrB-14-B", "ShortReference2": "thesis", "ShortReference3": "OrGMS-35", "MapUnit": "Tas", "MapUnitName": "Andesitic volcanic and volcaniclastic rocks and conglomerate", "ThematicAge": "Eocene/Oligocene", "ThematicTerraneGroup": "John Day-Clarno package", "ThematicFormation": "no data", "ThematicLithology": "andesite", "_cat": "gold", "_grp": "metal"}, "geometry": {"type": "Point", "coordinates": [-118.64007, 44.58263]}}, {"type": "Feature", "properties": {"Commodity": "gold", "Type": "metal", "SiteName": "gold prospect", "County": "Grant", "Section": "29", "Township": "11S", "Range": "34E", "TopoMap24k": "Dixie Meadows", "WorkingsType": "underground", "MILO_ID": "ID_03249", "CommodityAbbreviation": "Au", "Owner": "unnamed or NA", "TopoMap100k": "Bates", "ElevationFeet": "6336", "OreMaterial": "free gold", "DepositType": "placer", "WorkingsDescription": "35 ft shaft", "ShortReference1": "thesis", "MapUnit": "Tas", "MapUnitName": "Andesitic volcanic and volcaniclastic rocks and conglomerate", "ThematicAge": "Eocene/Oligocene", "ThematicTerraneGroup": "John Day-Clarno package", "ThematicFormation": "no data", "ThematicLithology": "andesite", "_cat": "gold", "_grp": "metal"}, "geometry": {"type": "Point", "coordinates": [-118.64026, 44.58403]}}, {"type": "Feature", "properties": {"Commodity": "gold", "Type": "metal", "SiteName": "gold prospect", "County": "Grant", "Section": "29", "Township": "11S", "Range": "34E", "TopoMap24k": "Dixie Meadows", "WorkingsType": "underground", "MILO_ID": "ID_03250", "CommodityAbbreviation": "Au", "Owner": "unnamed or NA", "TopoMap100k": "Bates", "ElevationFeet": "6281", "WorkingsDescription": "three adits, 900 feet", "ShortReference1": "OrGMS-35", "MapUnit": "TRPdb", "MapUnitName": "Dixie Butte Meta-andesite", "ThematicAge": "Paleozoic/Mesozoic", "ThematicTerraneGroup": "Baker terrane", "ThematicFormation": "Dixie Butte member", "ThematicLithology": "greenstone", "_cat": "gold", "_grp": "metal"}, "geometry": {"type": "Point", "coordinates": [-118.65056, 44.57941]}}, {"type": "Feature", "properties": {"Commodity": "gold", "Type": "metal", "SiteName": "gold prospect", "County": "Grant", "Section": "30", "Township": "11S", "Range": "34E", "TopoMap24k": "Dixie Meadows", "WorkingsType": "surface", "MILO_ID": "ID_03251", "CommodityAbbreviation": "Au", "Owner": "unnamed or NA", "TopoMap100k": "Bates", "ElevationFeet": "6242", "WorkingsDescription": "pit", "ShortReference1": "OrGMS-35", "MapUnit": "TRPdb", "MapUnitName": "Dixie Butte Meta-andesite", "ThematicAge": "Paleozoic/Mesozoic", "ThematicTerraneGroup": "Baker terrane", "ThematicFormation": "Dixie Butte member", "ThematicLithology": "greenstone", "_cat": "gold", "_grp": "metal"}, "geometry": {"type": "Point", "coordinates": [-118.67273, 44.5846]}}, {"type": "Feature", "properties": {"Commodity": "gold", "Type": "metal", "SiteName": "gold prospect", "County": "Grant", "Section": "27", "Township": "11S", "Range": "33E", "TopoMap24k": "Dixie Meadows", "WorkingsType": "underground", "MILO_ID": "ID_03252", "CommodityAbbreviation": "Au", "Owner": "unnamed or NA", "TopoMap100k": "Bates", "ElevationFeet": "5253", "WorkingsDescription": "short adit", "ShortReference1": "OrGMS-35", "MapUnit": "TRPs", "MapUnitName": "Argillite and chert", "ThematicAge": "Paleozoic/Mesozoic", "ThematicTerraneGroup": "Baker terrane", "ThematicFormation": "Badger Creek unit", "ThematicLithology": "mixed grained sediments", "_cat": "gold", "_grp": "metal"}, "geometry": {"type": "Point", "coordinates": [-118.71735, 44.58992]}}, {"type": "Feature", "properties": {"Commodity": "gold", "Type": "metal", "SiteName": "gold prospect", "County": "Grant", "Section": "31", "Township": "11S", "Range": "34E", "TopoMap24k": "Dixie Meadows", "WorkingsType": "surface", "MILO_ID": "ID_03253", "CommodityAbbreviation": "Au", "Owner": "unnamed or NA", "TopoMap100k": "Bates", "ElevationFeet": "6130", "OreMaterial": "pyrite, iron oxides", "DepositType": "lode", "WorkingsDescription": "shallow trenches", "ShortReference1": "thesis", "MapUnit": "TRPdb", "MapUnitName": "Dixie Butte Meta-andesite", "ThematicAge": "Paleozoic/Mesozoic", "ThematicTerraneGroup": "Baker terrane", "ThematicFormation": "Dixie Butte member", "ThematicLithology": "greenstone", "_cat": "gold", "_grp": "metal"}, "geometry": {"type": "Point", "coordinates": [-118.66126, 44.57143]}}, {"type": "Feature", "properties": {"Commodity": "gold, silver, copper", "Type": "metal", "SiteName": "gold prospect", "County": "Grant", "Section": "31", "Township": "11S", "Range": "34E", "TopoMap24k": "Dixie Meadows", "WorkingsType": "underground", "MILO_ID": "ID_03254", "CommodityAbbreviation": "Au Ag Cu", "Owner": "unnamed or NA", "TopoMap100k": "Bates", "ElevationFeet": "5594", "OreMaterial": "pyrite, chalcopyrite", "DepositType": "lode/desseminated", "WorkingsDescription": "short adit", "ShortReference1": "thesis", "ShortReference2": "OrGMS-35", "MapUnit": "TRPdb", "MapUnitName": "Dixie Butte Meta-andesite", "ThematicAge": "Paleozoic/Mesozoic", "ThematicTerraneGroup": "Baker terrane", "ThematicFormation": "Dixie Butte member", "ThematicLithology": "greenstone", "_cat": "gold", "_grp": "metal"}, "geometry": {"type": "Point", "coordinates": [-118.67296, 44.57474]}}, {"type": "Feature", "properties": {"Commodity": "gold, silver, copper, lead, zinc, antimony", "Type": "metal", "SiteName": "Wagonwheel", "County": "Grant", "Section": "31", "Township": "11S", "Range": "34E", "TopoMap24k": "Dixie Meadows", "WorkingsType": "underground", "MILO_ID": "ID_03255", "CommodityAbbreviation": "Au Ag Cu Pb Zn Sb", "Owner": "unnamed or NA", "TopoMap100k": "Bates", "ElevationFeet": "6699", "OreMaterial": "chalcopyrite, tetrahedrite, sphalerite, galena, pyrite", "DepositType": "vein", "WorkingsDescription": "workings consist of two adits, the upper adit is 50 ft long, the lower is now caved, no production recorded", "ShortReference1": "thesis", "ShortReference2": "OrGMS-35", "MapUnit": "TRPdb", "MapUnitName": "Dixie Butte Meta-andesite", "ThematicAge": "Paleozoic/Mesozoic", "ThematicTerraneGroup": "Baker terrane", "ThematicFormation": "Dixie Butte member", "ThematicLithology": "greenstone", "_cat": "gold", "_grp": "metal"}, "geometry": {"type": "Point", "coordinates": [-118.6573, 44.5762]}}, {"type": "Feature", "properties": {"Commodity": "gold", "Type": "metal", "SiteName": "gold prospect", "County": "Grant", "Section": "31", "Township": "11S", "Range": "34E", "TopoMap24k": "Dixie Meadows", "WorkingsType": "underground", "MILO_ID": "ID_03256", "CommodityAbbreviation": "Au", "Owner": "unnamed or NA", "TopoMap100k": "Bates", "ElevationFeet": "5998", "WorkingsDescription": "adit 200 feet", "ShortReference1": "OrGMS-35", "MapUnit": "TRPdb", "MapUnitName": "Dixie Butte Meta-andesite", "ThematicAge": "Paleozoic/Mesozoic", "ThematicTerraneGroup": "Baker terrane", "ThematicFormation": "Dixie Butte member", "ThematicLithology": "greenstone", "_cat": "gold", "_grp": "metal"}, "geometry": {"type": "Point", "coordinates": [-118.65826, 44.56671]}}, {"type": "Feature", "properties": {"Commodity": "gold", "Type": "metal", "SiteName": "gold prospect", "County": "Grant", "Section": "36", "Township": "11S", "Range": "33E", "TopoMap24k": "Dixie Meadows", "WorkingsType": "underground", "MILO_ID": "ID_03257", "CommodityAbbreviation": "Au", "Owner": "unnamed or NA", "TopoMap100k": "Bates", "ElevationFeet": "6192", "WorkingsDescription": "short adit", "ShortReference1": "OrGMS-35", "MapUnit": "TRPdb", "MapUnitName": "Dixie Butte Meta-andesite", "ThematicAge": "Paleozoic/Mesozoic", "ThematicTerraneGroup": "Baker terrane", "ThematicFormation": "Dixie Butte member", "ThematicLithology": "greenstone", "_cat": "gold", "_grp": "metal"}, "geometry": {"type": "Point", "coordinates": [-118.67803, 44.57628]}}, {"type": "Feature", "properties": {"Commodity": "gold", "Type": "metal", "SiteName": "gold prospect", "County": "Grant", "Section": "36", "Township": "11S", "Range": "33E", "TopoMap24k": "Dixie Meadows", "WorkingsType": "underground", "MILO_ID": "ID_03258", "CommodityAbbreviation": "Au", "Owner": "unnamed or NA", "TopoMap100k": "Bates", "ElevationFeet": "5452", "ShortReference1": "OrGMS-35", "MapUnit": "TRPdb", "MapUnitName": "Dixie Butte Meta-andesite", "ThematicAge": "Paleozoic/Mesozoic", "ThematicTerraneGroup": "Baker terrane", "ThematicFormation": "Dixie Butte member", "ThematicLithology": "greenstone", "_cat": "gold", "_grp": "metal"}, "geometry": {"type": "Point", "coordinates": [-118.68812, 44.57229]}}, {"type": "Feature", "properties": {"Commodity": "gold, silver, copper, zinc, cobalt, arsenic, nickel", "Type": "metal", "SiteName": "Boulder Group", "County": "Grant", "Section": "4", "Township": "12S", "Range": "34E", "TopoMap24k": "Dixie Meadows", "MILO_ID": "ID_03259", "CommodityAbbreviation": "Au Ag Cu Zn Co As Ni", "Owner": "unnamed or NA", "TopoMap100k": "Bates", "ElevationFeet": "5857", "OreMaterial": "arsenopyrite, chalcopyrite, sphalerite, pyrite, pyrrhotite, smaltite", "DepositType": "vein", "WorkingsDescription": "developed by drifts and crosscuts on two levels totaling 1000 ft", "ShortReference1": "OrB-14-B", "ShortReference2": "thesis", "MapUnit": "TRPdb", "MapUnitName": "Dixie Butte Meta-andesite", "ThematicAge": "Paleozoic/Mesozoic", "ThematicTerraneGroup": "Baker terrane", "ThematicFormation": "Dixie Butte member", "ThematicLithology": "greenstone", "_cat": "gold", "_grp": "metal"}, "geometry": {"type": "Point", "coordinates": [-118.62669, 44.55276]}}, {"type": "Feature", "properties": {"Commodity": "lead", "Type": "metal", "SiteName": "M and M Mining Co.", "County": "Grant", "Section": "5", "Township": "12S", "Range": "34E", "TopoMap24k": "Dixie Meadows", "MILO_ID": "ID_03260", "CommodityAbbreviation": "Pb", "Owner": "unnamed or NA", "TopoMap100k": "Bates", "ElevationFeet": "5843", "ShortReference1": "USBMMILS", "MapUnit": "TRPdb", "MapUnitName": "Dixie Butte Meta-andesite", "ThematicAge": "Paleozoic/Mesozoic", "ThematicTerraneGroup": "Baker terrane", "ThematicFormation": "Dixie Butte member", "ThematicLithology": "greenstone", "_cat": "metal", "_grp": "metal"}, "geometry": {"type": "Point", "coordinates": [-118.63794, 44.55134]}}, {"type": "Feature", "properties": {"Commodity": "gold", "Type": "metal", "SiteName": "gold prospect", "County": "Grant", "Section": "6", "Township": "12S", "Range": "34E", "TopoMap24k": "Dixie Meadows", "WorkingsType": "underground", "MILO_ID": "ID_03261", "CommodityAbbreviation": "Au", "Owner": "unnamed or NA", "TopoMap100k": "Bates", "ElevationFeet": "5141", "WorkingsDescription": "short adit", "ShortReference1": "OrGMS-35", "MapUnit": "Ji", "MapUnitName": "Altered intrusive rocks", "ThematicAge": "Jurassic/Cretaceous", "ThematicTerraneGroup": "Nevadan intrusions", "ThematicFormation": "no data", "ThematicLithology": "mixed lithologies", "_cat": "gold", "_grp": "metal"}, "geometry": {"type": "Point", "coordinates": [-118.67204, 44.55064]}}, {"type": "Feature", "properties": {"Commodity": "gold", "Type": "metal", "SiteName": "gold prospect", "County": "Grant", "Section": "6", "Township": "12S", "Range": "34E", "TopoMap24k": "Dixie Meadows", "WorkingsType": "surface", "MILO_ID": "ID_03262", "CommodityAbbreviation": "Au", "Owner": "unnamed or NA", "TopoMap100k": "Bates", "ElevationFeet": "5321", "WorkingsDescription": "small pit", "ShortReference1": "OrGMS-35", "MapUnit": "TRPdb", "MapUnitName": "Dixie Butte Meta-andesite", "ThematicAge": "Paleozoic/Mesozoic", "ThematicTerraneGroup": "Baker terrane", "ThematicFormation": "Dixie Butte member", "ThematicLithology": "greenstone", "_cat": "gold", "_grp": "metal"}, "geometry": {"type": "Point", "coordinates": [-118.67508, 44.55784]}}, {"type": "Feature", "properties": {"Commodity": "copper, cobalt, gold", "Type": "metal", "SiteName": "Copper Mountain Group", "County": "Grant", "Section": "1", "Township": "12S", "Range": "33E", "TopoMap24k": "Dixie Meadows", "WorkingsType": "underground", "MILO_ID": "ID_03263", "CommodityAbbreviation": "Cu Co Au", "Owner": "unnamed or NA", "TopoMap100k": "Bates", "ElevationFeet": "5368", "OreMaterial": "chalcopyrite, malachite, azurite, bornite , cobaltite, pyrite, limonite", "DepositType": "vein", "WorkingsDescription": "in 1930, a crosscut 80 ft long was being made about 300 ft below the apex, total underground workings amounted to less than 400 ft property was idle in 1940", "ShortReference1": "OrB-14-B", "ShortReference2": "USGSB-846-A", "ShortReference3": "thesis", "MapUnit": "TRPdb", "MapUnitName": "Dixie Butte Meta-andesite", "ThematicAge": "Paleozoic/Mesozoic", "ThematicTerraneGroup": "Baker terrane", "ThematicFormation": "Dixie Butte member", "ThematicLithology": "greenstone", "_cat": "gold", "_grp": "metal"}, "geometry": {"type": "Point", "coordinates": [-118.69053, 44.55804]}}, {"type": "Feature", "properties": {"Commodity": "copper, silver, gold, cobalt, molybdenum", "Type": "metal", "SiteName": "Copperopolis Mine", "County": "Grant", "Section": "1", "Township": "12S", "Range": "33E", "TopoMap24k": "Dixie Meadows", "WorkingsType": "underground", "MILO_ID": "ID_03264", "CommodityAbbreviation": "Cu Ag Au Co Mo", "Owner": "Lee Payton", "TopoMap100k": "Bates", "ElevationFeet": "4901", "CommoditiesProduced": "Cu Ag Au", "OreMaterial": "chalcopyrite, bornite, cobaltite, tetrahedrite, pyrite, galena, sphalerite", "DepositType": "replacement", "WorkingsDescription": "approximately 3000 ft of underground workings, 250 tons of ore were milled in 1906; grade and disposition of concentrates is not known", "ShortReference1": "OrB-14-B", "ShortReference2": "OrB-61", "ShortReference3": "thesis", "MapUnit": "TRPdb", "MapUnitName": "Dixie Butte Meta-andesite", "ThematicAge": "Paleozoic/Mesozoic", "ThematicTerraneGroup": "Baker terrane", "ThematicFormation": "Dixie Butte member", "ThematicLithology": "greenstone", "_cat": "gold", "_grp": "metal"}, "geometry": {"type": "Point", "coordinates": [-118.68046, 44.55743]}}, {"type": "Feature", "properties": {"Commodity": "gold", "Type": "metal", "SiteName": "Havilah", "County": "Grant", "Section": "1", "Township": "12S", "Range": "33E", "TopoMap24k": "Dixie Meadows", "WorkingsType": "underground", "MILO_ID": "ID_03265", "CommodityAbbreviation": "Au", "Owner": "Payton, Lee", "TopoMap100k": "Bates", "ElevationFeet": "4825", "DepositType": "lode", "WorkingsDescription": "10 ft adit, cat cuts and trenches to expose vein", "ShortReference1": "USGSI-447", "ShortReference2": "OrGMS-35", "ShortReference3": "USBLM-file", "MapUnit": "TRPdb", "MapUnitName": "Dixie Butte Meta-andesite", "ThematicAge": "Paleozoic/Mesozoic", "ThematicTerraneGroup": "Baker terrane", "ThematicFormation": "Dixie Butte member", "ThematicLithology": "greenstone", "_cat": "gold", "_grp": "metal"}, "geometry": {"type": "Point", "coordinates": [-118.67967, 44.55627]}}, {"type": "Feature", "properties": {"Commodity": "gold, copper", "Type": "metal", "SiteName": "Lucky Bell", "County": "Grant", "Section": "1", "Township": "12S", "Range": "33E", "TopoMap24k": "Dixie Meadows", "WorkingsType": "underground", "MILO_ID": "ID_03266", "CommodityAbbreviation": "Au Cu", "Owner": "Payton, Lee", "TopoMap100k": "Bates", "ElevationFeet": "5117", "DepositType": "lode", "WorkingsDescription": "200 ft adit that never hit ore", "ShortReference1": "USGSI-447", "ShortReference2": "OrGMS-35", "ShortReference3": "USBLM-file", "MapUnit": "TRPdb", "MapUnitName": "Dixie Butte Meta-andesite", "ThematicAge": "Paleozoic/Mesozoic", "ThematicTerraneGroup": "Baker terrane", "ThematicFormation": "Dixie Butte member", "ThematicLithology": "greenstone", "_cat": "gold", "_grp": "metal"}, "geometry": {"type": "Point", "coordinates": [-118.67684, 44.56159]}}, {"type": "Feature", "properties": {"Commodity": "copper, gold, manganese", "Type": "metal", "SiteName": "Smuggler", "County": "Grant", "Section": "1", "Township": "12S", "Range": "33E", "TopoMap24k": "Dixie Meadows", "WorkingsType": "underground", "MILO_ID": "ID_03267", "CommodityAbbreviation": "Cu Au Mn", "Owner": "Edmunson, Tom F.", "TopoMap100k": "Bates", "ElevationFeet": "4613", "OreMaterial": "chalcopyrite", "DepositType": "lode", "WorkingsDescription": "short adit, well maintained claim with cabin, privy, compressor and shed, TD-14 crawler with cable blade, 185 ft locked adit, and all corners in place", "ShortReference1": "USGSI-447", "ShortReference2": "OrGMS-35", "ShortReference3": "USBLM-file", "MapUnit": "TRPdb", "MapUnitName": "Dixie Butte Meta-andesite", "ThematicAge": "Paleozoic/Mesozoic", "ThematicTerraneGroup": "Baker terrane", "ThematicFormation": "Dixie Butte member", "ThematicLithology": "greenstone", "_cat": "gold", "_grp": "metal"}, "geometry": {"type": "Point", "coordinates": [-118.67934, 44.54946]}}, {"type": "Feature", "properties": {"Commodity": "copper, gold", "Type": "metal", "SiteName": "Yankee Blade", "County": "Grant", "Section": "2", "Township": "12S", "Range": "33E", "TopoMap24k": "Dixie Meadows", "WorkingsType": "surface", "MILO_ID": "ID_03268", "CommodityAbbreviation": "Cu Au", "Owner": "Edmunson, Tom F.", "TopoMap100k": "Bates", "ElevationFeet": "4673", "DepositType": "lode", "WorkingsDescription": "dozer cuts and cat track running length of claim, small test pits", "ShortReference1": "USGSI-447", "ShortReference2": "OrGMS-35", "ShortReference3": "USBLM-file", "MapUnit": "Ji", "MapUnitName": "Altered intrusive rocks", "ThematicAge": "Jurassic/Cretaceous", "ThematicTerraneGroup": "Nevadan intrusions", "ThematicFormation": "no data", "ThematicLithology": "mixed lithologies", "_cat": "gold", "_grp": "metal"}, "geometry": {"type": "Point", "coordinates": [-118.69884, 44.55071]}}, {"type": "Feature", "properties": {"Commodity": "gold, zinc, lead, copper, silver", "Type": "metal", "SiteName": "Yankee Boy", "County": "Grant", "Section": "2", "Township": "12S", "Range": "33E", "TopoMap24k": "Dixie Meadows", "WorkingsType": "underground", "MILO_ID": "ID_03269", "CommodityAbbreviation": "Au Zn Pb Cu Ag", "Owner": "unnamed or NA", "TopoMap100k": "Bates", "ElevationFeet": "4571", "OreMaterial": "sphalerite, galena, chalcopyrite, pyrite, limonite, hematite, pyrrhotite", "DepositType": "vein", "WorkingsDescription": "three adits 700 feet, developed by 540 ft of drifts on 3 levels", "ShortReference1": "OrB-14-B", "ShortReference2": "thesis", "ShortReference3": "OrGMS-35", "MapUnit": "Ji", "MapUnitName": "Altered intrusive rocks", "ThematicAge": "Jurassic/Cretaceous", "ThematicTerraneGroup": "Nevadan intrusions", "ThematicFormation": "no data", "ThematicLithology": "mixed lithologies", "_cat": "gold", "_grp": "metal"}, "geometry": {"type": "Point", "coordinates": [-118.6999, 44.54944]}}, {"type": "Feature", "properties": {"Commodity": "gold, lead, zinc", "Type": "metal", "SiteName": "Equity Group", "County": "Grant", "Section": "2", "Township": "12S", "Range": "33E", "TopoMap24k": "Dixie Meadows", "MILO_ID": "ID_03270", "CommodityAbbreviation": "Au Pb Zn", "Owner": "unnamed or NA", "TopoMap100k": "Bates", "ElevationFeet": "4631", "CommoditiesProduced": "Au", "OreMaterial": "chalcopyrite, galena, sphalerite, pyrite", "DepositType": "vein", "WorkingsDescription": "3 adit levels, 1000 ft, estimated at $400,000 to $600,000", "ShortReference1": "OrB-14-B", "ShortReference2": "OrB-61", "ShortReference3": "thesis", "MapUnit": "Ji", "MapUnitName": "Altered intrusive rocks", "ThematicAge": "Jurassic/Cretaceous", "ThematicTerraneGroup": "Nevadan intrusions", "ThematicFormation": "no data", "ThematicLithology": "mixed lithologies", "_cat": "gold", "_grp": "metal"}, "geometry": {"type": "Point", "coordinates": [-118.70399, 44.54948]}}, {"type": "Feature", "properties": {"Commodity": "gold, silver, copper, lead, zinc", "Type": "metal", "SiteName": "Present Need", "County": "Grant", "Section": "2", "Township": "12S", "Range": "33E", "TopoMap24k": "Dixie Meadows", "WorkingsType": "underground", "MILO_ID": "ID_03271", "CommodityAbbreviation": "Au Ag Cu Pb Zn", "Owner": "unnamed or NA", "TopoMap100k": "Bates", "ElevationFeet": "4626", "CommoditiesProduced": "Au Ag", "OreMaterial": "chalcopyrite, sphalerite, galena, pyrite, marcasite", "DepositType": "vein", "WorkingsDescription": "poor record; vein is said to have been exploited down to creek level, small output during 1890s and later, total unknown", "ShortReference1": "OrB-14-B", "ShortReference2": "OrB-61", "ShortReference3": "OrGMS-35", "MapUnit": "Ji", "MapUnitName": "Altered intrusive rocks", "ThematicAge": "Jurassic/Cretaceous", "ThematicTerraneGroup": "Nevadan intrusions", "ThematicFormation": "no data", "ThematicLithology": "mixed lithologies", "_cat": "gold", "_grp": "metal"}, "geometry": {"type": "Point", "coordinates": [-118.70379, 44.549]}}, {"type": "Feature", "properties": {"Commodity": "gold", "Type": "metal", "SiteName": "gold prospect", "County": "Grant", "Section": "2", "Township": "12S", "Range": "33E", "TopoMap24k": "Dixie Meadows", "WorkingsType": "underground", "MILO_ID": "ID_03272", "CommodityAbbreviation": "Au", "Owner": "unnamed or NA", "TopoMap100k": "Bates", "ElevationFeet": "4765", "OreMaterial": "pyrite", "DepositType": "lode", "WorkingsDescription": "short adits", "ShortReference1": "thesis", "MapUnit": "TRPdb", "MapUnitName": "Dixie Butte Meta-andesite", "ThematicAge": "Paleozoic/Mesozoic", "ThematicTerraneGroup": "Baker terrane", "ThematicFormation": "Dixie Butte member", "ThematicLithology": "greenstone", "_cat": "gold", "_grp": "metal"}, "geometry": {"type": "Point", "coordinates": [-118.71134, 44.55238]}}, {"type": "Feature", "properties": {"Commodity": "gold", "Type": "metal", "SiteName": "Charlie Q.", "County": "Grant", "Section": "2", "Township": "12S", "Range": "33E", "TopoMap24k": "Dixie Meadows", "WorkingsType": "surface", "MILO_ID": "ID_03273", "CommodityAbbreviation": "Au", "Owner": "Edmunds, Donald R.", "TopoMap100k": "Bates", "ElevationFeet": "4951", "DepositType": "lode", "WorkingsDescription": "claimant just sampling and using metal detector in creek", "ShortReference1": "USGSI-447", "ShortReference2": "OrGMS-35", "ShortReference3": "USBLM-file", "MapUnit": "TRPdb", "MapUnitName": "Dixie Butte Meta-andesite", "ThematicAge": "Paleozoic/Mesozoic", "ThematicTerraneGroup": "Baker terrane", "ThematicFormation": "Dixie Butte member", "ThematicLithology": "greenstone", "_cat": "gold", "_grp": "metal"}, "geometry": {"type": "Point", "coordinates": [-118.70015, 44.56159]}}, {"type": "Feature", "properties": {"Commodity": "gold", "Type": "metal", "SiteName": "gold prospect", "County": "Grant", "Section": "2", "Township": "12S", "Range": "33E", "TopoMap24k": "Dixie Meadows", "WorkingsType": "underground", "MILO_ID": "ID_03274", "CommodityAbbreviation": "Au", "Owner": "unnamed or NA", "TopoMap100k": "Bates", "ElevationFeet": "4769", "CommoditiesProduced": "Au", "WorkingsDescription": "two adits 700 feet", "ShortReference1": "OrGMS-35", "MapUnit": "Ji", "MapUnitName": "Altered intrusive rocks", "ThematicAge": "Jurassic/Cretaceous", "ThematicTerraneGroup": "Nevadan intrusions", "ThematicFormation": "no data", "ThematicLithology": "mixed lithologies", "_cat": "gold", "_grp": "metal"}, "geometry": {"type": "Point", "coordinates": [-118.70117, 44.55245]}}, {"type": "Feature", "properties": {"Commodity": "gold", "Type": "metal", "SiteName": "gold prospect", "County": "Grant", "Section": "2", "Township": "12S", "Range": "33E", "TopoMap24k": "Dixie Meadows", "WorkingsType": "underground", "MILO_ID": "ID_03275", "CommodityAbbreviation": "Au", "Owner": "unnamed or NA", "TopoMap100k": "Bates", "ElevationFeet": "5132", "WorkingsDescription": "short adit", "ShortReference1": "OrGMS-35", "MapUnit": "TRPdb", "MapUnitName": "Dixie Butte Meta-andesite", "ThematicAge": "Paleozoic/Mesozoic", "ThematicTerraneGroup": "Baker terrane", "ThematicFormation": "Dixie Butte member", "ThematicLithology": "greenstone", "_cat": "gold", "_grp": "metal"}, "geometry": {"type": "Point", "coordinates": [-118.69634, 44.54874]}}, {"type": "Feature", "properties": {"Commodity": "gold", "Type": "metal", "SiteName": "Andrew Jackson", "County": "Grant", "Section": "2", "Township": "12S", "Range": "33E", "TopoMap24k": "Dixie Meadows", "WorkingsType": "underground", "MILO_ID": "ID_03276", "CommodityAbbreviation": "Au", "Owner": "unnamed or NA", "TopoMap100k": "Bates", "ElevationFeet": "4673", "DepositType": "vein", "WorkingsDescription": "developed by one open cut and 2 small tunnels totaling 145 ft", "ShortReference1": "OrB-14-B", "ShortReference2": "OrGMS-35", "MapUnit": "TRPdb", "MapUnitName": "Dixie Butte Meta-andesite", "ThematicAge": "Paleozoic/Mesozoic", "ThematicTerraneGroup": "Baker terrane", "ThematicFormation": "Dixie Butte member", "ThematicLithology": "greenstone", "_cat": "gold", "_grp": "metal"}, "geometry": {"type": "Point", "coordinates": [-118.69728, 44.55651]}}, {"type": "Feature", "properties": {"Commodity": "gold, silver, copper, lead", "Type": "metal", "SiteName": "Dixie Queen", "County": "Grant", "Section": "12", "Township": "12S", "Range": "33E", "TopoMap24k": "Dixie Meadows", "WorkingsType": "underground", "MILO_ID": "ID_03277", "CommodityAbbreviation": "Au Ag Cu Pb", "Owner": "unnamed or NA", "TopoMap100k": "Bates", "ElevationFeet": "5118", "DepositType": "vein", "WorkingsDescription": "developed by a 200 ft long tunnel", "ShortReference1": "OrB-14-B", "ShortReference2": "thesis", "ShortReference3": "OrGMS-35", "MapUnit": "TRPdb", "MapUnitName": "Dixie Butte Meta-andesite", "ThematicAge": "Paleozoic/Mesozoic", "ThematicTerraneGroup": "Baker terrane", "ThematicFormation": "Dixie Butte member", "ThematicLithology": "greenstone", "_cat": "gold", "_grp": "metal"}, "geometry": {"type": "Point", "coordinates": [-118.69389, 44.54553]}}, {"type": "Feature", "properties": {"Commodity": "copper, gold, silver, cobalt, bismuth, nickel, uranium, antimony", "Type": "metal", "SiteName": "Standard", "County": "Grant", "Section": "12", "Township": "12S", "Range": "33E", "TopoMap24k": "Dixie Meadows", "MILO_ID": "ID_03278", "CommodityAbbreviation": "Cu Au Ag Co Bi Ni U Sb", "Owner": "unnamed or NA", "TopoMap100k": "Bates", "ElevationFeet": "4579", "CommoditiesProduced": "Cu Au", "OreMaterial": "chalcopyrite,arsenopyrite,cobaltite,bismuthinite,native bismuth,galena,sphalerite,--see gen_com", "DepositType": "vein", "WorkingsDescription": "3700 feet, 3 adits, 6 levels of drifts and cross cuts (some caved)", "YearOfDiscovery": "1880", "ShortReference1": "USGSB-846-A", "ShortReference2": "USGSOFR*", "ShortReference3": "OrB-14-B", "MapUnit": "TRPdb", "MapUnitName": "Dixie Butte Meta-andesite", "ThematicAge": "Paleozoic/Mesozoic", "ThematicTerraneGroup": "Baker terrane", "ThematicFormation": "Dixie Butte member", "ThematicLithology": "greenstone", "_cat": "gold", "_grp": "metal"}, "geometry": {"type": "Point", "coordinates": [-118.68244, 44.54282]}}, {"type": "Feature", "properties": {"Commodity": "gold, silver, copper, arsenic, cobalt", "Type": "metal", "SiteName": "Juniper Vein", "County": "Grant", "Section": "12", "Township": "12S", "Range": "33E", "TopoMap24k": "Dixie Meadows", "MILO_ID": "ID_03279", "CommodityAbbreviation": "Au Ag Cu As Co", "Owner": "unnamed or NA", "TopoMap100k": "Bates", "ElevationFeet": "4688", "CommoditiesProduced": "Au Ag", "OreMaterial": "pyrite, chalcopyrite, arsenopyrite", "DepositType": "lode", "WorkingsDescription": "about 900 ft of drifts", "ShortReference1": "thesis", "ShortReference2": "OrGMS-35", "MapUnit": "TRPdb", "MapUnitName": "Dixie Butte Meta-andesite", "ThematicAge": "Paleozoic/Mesozoic", "ThematicTerraneGroup": "Baker terrane", "ThematicFormation": "Dixie Butte member", "ThematicLithology": "greenstone", "_cat": "gold", "_grp": "metal"}, "geometry": {"type": "Point", "coordinates": [-118.68136, 44.54256]}}, {"type": "Feature", "properties": {"Commodity": "gold, silver", "Type": "metal", "SiteName": "gold prospect", "County": "Grant", "Section": "12", "Township": "12S", "Range": "33E", "TopoMap24k": "Dixie Meadows", "MILO_ID": "ID_03280", "CommodityAbbreviation": "Au Ag", "Owner": "Differential Energy, Inc.", "TopoMap100k": "Bates", "ElevationFeet": "4515", "ShortReference1": "OrMLRR", "MapUnit": "TRPdb", "MapUnitName": "Dixie Butte Meta-andesite", "ThematicAge": "Paleozoic/Mesozoic", "ThematicTerraneGroup": "Baker terrane", "ThematicFormation": "Dixie Butte member", "ThematicLithology": "greenstone", "_cat": "gold", "_grp": "metal"}, "geometry": {"type": "Point", "coordinates": [-118.69112, 44.53792]}}, {"type": "Feature", "properties": {"Commodity": "gold, silver, lead", "Type": "metal", "SiteName": "Fitzsimmons", "County": "Grant", "Section": "12", "Township": "12S", "Range": "33E", "TopoMap24k": "Dixie Meadows", "WorkingsType": "underground", "MILO_ID": "ID_03281", "CommodityAbbreviation": "Au Ag Pb", "Owner": "Rynearson, Floyd, First Interstate Bank", "TopoMap100k": "Bates", "ElevationFeet": "5323", "CommoditiesProduced": "Au", "OreMaterial": "chalcopyrite,arsenopyrite,cobaltite,bismuthinite,native bismuth,galena,sphalerite--see gen_com", "DepositType": "mesothermal gold-quartz", "WorkingsDescription": "short adit, uses 399 Cat front-end loader to keep portals clear for timbering, some cat cuts near level 3 for assessment work", "YearOfDiscovery": "1899 1901", "ShortReference1": "USGSI-447", "ShortReference2": "OrGMS-35", "ShortReference3": "USBLM-file", "MapUnit": "TRPdb", "MapUnitName": "Dixie Butte Meta-andesite", "ThematicAge": "Paleozoic/Mesozoic", "ThematicTerraneGroup": "Baker terrane", "ThematicFormation": "Dixie Butte member", "ThematicLithology": "greenstone", "_cat": "gold", "_grp": "metal"}, "geometry": {"type": "Point", "coordinates": [-118.6869, 44.54682]}}, {"type": "Feature", "properties": {"Commodity": "gold, copper, cobalt", "Type": "metal", "SiteName": "Quartzburg", "County": "Grant", "Section": "12", "Township": "12S", "Range": "33E", "TopoMap24k": "Dixie Meadows", "MILO_ID": "ID_03282", "CommodityAbbreviation": "Au Cu Co", "Owner": "Placer Dome U.S., Inc.", "TopoMap100k": "Bates", "ElevationFeet": "5163", "CommoditiesProduced": "Au Cu Co", "ShortReference1": "OrMLRR", "MapUnit": "TRPdb", "MapUnitName": "Dixie Butte Meta-andesite", "ThematicAge": "Paleozoic/Mesozoic", "ThematicTerraneGroup": "Baker terrane", "ThematicFormation": "Dixie Butte member", "ThematicLithology": "greenstone", "_cat": "gold", "_grp": "metal"}, "geometry": {"type": "Point", "coordinates": [-118.67856, 44.54349]}}, {"type": "Feature", "properties": {"Commodity": "gold", "Type": "metal", "SiteName": "gold prospect", "County": "Grant", "Section": "12", "Township": "12S", "Range": "33E", "TopoMap24k": "Dixie Meadows", "WorkingsType": "underground", "MILO_ID": "ID_03283", "CommodityAbbreviation": "Au", "Owner": "unnamed or NA", "TopoMap100k": "Bates", "ElevationFeet": "5459", "WorkingsDescription": "short adit", "ShortReference1": "OrGMS-35", "MapUnit": "TRPdb", "MapUnitName": "Dixie Butte Meta-andesite", "ThematicAge": "Paleozoic/Mesozoic", "ThematicTerraneGroup": "Baker terrane", "ThematicFormation": "Dixie Butte member", "ThematicLithology": "greenstone", "_cat": "gold", "_grp": "metal"}, "geometry": {"type": "Point", "coordinates": [-118.69055, 44.5468]}}, {"type": "Feature", "properties": {"Commodity": "gold", "Type": "metal", "SiteName": "Grover Cleveland Vein", "County": "Grant", "Section": "12", "Township": "12S", "Range": "33E", "TopoMap24k": "Dixie Meadows", "MILO_ID": "ID_03284", "CommodityAbbreviation": "Au", "Owner": "unnamed or NA", "TopoMap100k": "Bates", "ElevationFeet": "4934", "CommoditiesProduced": "Au", "WorkingsDescription": "1300 feet of drifts", "ShortReference1": "OrGMS-35", "MapUnit": "TRPdb", "MapUnitName": "Dixie Butte Meta-andesite", "ThematicAge": "Paleozoic/Mesozoic", "ThematicTerraneGroup": "Baker terrane", "ThematicFormation": "Dixie Butte member", "ThematicLithology": "greenstone", "_cat": "gold", "_grp": "metal"}, "geometry": {"type": "Point", "coordinates": [-118.67877, 44.54646]}}, {"type": "Feature", "properties": {"Commodity": "gold", "Type": "metal", "SiteName": "Woodside", "County": "Grant", "Section": "12", "Township": "12S", "Range": "33E", "TopoMap24k": "Dixie Meadows", "WorkingsType": "underground", "MILO_ID": "ID_03285", "CommodityAbbreviation": "Au", "Owner": "unnamed or NA", "TopoMap100k": "Bates", "ElevationFeet": "4404", "WorkingsDescription": "short adit", "ShortReference1": "OrGMS-35", "MapUnit": "TRPdb", "MapUnitName": "Dixie Butte Meta-andesite", "ThematicAge": "Paleozoic/Mesozoic", "ThematicTerraneGroup": "Baker terrane", "ThematicFormation": "Dixie Butte member", "ThematicLithology": "greenstone", "_cat": "gold", "_grp": "metal"}, "geometry": {"type": "Point", "coordinates": [-118.68985, 44.53694]}}, {"type": "Feature", "properties": {"Commodity": "gold", "Type": "metal", "SiteName": "gold prospect", "County": "Grant", "Section": "12", "Township": "12S", "Range": "33E", "TopoMap24k": "Dixie Meadows", "WorkingsType": "underground", "MILO_ID": "ID_03286", "CommodityAbbreviation": "Au", "Owner": "unnamed or NA", "TopoMap100k": "Bates", "ElevationFeet": "4801", "WorkingsDescription": "adit 200 feet", "ShortReference1": "OrGMS-35", "MapUnit": "TRPdb", "MapUnitName": "Dixie Butte Meta-andesite", "ThematicAge": "Paleozoic/Mesozoic", "ThematicTerraneGroup": "Baker terrane", "ThematicFormation": "Dixie Butte member", "ThematicLithology": "greenstone", "_cat": "gold", "_grp": "metal"}, "geometry": {"type": "Point", "coordinates": [-118.68124, 44.53374]}}, {"type": "Feature", "properties": {"Commodity": "gold, silver, copper, lead, zinc", "Type": "metal", "SiteName": "Keystone", "County": "Grant", "Section": "11", "Township": "12S", "Range": "33E", "TopoMap24k": "Dixie Meadows", "MILO_ID": "ID_03288", "CommodityAbbreviation": "Au Ag Cu Pb Zn", "Owner": "unnamed or NA", "TopoMap100k": "Bates", "ElevationFeet": "4546", "CommoditiesProduced": "Au", "OreMaterial": "pyrite, pyrrhotite, chalcopyrite, sphalerite, galena", "DepositType": "vein", "WorkingsDescription": "1000 feet, 7 levels, poor record: pay shoots are said to be worked out down to creek level, small output in 1882 and 1889; no other record available", "ShortReference1": "OrB-61", "ShortReference2": "OrB-14-B", "ShortReference3": "thesis", "MapUnit": "TRPdb", "MapUnitName": "Dixie Butte Meta-andesite", "ThematicAge": "Paleozoic/Mesozoic", "ThematicTerraneGroup": "Baker terrane", "ThematicFormation": "Dixie Butte member", "ThematicLithology": "greenstone", "_cat": "gold", "_grp": "metal"}, "geometry": {"type": "Point", "coordinates": [-118.70167, 44.54715]}}, {"type": "Feature", "properties": {"Commodity": "gold, silver, copper", "Type": "metal", "SiteName": "Paul Tote", "County": "Grant", "Section": "11", "Township": "12S", "Range": "33E", "TopoMap24k": "Dixie Meadows", "MILO_ID": "ID_03289", "CommodityAbbreviation": "Au Ag Cu", "Owner": "unnamed or NA", "TopoMap100k": "Bates", "ElevationFeet": "4320", "OreMaterial": "pyrite, chalcopyrite", "DepositType": "lode", "WorkingsDescription": "about 700 ft of workings in 1933", "ShortReference1": "thesis", "ShortReference2": "OrB-14-B", "ShortReference3": "OrGMS-35", "MapUnit": "TRPdb", "MapUnitName": "Dixie Butte Meta-andesite", "ThematicAge": "Paleozoic/Mesozoic", "ThematicTerraneGroup": "Baker terrane", "ThematicFormation": "Dixie Butte member", "ThematicLithology": "greenstone", "_cat": "gold", "_grp": "metal"}, "geometry": {"type": "Point", "coordinates": [-118.69752, 44.53428]}}, {"type": "Feature", "properties": {"Commodity": "gold, copper", "Type": "metal", "SiteName": "Haley claim", "County": "Grant", "Section": "11", "Township": "12S", "Range": "33E", "TopoMap24k": "Dixie Meadows", "WorkingsType": "underground", "MILO_ID": "ID_03290", "CommodityAbbreviation": "Au Cu", "Owner": "unnamed or NA", "TopoMap100k": "Bates", "ElevationFeet": "4520", "CommoditiesProduced": "Au Cu", "OreMaterial": "chalcopyrite, pyrite, pyrrhotite", "DepositType": "vein", "WorkingsDescription": "developed by a 35 ft shaft and a 150 ft crosscut, some ore was milled in 1940", "ShortReference1": "OrB-14-B", "ShortReference2": "thesis", "ShortReference3": "OrGMS-35", "MapUnit": "TRPdb", "MapUnitName": "Dixie Butte Meta-andesite", "ThematicAge": "Paleozoic/Mesozoic", "ThematicTerraneGroup": "Baker terrane", "ThematicFormation": "Dixie Butte member", "ThematicLithology": "greenstone", "_cat": "gold", "_grp": "metal"}, "geometry": {"type": "Point", "coordinates": [-118.69955, 44.53557]}}, {"type": "Feature", "properties": {"Commodity": "gold, silver", "Type": "metal", "SiteName": "Nebraska Boy", "County": "Grant", "Section": "11", "Township": "12S", "Range": "33E", "TopoMap24k": "Dixie Meadows", "MILO_ID": "ID_03291", "CommodityAbbreviation": "Au Ag", "Owner": "unnamed or NA", "TopoMap100k": "Bates", "ElevationFeet": "4990", "ShortReference1": "USBMMILS", "MapUnit": "TRPdb", "MapUnitName": "Dixie Butte Meta-andesite", "ThematicAge": "Paleozoic/Mesozoic", "ThematicTerraneGroup": "Baker terrane", "ThematicFormation": "Dixie Butte member", "ThematicLithology": "greenstone", "_cat": "gold", "_grp": "metal"}, "geometry": {"type": "Point", "coordinates": [-118.70403, 44.54198]}}, {"type": "Feature", "properties": {"Commodity": "gold", "Type": "metal", "SiteName": "Beaver States 1-2", "County": "Grant", "Section": "11", "Township": "12S", "Range": "33E", "TopoMap24k": "Dixie Meadows", "MILO_ID": "ID_03292", "CommodityAbbreviation": "Au", "Owner": "Differential Enger, Inc., O'brien, Don", "TopoMap100k": "Bates", "ElevationFeet": "4569", "CommoditiesProduced": "Au", "OreMaterial": "free gold (leaf) and gold in pyrite, limonite, hematite", "DepositType": "lode", "WorkingsDescription": "500 foot drift, large dump, two caved adits, one with heavy rail, pits, trenches, collapsing log cabin and out building, plastic bags filled with trash", "ShortReference1": "USGSI-447", "ShortReference2": "OrGMS-35", "ShortReference3": "USBLM-file", "MapUnit": "TRPdb", "MapUnitName": "Dixie Butte Meta-andesite", "ThematicAge": "Paleozoic/Mesozoic", "ThematicTerraneGroup": "Baker terrane", "ThematicFormation": "Dixie Butte member", "ThematicLithology": "greenstone", "_cat": "gold", "_grp": "metal"}, "geometry": {"type": "Point", "coordinates": [-118.70237, 44.53875]}}, {"type": "Feature", "properties": {"Commodity": "gold, silver", "Type": "metal", "SiteName": "New Deal", "County": "Grant", "Section": "11", "Township": "12S", "Range": "33E", "TopoMap24k": "Dixie Meadows", "MILO_ID": "ID_03293", "CommodityAbbreviation": "Au Ag", "Owner": "Kircher, David L.", "TopoMap100k": "Bates", "ElevationFeet": "4944", "CommoditiesProduced": "Au Ag", "DepositType": "mesothermal gold quartz", "WorkingsDescription": "125 ft adit, portal caved, has rail and three ore cars, one over the dump", "ShortReference1": "USGSI-447", "ShortReference2": "OrGMS-35", "ShortReference3": "USBLM-file", "MapUnit": "TRPdb", "MapUnitName": "Dixie Butte Meta-andesite", "ThematicAge": "Paleozoic/Mesozoic", "ThematicTerraneGroup": "Baker terrane", "ThematicFormation": "Dixie Butte member", "ThematicLithology": "greenstone", "_cat": "gold", "_grp": "metal"}, "geometry": {"type": "Point", "coordinates": [-118.70392, 44.54487]}}, {"type": "Feature", "properties": {"Commodity": "gold", "Type": "metal", "SiteName": "Tell Heart", "County": "Grant", "Section": "11", "Township": "12S", "Range": "33E", "TopoMap24k": "Dixie Meadows", "WorkingsType": "underground", "MILO_ID": "ID_03294", "CommodityAbbreviation": "Au", "Owner": "Hermandson, Russell H.; Root, Henry F.", "TopoMap100k": "Bates", "ElevationFeet": "4990", "DepositType": "lode", "WorkingsDescription": "one caved adit on standard Creek road, two more above lower adit, two caved shafts (one lagged to 12 ft depth), another caved adit between Cougar and Dixie Creek roads, junk car hsk 373 or 1988 on claim, claimants would like to open old workings", "ShortReference1": "USGSI-447", "ShortReference2": "OrGMS-35", "ShortReference3": "USBLM-file", "MapUnit": "TRPdb", "MapUnitName": "Dixie Butte Meta-andesite", "ThematicAge": "Paleozoic/Mesozoic", "ThematicTerraneGroup": "Baker terrane", "ThematicFormation": "Dixie Butte member", "ThematicLithology": "greenstone", "_cat": "gold", "_grp": "metal"}, "geometry": {"type": "Point", "coordinates": [-118.6955, 44.54294]}}, {"type": "Feature", "properties": {"Commodity": "gold, copper, silver, lead", "Type": "metal", "SiteName": "Minty Group", "County": "Grant", "Section": "11", "Township": "12S", "Range": "33E", "TopoMap24k": "Dixie Meadows", "WorkingsType": "underground", "MILO_ID": "ID_03295", "CommodityAbbreviation": "Au Cu Ag Pb", "Owner": "unnamed or NA", "TopoMap100k": "Bates", "ElevationFeet": "4336", "CommoditiesProduced": "Au", "OreMaterial": "chalcopyrite, galena", "DepositType": "vein", "WorkingsDescription": "developed by about 1500 ft of drifts and tunnels on 2 levels, 4 tons of ore (1940)", "ShortReference1": "OrB-14-B", "ShortReference2": "thesis", "ShortReference3": "USGSAR-22", "MapUnit": "TRPdb", "MapUnitName": "Dixie Butte Meta-andesite", "ThematicAge": "Paleozoic/Mesozoic", "ThematicTerraneGroup": "Baker terrane", "ThematicFormation": "Dixie Butte member", "ThematicLithology": "greenstone", "_cat": "gold", "_grp": "metal"}, "geometry": {"type": "Point", "coordinates": [-118.69647, 44.53364]}}, {"type": "Feature", "properties": {"Commodity": "gold, silver, copper", "Type": "metal", "SiteName": "Lillie Jane", "County": "Grant", "Section": "11", "Township": "12S", "Range": "33E", "TopoMap24k": "Dixie Meadows", "WorkingsType": "underground", "MILO_ID": "ID_03296", "CommodityAbbreviation": "Au Ag Cu", "Owner": "unnamed or NA", "TopoMap100k": "Bates", "ElevationFeet": "4457", "OreMaterial": "chalcopyrite, pyrite, pyrrhotite, marcasite", "DepositType": "vein", "WorkingsDescription": "short adit, workings consist of one adit approximately 200 ft long", "ShortReference1": "OrB-14-B", "ShortReference2": "thesis", "ShortReference3": "OrGMS-35", "MapUnit": "TRPdb", "MapUnitName": "Dixie Butte Meta-andesite", "ThematicAge": "Paleozoic/Mesozoic", "ThematicTerraneGroup": "Baker terrane", "ThematicFormation": "Dixie Butte member", "ThematicLithology": "greenstone", "_cat": "gold", "_grp": "metal"}, "geometry": {"type": "Point", "coordinates": [-118.70018, 44.54429]}}, {"type": "Feature", "properties": {"Commodity": "gold", "Type": "metal", "SiteName": "Cougar Ridge Mine", "County": "Grant", "Section": "11", "Township": "12S", "Range": "33E", "TopoMap24k": "Dixie Meadows", "WorkingsType": "underground", "MILO_ID": "ID_03297", "CommodityAbbreviation": "Au", "Owner": "unnamed or NA", "TopoMap100k": "Bates", "ElevationFeet": "5190", "CommoditiesProduced": "Au", "WorkingsDescription": "short adit", "ShortReference1": "OrGMS-35", "MapUnit": "TRPdb", "MapUnitName": "Dixie Butte Meta-andesite", "ThematicAge": "Paleozoic/Mesozoic", "ThematicTerraneGroup": "Baker terrane", "ThematicFormation": "Dixie Butte member", "ThematicLithology": "greenstone", "_cat": "gold", "_grp": "metal"}, "geometry": {"type": "Point", "coordinates": [-118.69604, 44.54765]}}, {"type": "Feature", "properties": {"Commodity": "gold", "Type": "metal", "SiteName": "North Star", "County": "Grant", "Section": "11", "Township": "12S", "Range": "33E", "TopoMap24k": "Dixie Meadows", "WorkingsType": "underground", "MILO_ID": "ID_03298", "CommodityAbbreviation": "Au", "Owner": "unnamed or NA", "TopoMap100k": "Bates", "ElevationFeet": "5103", "WorkingsDescription": "several hundred feet", "ShortReference1": "OrGMS-35", "MapUnit": "TRPdb", "MapUnitName": "Dixie Butte Meta-andesite", "ThematicAge": "Paleozoic/Mesozoic", "ThematicTerraneGroup": "Baker terrane", "ThematicFormation": "Dixie Butte member", "ThematicLithology": "greenstone", "_cat": "gold", "_grp": "metal"}, "geometry": {"type": "Point", "coordinates": [-118.71098, 44.54145]}}, {"type": "Feature", "properties": {"Commodity": "gold", "Type": "metal", "SiteName": "Keystone Extension", "County": "Grant", "Section": "11", "Township": "12S", "Range": "33E", "TopoMap24k": "Dixie Meadows", "WorkingsType": "underground", "MILO_ID": "ID_03299", "CommodityAbbreviation": "Au", "Owner": "unnamed or NA", "TopoMap100k": "Bates", "ElevationFeet": "5142", "CommoditiesProduced": "Au", "WorkingsDescription": "several hundred feet", "ShortReference1": "OrGMS-35", "MapUnit": "TRPdb", "MapUnitName": "Dixie Butte Meta-andesite", "ThematicAge": "Paleozoic/Mesozoic", "ThematicTerraneGroup": "Baker terrane", "ThematicFormation": "Dixie Butte member", "ThematicLithology": "greenstone", "_cat": "gold", "_grp": "metal"}, "geometry": {"type": "Point", "coordinates": [-118.70665, 44.54574]}}, {"type": "Feature", "properties": {"Commodity": "gold", "Type": "metal", "SiteName": "gold prospect", "County": "Grant", "Section": "11", "Township": "12S", "Range": "33E", "TopoMap24k": "Dixie Meadows", "WorkingsType": "underground", "MILO_ID": "ID_03300", "CommodityAbbreviation": "Au", "Owner": "unnamed or NA", "TopoMap100k": "Bates", "ElevationFeet": "4499", "WorkingsDescription": "short adit", "ShortReference1": "OrGMS-35", "MapUnit": "TRPdb", "MapUnitName": "Dixie Butte Meta-andesite", "ThematicAge": "Paleozoic/Mesozoic", "ThematicTerraneGroup": "Baker terrane", "ThematicFormation": "Dixie Butte member", "ThematicLithology": "greenstone", "_cat": "gold", "_grp": "metal"}, "geometry": {"type": "Point", "coordinates": [-118.69867, 44.54123]}}, {"type": "Feature", "properties": {"Commodity": "gold", "Type": "metal", "SiteName": "Dixie Mountain", "County": "Grant", "Section": "13", "Township": "12S", "Range": "33E", "TopoMap24k": "Dixie Meadows", "MILO_ID": "ID_03301", "CommodityAbbreviation": "Au", "Owner": "Dixie Mountain Mining, Inc.", "TopoMap100k": "Bates", "ElevationFeet": "4726", "CommoditiesProduced": "Au", "ShortReference1": "OrMLRR", "MapUnit": "TRPdb", "MapUnitName": "Dixie Butte Meta-andesite", "ThematicAge": "Paleozoic/Mesozoic", "ThematicTerraneGroup": "Baker terrane", "ThematicFormation": "Dixie Butte member", "ThematicLithology": "greenstone", "_cat": "gold", "_grp": "metal"}, "geometry": {"type": "Point", "coordinates": [-118.68816, 44.53317]}}, {"type": "Feature", "properties": {"Commodity": "gold", "Type": "metal", "SiteName": "Howell and Haight", "County": "Grant", "Section": "13", "Township": "12S", "Range": "33E", "TopoMap24k": "Dixie Meadows", "MILO_ID": "ID_03302", "CommodityAbbreviation": "Au", "Owner": "unnamed or NA", "TopoMap100k": "Bates", "ElevationFeet": "4649", "ShortReference1": "USBMMILS", "ShortReference2": "OrGMS-35", "MapUnit": "TRPdb", "MapUnitName": "Dixie Butte Meta-andesite", "ThematicAge": "Paleozoic/Mesozoic", "ThematicTerraneGroup": "Baker terrane", "ThematicFormation": "Dixie Butte member", "ThematicLithology": "greenstone", "_cat": "gold", "_grp": "metal"}, "geometry": {"type": "Point", "coordinates": [-118.69517, 44.52632]}}, {"type": "Feature", "properties": {"Commodity": "gold, silver", "Type": "metal", "SiteName": "Blue Bell claim", "County": "Grant", "Section": "14", "Township": "12S", "Range": "33E", "TopoMap24k": "Dixie Meadows", "MILO_ID": "ID_03303", "CommodityAbbreviation": "Au Ag", "Owner": "unnamed or NA", "TopoMap100k": "Bates", "ElevationFeet": "4448", "ShortReference1": "USBLMM-12711", "MapUnit": "Ks", "MapUnitName": "Sandstone and conglomerate", "ThematicAge": "Cretaceous", "ThematicTerraneGroup": "Mitchell package", "ThematicFormation": "no data", "ThematicLithology": "mixed grained sediments", "_cat": "gold", "_grp": "metal"}, "geometry": {"type": "Point", "coordinates": [-118.71273, 44.53266]}}, {"type": "Feature", "properties": {"Commodity": "gold", "Type": "metal", "SiteName": "Muddy Duck", "County": "Grant", "Section": "14", "Township": "12S", "Range": "33E", "TopoMap24k": "Dixie Meadows", "WorkingsType": "surface", "MILO_ID": "ID_03304", "CommodityAbbreviation": "Au", "Owner": "Rhodes, Edward And Kightlinger, Bruce", "TopoMap100k": "Bates", "ElevationFeet": "4304", "CommoditiesProduced": "Au", "DepositType": "placer", "WorkingsDescription": "jewelry gold recovered from Dixie Creek with small suction dredge", "ShortReference1": "USGSI-447", "ShortReference2": "OrGMS-35", "ShortReference3": "USBLM-file", "MapUnit": "TRPdb", "MapUnitName": "Dixie Butte Meta-andesite", "ThematicAge": "Paleozoic/Mesozoic", "ThematicTerraneGroup": "Baker terrane", "ThematicFormation": "Dixie Butte member", "ThematicLithology": "greenstone", "_cat": "gold", "_grp": "metal"}, "geometry": {"type": "Point", "coordinates": [-118.69739, 44.53298]}}, {"type": "Feature", "properties": {"Commodity": "gold", "Type": "metal", "SiteName": "Ophir Mine", "County": "Grant", "Section": "14", "Township": "12S", "Range": "33E", "TopoMap24k": "Dixie Meadows", "MILO_ID": "ID_03305", "CommodityAbbreviation": "Au", "Owner": "unnamed or NA", "TopoMap100k": "Bates", "ElevationFeet": "4508", "CommoditiesProduced": "Au", "DepositType": "shear zone", "WorkingsDescription": "developed by 1700 ft of drifts, and 180 ft of crosscuts on two levels", "ShortReference1": "OrB-14-B", "ShortReference2": "thesis", "ShortReference3": "OrGMS-35", "MapUnit": "KJi", "MapUnitName": "Intrusive rocks", "ThematicAge": "Jurassic/Cretaceous", "ThematicTerraneGroup": "Nevadan intrusions", "ThematicFormation": "no data", "ThematicLithology": "intermediate composition lithologies", "_cat": "gold", "_grp": "metal"}, "geometry": {"type": "Point", "coordinates": [-118.71027, 44.52752]}}, {"type": "Feature", "properties": {"Commodity": "gold, silver, copper, uranium", "Type": "metal", "SiteName": "occurrence", "County": "Grant", "Section": "14", "Township": "12S", "Range": "33E", "TopoMap24k": "Dixie Meadows", "WorkingsType": "surface", "MILO_ID": "ID_03306", "CommodityAbbreviation": "Au Ag Cu U", "Owner": "Shangrila Mining and Milling", "TopoMap100k": "Bates", "ElevationFeet": "4357", "OreMaterial": "chalcopyrite, pyrite", "DepositType": "veins", "ShortReference1": "OrOB-v. 17, no. 12", "MapUnit": "KJi", "MapUnitName": "Intrusive rocks", "ThematicAge": "Jurassic/Cretaceous", "ThematicTerraneGroup": "Nevadan intrusions", "ThematicFormation": "no data", "ThematicLithology": "intermediate composition lithologies", "_cat": "gold", "_grp": "metal"}, "geometry": {"type": "Point", "coordinates": [-118.70125, 44.52585]}}, {"type": "Feature", "properties": {"Commodity": "gold", "Type": "metal", "SiteName": "Forrester Group", "County": "Grant", "Section": "14", "Township": "12S", "Range": "33E", "TopoMap24k": "Dixie Meadows", "MILO_ID": "ID_03307", "CommodityAbbreviation": "Au", "Owner": "unnamed or NA", "TopoMap100k": "Bates", "ElevationFeet": "4395", "CommoditiesProduced": "Au", "OreMaterial": "pyrite", "DepositType": "vein", "WorkingsDescription": "3 tunnels totaling 500 ft and several small surface cuts", "ShortReference1": "OrB-14-B", "ShortReference2": "OrGMS-35", "MapUnit": "KJi", "MapUnitName": "Intrusive rocks", "ThematicAge": "Jurassic/Cretaceous", "ThematicTerraneGroup": "Nevadan intrusions", "ThematicFormation": "no data", "ThematicLithology": "intermediate composition lithologies", "_cat": "gold", "_grp": "metal"}, "geometry": {"type": "Point", "coordinates": [-118.70814, 44.52992]}}, {"type": "Feature", "properties": {"Commodity": "gold, silver, copper, uranium", "Type": "metal", "SiteName": "occurrence", "County": "Grant", "Section": "14", "Township": "12S", "Range": "33E", "TopoMap24k": "Dixie Meadows", "WorkingsType": "surface", "MILO_ID": "ID_03308", "CommodityAbbreviation": "Au Ag Cu U", "Owner": "Paul Remaley, Robert A Berlik", "TopoMap100k": "Bates", "ElevationFeet": "4382", "OreMaterial": "chalcopyrite, pyrite", "DepositType": "vein", "ShortReference1": "OrOB-v. 17, no. 12", "MapUnit": "KJi", "MapUnitName": "Intrusive rocks", "ThematicAge": "Jurassic/Cretaceous", "ThematicTerraneGroup": "Nevadan intrusions", "ThematicFormation": "no data", "ThematicLithology": "intermediate composition lithologies", "_cat": "gold", "_grp": "metal"}, "geometry": {"type": "Point", "coordinates": [-118.7094, 44.52877]}}, {"type": "Feature", "properties": {"Commodity": "gold", "Type": "metal", "SiteName": "gold prospect", "County": "Grant", "Section": "14", "Township": "12S", "Range": "33E", "TopoMap24k": "Dixie Meadows", "WorkingsType": "underground", "MILO_ID": "ID_03309", "CommodityAbbreviation": "Au", "Owner": "Floyd Rynearson", "TopoMap100k": "Bates", "ElevationFeet": "4697", "OreMaterial": "pyrite", "DepositType": "lode", "WorkingsDescription": "short adit", "ShortReference1": "thesis", "MapUnit": "TRPdb", "MapUnitName": "Dixie Butte Meta-andesite", "ThematicAge": "Paleozoic/Mesozoic", "ThematicTerraneGroup": "Baker terrane", "ThematicFormation": "Dixie Butte member", "ThematicLithology": "greenstone", "_cat": "gold", "_grp": "metal"}, "geometry": {"type": "Point", "coordinates": [-118.69606, 44.53016]}}, {"type": "Feature", "properties": {"Commodity": "gold", "Type": "metal", "SiteName": "gold prospect", "County": "Grant", "Section": "14", "Township": "12S", "Range": "33E", "TopoMap24k": "Dixie Meadows", "WorkingsType": "underground", "MILO_ID": "ID_03310", "CommodityAbbreviation": "Au", "Owner": "unnamed or NA", "TopoMap100k": "Bates", "ElevationFeet": "4373", "OreMaterial": "pyrite", "DepositType": "lode", "WorkingsDescription": "short adit", "ShortReference1": "thesis", "MapUnit": "TRPdb", "MapUnitName": "Dixie Butte Meta-andesite", "ThematicAge": "Paleozoic/Mesozoic", "ThematicTerraneGroup": "Baker terrane", "ThematicFormation": "Dixie Butte member", "ThematicLithology": "greenstone", "_cat": "gold", "_grp": "metal"}, "geometry": {"type": "Point", "coordinates": [-118.70115, 44.53146]}}, {"type": "Feature", "properties": {"Commodity": "gold", "Type": "metal", "SiteName": "Bull Run 1", "County": "Grant", "Section": "14", "Township": "12S", "Range": "33E", "TopoMap24k": "Dixie Meadows", "WorkingsType": "underground", "MILO_ID": "ID_03313", "CommodityAbbreviation": "Au", "Owner": "Hermandson, Russell H.; Root, Henry F.", "TopoMap100k": "Bates", "ElevationFeet": "4394", "DepositType": "lode", "WorkingsDescription": "claimants would like to open caved adit that is on the Evans Ditch", "ShortReference1": "USGSI-447", "ShortReference2": "OrGMS-35", "ShortReference3": "USBLM-file", "MapUnit": "KJi", "MapUnitName": "Intrusive rocks", "ThematicAge": "Jurassic/Cretaceous", "ThematicTerraneGroup": "Nevadan intrusions", "ThematicFormation": "no data", "ThematicLithology": "intermediate composition lithologies", "_cat": "gold", "_grp": "metal"}, "geometry": {"type": "Point", "coordinates": [-118.71007, 44.5302]}}, {"type": "Feature", "properties": {"Commodity": "gold", "Type": "metal", "SiteName": "gold prospect", "County": "Grant", "Section": "14", "Township": "12S", "Range": "33E", "TopoMap24k": "Dixie Meadows", "WorkingsType": "underground", "MILO_ID": "ID_03314", "CommodityAbbreviation": "Au", "Owner": "unnamed or NA", "TopoMap100k": "Bates", "ElevationFeet": "4339", "WorkingsDescription": "adit 200 feet", "ShortReference1": "OrGMS-35", "MapUnit": "TRPdb", "MapUnitName": "Dixie Butte Meta-andesite", "ThematicAge": "Paleozoic/Mesozoic", "ThematicTerraneGroup": "Baker terrane", "ThematicFormation": "Dixie Butte member", "ThematicLithology": "greenstone", "_cat": "gold", "_grp": "metal"}, "geometry": {"type": "Point", "coordinates": [-118.71485, 44.5195]}}, {"type": "Feature", "properties": {"Commodity": "gold", "Type": "metal", "SiteName": "gold prospect", "County": "Grant", "Section": "14", "Township": "12S", "Range": "33E", "TopoMap24k": "Dixie Meadows", "WorkingsType": "underground", "MILO_ID": "ID_03315", "CommodityAbbreviation": "Au", "Owner": "unnamed or NA", "TopoMap100k": "Bates", "ElevationFeet": "4442", "WorkingsDescription": "pits adits", "ShortReference1": "OrGMS-35", "MapUnit": "TRPdb", "MapUnitName": "Dixie Butte Meta-andesite", "ThematicAge": "Paleozoic/Mesozoic", "ThematicTerraneGroup": "Baker terrane", "ThematicFormation": "Dixie Butte member", "ThematicLithology": "greenstone", "_cat": "gold", "_grp": "metal"}, "geometry": {"type": "Point", "coordinates": [-118.70261, 44.53295]}}, {"type": "Feature", "properties": {"Commodity": "gold", "Type": "metal", "SiteName": "gold prospect", "County": "Grant", "Section": "16", "Township": "12S", "Range": "33E", "TopoMap24k": "Dixie Meadows", "WorkingsType": "surface", "MILO_ID": "ID_03316", "CommodityAbbreviation": "Au", "Owner": "unnamed or NA", "TopoMap100k": "Bates", "ElevationFeet": "4484", "WorkingsDescription": "pit", "ShortReference1": "OrGMS-35", "MapUnit": "Tvs", "MapUnitName": "Volcaniclastic rocks", "ThematicAge": "Eocene/Oligocene", "ThematicTerraneGroup": "John Day-Clarno package", "ThematicFormation": "no data", "ThematicLithology": "mixed lithologies", "_cat": "gold", "_grp": "metal"}, "geometry": {"type": "Point", "coordinates": [-118.73917, 44.51934]}}, {"type": "Feature", "properties": {"Commodity": "gold", "Type": "metal", "SiteName": "gold prospect", "County": "Grant", "Section": "24", "Township": "12S", "Range": "33E", "TopoMap24k": "Dixie Meadows", "WorkingsType": "underground", "MILO_ID": "ID_03317", "CommodityAbbreviation": "Au", "Owner": "unnamed or NA", "TopoMap100k": "Bates", "ElevationFeet": "4273", "WorkingsDescription": "short adit", "ShortReference1": "OrGMS-35", "MapUnit": "TRPs", "MapUnitName": "Argillite and chert", "ThematicAge": "Paleozoic/Mesozoic", "ThematicTerraneGroup": "Baker terrane", "ThematicFormation": "Badger Creek unit", "ThematicLithology": "mixed grained sediments", "_cat": "gold", "_grp": "metal"}, "geometry": {"type": "Point", "coordinates": [-118.69273, 44.51894]}}, {"type": "Feature", "properties": {"Commodity": "gold", "Type": "metal", "SiteName": "gold prospect", "County": "Grant", "Section": "24", "Township": "12S", "Range": "33E", "TopoMap24k": "Dixie Meadows", "WorkingsType": "underground", "MILO_ID": "ID_03318", "CommodityAbbreviation": "Au", "Owner": "unnamed or NA", "TopoMap100k": "Bates", "ElevationFeet": "4108", "WorkingsDescription": "short adit", "ShortReference1": "OrGMS-35", "MapUnit": "sp", "MapUnitName": "Serpentinite and serpentinite matrix melange", "ThematicAge": "Paleozoic/Mesozoic", "ThematicTerraneGroup": "Baker terrane", "ThematicFormation": "no data", "ThematicLithology": "serpentinite", "_cat": "gold", "_grp": "metal"}, "geometry": {"type": "Point", "coordinates": [-118.69376, 44.51615]}}, {"type": "Feature", "properties": {"Commodity": "gold", "Type": "metal", "SiteName": "gold prospect", "County": "Grant", "Section": "24", "Township": "12S", "Range": "33E", "TopoMap24k": "Dixie Meadows", "WorkingsType": "underground", "MILO_ID": "ID_03319", "CommodityAbbreviation": "Au", "Owner": "unnamed or NA", "TopoMap100k": "Bates", "ElevationFeet": "4159", "WorkingsDescription": "two adits 500 feet", "ShortReference1": "OrGMS-35", "MapUnit": "KJi", "MapUnitName": "Intrusive rocks", "ThematicAge": "Jurassic/Cretaceous", "ThematicTerraneGroup": "Nevadan intrusions", "ThematicFormation": "no data", "ThematicLithology": "intermediate composition lithologies", "_cat": "gold", "_grp": "metal"}, "geometry": {"type": "Point", "coordinates": [-118.69159, 44.50995]}}, {"type": "Feature", "properties": {"Commodity": "gold", "Type": "metal", "SiteName": "gold prospect", "County": "Grant", "Section": "26", "Township": "12S", "Range": "33E", "TopoMap24k": "Dixie Meadows", "WorkingsType": "surface", "MILO_ID": "ID_03321", "CommodityAbbreviation": "Au", "Owner": "unnamed or NA", "TopoMap100k": "Bates", "ElevationFeet": "4041", "CommoditiesProduced": "Au", "DepositType": "placer", "ShortReference1": "OrGMS-35", "MapUnit": "Qtg", "MapUnitName": "Terrace gravels", "ThematicAge": "Quaternary", "ThematicTerraneGroup": "Quaternary surficial deposits", "ThematicFormation": "Terrace deposits", "ThematicLithology": "mixed grained sediments", "_cat": "gold", "_grp": "metal"}, "geometry": {"type": "Point", "coordinates": [-118.70842, 44.50047]}}, {"type": "Feature", "properties": {"Commodity": "gold", "Type": "metal", "SiteName": "gold prospect", "County": "Grant", "Section": "35", "Township": "12S", "Range": "33E", "TopoMap24k": "Prairie City", "MILO_ID": "ID_03330", "CommodityAbbreviation": "Au", "Owner": "Jobe Bond", "TopoMap100k": "John Day", "ElevationFeet": "3762", "ShortReference1": "OrMLRR", "MapUnit": "PZ", "MapUnitName": "Cherty shale and metavolcanic rocks", "ThematicAge": "Paleozoic/Mesozoic", "ThematicTerraneGroup": "Baker terrane", "ThematicFormation": "no data", "ThematicLithology": "mixed lithologies", "_cat": "gold", "_grp": "metal"}, "geometry": {"type": "Point", "coordinates": [-118.70629, 44.49099]}}, {"type": "Feature", "properties": {"Commodity": "gold", "Type": "metal", "SiteName": "H F England Co.", "County": "Grant", "Section": "35", "Township": "12S", "Range": "33E", "TopoMap24k": "Prairie City", "MILO_ID": "ID_03331", "CommodityAbbreviation": "Au", "Owner": "unnamed or NA", "TopoMap100k": "John Day", "ElevationFeet": "3782", "CommoditiesProduced": "Au", "ShortReference1": "USBMMILS", "MapUnit": "Tc", "MapUnitName": "Clarno Formation", "ThematicAge": "Eocene/Oligocene", "ThematicTerraneGroup": "John Day-Clarno package", "ThematicFormation": "Clarno Formation", "ThematicLithology": "mixed lithologies", "_cat": "gold", "_grp": "metal"}, "geometry": {"type": "Point", "coordinates": [-118.70911, 44.48349]}}, {"type": "Feature", "properties": {"Commodity": "gold, arsenic, copper, lead, zinc, silver", "Type": "metal", "SiteName": "mine", "County": "Grant", "Section": "24", "Township": "11S", "Range": "33E", "TopoMap24k": "Dixie Meadows", "WorkingsType": "underground", "MILO_ID": "ID_12311", "CommodityAbbreviation": "Au As Cu Pb Zn Ag", "Owner": "unnamed or NA", "TopoMap100k": "Bates", "ElevationFeet": "5264", "WorkingsDescription": "adit", "MapUnit": "sp", "MapUnitName": "Serpentinite and serpentinite matrix melange", "ThematicAge": "Paleozoic/Mesozoic", "ThematicTerraneGroup": "Baker terrane", "ThematicFormation": "no data", "ThematicLithology": "serpentinite", "_cat": "gold", "_grp": "metal"}, "geometry": {"type": "Point", "coordinates": [-118.69492, 44.60188]}}, {"type": "Feature", "properties": {"Commodity": "gold", "Type": "metal", "SiteName": "prospect", "County": "Grant", "Section": "26", "Township": "11S", "Range": "33E", "TopoMap24k": "Dixie Meadows", "MILO_ID": "ID_12312", "CommodityAbbreviation": "Au", "Owner": "unnamed or NA", "TopoMap100k": "Bates", "ElevationFeet": "5202", "MapUnit": "TRPs", "MapUnitName": "Argillite and chert", "ThematicAge": "Paleozoic/Mesozoic", "ThematicTerraneGroup": "Baker terrane", "ThematicFormation": "Badger Creek unit", "ThematicLithology": "mixed grained sediments", "_cat": "gold", "_grp": "metal"}, "geometry": {"type": "Point", "coordinates": [-118.71479, 44.59045]}}, {"type": "Feature", "properties": {"Commodity": "chromium", "Type": "metal", "SiteName": "Butte Chrome Claim", "County": "Grant", "Section": "18", "Township": "11S", "Range": "34E", "TopoMap24k": "Dixie Meadows", "WorkingsType": "underground", "MILO_ID": "ID_15963", "CommodityAbbreviation": "Cr", "Owner": "unnamed or NA", "TopoMap100k": "Bates", "ElevationFeet": "4757", "MapUnit": "sp", "MapUnitName": "Serpentinite and serpentinite matrix melange", "ThematicAge": "Paleozoic/Mesozoic", "ThematicTerraneGroup": "Baker terrane", "ThematicFormation": "no data", "ThematicLithology": "serpentinite", "_cat": "metal", "_grp": "metal"}, "geometry": {"type": "Point", "coordinates": [-118.66576, 44.61298]}}, {"type": "Feature", "properties": {"Commodity": "nickel", "Type": "metal", "SiteName": "prospect", "County": "Grant", "Section": "23", "Township": "11S", "Range": "33E", "TopoMap24k": "Dixie Meadows", "MILO_ID": "ID_15964", "CommodityAbbreviation": "Ni", "Owner": "unnamed or NA", "TopoMap100k": "Bates", "ElevationFeet": "5867", "MapUnit": "sp", "MapUnitName": "Serpentinite and serpentinite matrix melange", "ThematicAge": "Paleozoic/Mesozoic", "ThematicTerraneGroup": "Baker terrane", "ThematicFormation": "no data", "ThematicLithology": "serpentinite", "_cat": "metal", "_grp": "metal"}, "geometry": {"type": "Point", "coordinates": [-118.70208, 44.60051]}}, {"type": "Feature", "properties": {"Commodity": "nickel", "Type": "metal", "SiteName": "prospect", "County": "Grant", "Section": "23", "Township": "11S", "Range": "33E", "TopoMap24k": "Dixie Meadows", "MILO_ID": "ID_15965", "CommodityAbbreviation": "Ni", "Owner": "unnamed or NA", "TopoMap100k": "Bates", "ElevationFeet": "5670", "MapUnit": "TRPs", "MapUnitName": "Argillite and chert", "ThematicAge": "Paleozoic/Mesozoic", "ThematicTerraneGroup": "Baker terrane", "ThematicFormation": "Badger Creek unit", "ThematicLithology": "mixed grained sediments", "_cat": "metal", "_grp": "metal"}, "geometry": {"type": "Point", "coordinates": [-118.70242, 44.59918]}}, {"type": "Feature", "properties": {"Commodity": "gold", "Type": "metal", "SiteName": "prospect", "County": "Grant", "Section": "30", "Township": "11S", "Range": "34E", "TopoMap24k": "Dixie Meadows", "MILO_ID": "ID_15966", "CommodityAbbreviation": "Au", "Owner": "unnamed or NA", "TopoMap100k": "Bates", "ElevationFeet": "6432", "MapUnit": "TRPdb", "MapUnitName": "Dixie Butte Meta-andesite", "ThematicAge": "Paleozoic/Mesozoic", "ThematicTerraneGroup": "Baker terrane", "ThematicFormation": "Dixie Butte member", "ThematicLithology": "greenstone", "_cat": "gold", "_grp": "metal"}, "geometry": {"type": "Point", "coordinates": [-118.66215, 44.58196]}}, {"type": "Feature", "properties": {"Commodity": "copper, silver", "Type": "metal", "SiteName": "unnamed or NA", "County": "Grant", "Section": "31", "Township": "11S", "Range": "34E", "TopoMap24k": "Dixie Meadows", "MILO_ID": "ID_15967", "CommodityAbbreviation": "Cu Ag", "Owner": "unnamed or NA", "TopoMap100k": "Bates", "ElevationFeet": "5176", "MapUnit": "TRPdb", "MapUnitName": "Dixie Butte Meta-andesite", "ThematicAge": "Paleozoic/Mesozoic", "ThematicTerraneGroup": "Baker terrane", "ThematicFormation": "Dixie Butte member", "ThematicLithology": "greenstone", "_cat": "silver", "_grp": "metal"}, "geometry": {"type": "Point", "coordinates": [-118.67276, 44.56798]}}, {"type": "Feature", "properties": {"Commodity": "gold", "Type": "metal", "SiteName": "mine", "County": "Grant", "Section": "12", "Township": "12S", "Range": "33E", "TopoMap24k": "Dixie Meadows", "WorkingsType": "underground", "MILO_ID": "ID_15968", "CommodityAbbreviation": "Au", "Owner": "unnamed or NA", "TopoMap100k": "Bates", "ElevationFeet": "4715", "WorkingsDescription": "adit", "MapUnit": "TRPdb", "MapUnitName": "Dixie Butte Meta-andesite", "ThematicAge": "Paleozoic/Mesozoic", "ThematicTerraneGroup": "Baker terrane", "ThematicFormation": "Dixie Butte member", "ThematicLithology": "greenstone", "_cat": "gold", "_grp": "metal"}, "geometry": {"type": "Point", "coordinates": [-118.68005, 44.5461]}}, {"type": "Feature", "properties": {"Commodity": "gold", "Type": "metal", "SiteName": "mine", "County": "Grant", "Section": "12", "Township": "12S", "Range": "33E", "TopoMap24k": "Dixie Meadows", "WorkingsType": "underground", "MILO_ID": "ID_15969", "CommodityAbbreviation": "Au", "Owner": "unnamed or NA", "TopoMap100k": "Bates", "ElevationFeet": "4642", "WorkingsDescription": "adit", "MapUnit": "TRPdb", "MapUnitName": "Dixie Butte Meta-andesite", "ThematicAge": "Paleozoic/Mesozoic", "ThematicTerraneGroup": "Baker terrane", "ThematicFormation": "Dixie Butte member", "ThematicLithology": "greenstone", "_cat": "gold", "_grp": "metal"}, "geometry": {"type": "Point", "coordinates": [-118.68109, 44.54562]}}, {"type": "Feature", "properties": {"Commodity": "gold", "Type": "metal", "SiteName": "mine", "County": "Grant", "Section": "12", "Township": "12S", "Range": "33E", "TopoMap24k": "Dixie Meadows", "WorkingsType": "underground", "MILO_ID": "ID_15970", "CommodityAbbreviation": "Au", "Owner": "unnamed or NA", "TopoMap100k": "Bates", "ElevationFeet": "4532", "WorkingsDescription": "adit", "MapUnit": "TRPdb", "MapUnitName": "Dixie Butte Meta-andesite", "ThematicAge": "Paleozoic/Mesozoic", "ThematicTerraneGroup": "Baker terrane", "ThematicFormation": "Dixie Butte member", "ThematicLithology": "greenstone", "_cat": "gold", "_grp": "metal"}, "geometry": {"type": "Point", "coordinates": [-118.68191, 44.54528]}}, {"type": "Feature", "properties": {"Commodity": "gold", "Type": "metal", "SiteName": "mine", "County": "Grant", "Section": "11", "Township": "12S", "Range": "33E", "TopoMap24k": "Dixie Meadows", "WorkingsType": "underground", "MILO_ID": "ID_15971", "CommodityAbbreviation": "Au", "Owner": "unnamed or NA", "TopoMap100k": "Bates", "ElevationFeet": "5162", "WorkingsDescription": "short adit", "ShortReference1": "OrGMS-35", "MapUnit": "TRPdb", "MapUnitName": "Dixie Butte Meta-andesite", "ThematicAge": "Paleozoic/Mesozoic", "ThematicTerraneGroup": "Baker terrane", "ThematicFormation": "Dixie Butte member", "ThematicLithology": "greenstone", "_cat": "gold", "_grp": "metal"}, "geometry": {"type": "Point", "coordinates": [-118.69575, 44.54693]}}, {"type": "Feature", "properties": {"Commodity": "gold", "Type": "metal", "SiteName": "prospect", "County": "Grant", "Section": "11", "Township": "12S", "Range": "33E", "TopoMap24k": "Dixie Meadows", "MILO_ID": "ID_15972", "CommodityAbbreviation": "Au", "Owner": "unnamed or NA", "TopoMap100k": "Bates", "ElevationFeet": "5138", "ShortReference1": "OrGMS-35", "MapUnit": "TRPdb", "MapUnitName": "Dixie Butte Meta-andesite", "ThematicAge": "Paleozoic/Mesozoic", "ThematicTerraneGroup": "Baker terrane", "ThematicFormation": "Dixie Butte member", "ThematicLithology": "greenstone", "_cat": "gold", "_grp": "metal"}, "geometry": {"type": "Point", "coordinates": [-118.69549, 44.54681]}}, {"type": "Feature", "properties": {"Commodity": "gold", "Type": "metal", "SiteName": "prospect", "County": "Grant", "Section": "11", "Township": "12S", "Range": "33E", "TopoMap24k": "Dixie Meadows", "MILO_ID": "ID_15973", "CommodityAbbreviation": "Au", "Owner": "unnamed or NA", "TopoMap100k": "Bates", "ElevationFeet": "5107", "ShortReference1": "OrGMS-35", "MapUnit": "TRPdb", "MapUnitName": "Dixie Butte Meta-andesite", "ThematicAge": "Paleozoic/Mesozoic", "ThematicTerraneGroup": "Baker terrane", "ThematicFormation": "Dixie Butte member", "ThematicLithology": "greenstone", "_cat": "gold", "_grp": "metal"}, "geometry": {"type": "Point", "coordinates": [-118.69576, 44.54649]}}, {"type": "Feature", "properties": {"Commodity": "gold", "Type": "metal", "SiteName": "prospect", "County": "Grant", "Section": "14", "Township": "12S", "Range": "33E", "TopoMap24k": "Dixie Meadows", "MILO_ID": "ID_15974", "CommodityAbbreviation": "Au", "Owner": "unnamed or NA", "TopoMap100k": "Bates", "ElevationFeet": "4518", "MapUnit": "KJi", "MapUnitName": "Intrusive rocks", "ThematicAge": "Jurassic/Cretaceous", "ThematicTerraneGroup": "Nevadan intrusions", "ThematicFormation": "no data", "ThematicLithology": "intermediate composition lithologies", "_cat": "gold", "_grp": "metal"}, "geometry": {"type": "Point", "coordinates": [-118.70124, 44.52255]}}, {"type": "Feature", "properties": {"Commodity": "gold, silver, zinc, copper, cobalt, nickel", "Type": "metal", "SiteName": "Last Chance Group", "County": "Grant", "Section": "23", "Township": "11S", "Range": "33E", "TopoMap24k": "Dixie Meadows", "WorkingsType": "surface", "MILO_ID": "ID_15975", "CommodityAbbreviation": "Au Ag Zn Cu Co Ni", "Owner": "unnamed or NA", "TopoMap100k": "Bates", "ElevationFeet": "5599", "OreMaterial": "chalcopyrite, galena, pyrite, pyrrhotite, sphalerite", "MapUnit": "TRPdb", "MapUnitName": "Dixie Butte Meta-andesite", "ThematicAge": "Paleozoic/Mesozoic", "ThematicTerraneGroup": "Baker terrane", "ThematicFormation": "Dixie Butte member", "ThematicLithology": "greenstone", "_cat": "gold", "_grp": "metal"}, "geometry": {"type": "Point", "coordinates": [-118.70078, 44.59405]}}, {"type": "Feature", "properties": {"Commodity": "nickel", "Type": "metal", "SiteName": "Summers prospect", "County": "Grant", "Section": "23", "Township": "11S", "Range": "33E", "TopoMap24k": "Dixie Meadows", "WorkingsType": "surface", "MILO_ID": "ID_15976", "CommodityAbbreviation": "Ni", "Owner": "unnamed or NA", "TopoMap100k": "Bates", "ElevationFeet": "6066", "YearOfDiscovery": "1955", "ShortReference1": "OrMP-20", "MapUnit": "Td", "MapUnitName": "Dacite and silicic andesite", "ThematicAge": "Eocene/Oligocene", "ThematicTerraneGroup": "John Day-Clarno package", "ThematicFormation": "no data", "ThematicLithology": "dacite", "_cat": "metal", "_grp": "metal"}, "geometry": {"type": "Point", "coordinates": [-118.70828, 44.6032]}}, {"type": "Feature", "properties": {"Commodity": "gold, copper, lead, silver, zinc", "Type": "metal", "SiteName": "Yankee Boy Mine", "County": "Grant", "Section": "36", "Township": "11S", "Range": "33E", "TopoMap24k": "Dixie Meadows", "WorkingsType": "underground", "MILO_ID": "ID_15977", "CommodityAbbreviation": "Au Cu Pb Ag Zn", "Owner": "unnamed or NA", "TopoMap100k": "Bates", "ElevationFeet": "4941", "DepositType": "vein", "WorkingsDescription": "Past Producer", "MapUnit": "TRPdb", "MapUnitName": "Dixie Butte Meta-andesite", "ThematicAge": "Paleozoic/Mesozoic", "ThematicTerraneGroup": "Baker terrane", "ThematicFormation": "Dixie Butte member", "ThematicLithology": "greenstone", "_cat": "gold", "_grp": "metal"}, "geometry": {"type": "Point", "coordinates": [-118.69416, 44.56428]}}, {"type": "Feature", "properties": {"Commodity": "gold, copper", "Type": "metal", "SiteName": "Haley Claim", "County": "Grant", "Section": "11", "Township": "12S", "Range": "33E", "TopoMap24k": "Dixie Meadows", "WorkingsType": "surface", "MILO_ID": "ID_15978", "CommodityAbbreviation": "Au Cu", "Owner": "unnamed or NA", "TopoMap100k": "Bates", "ElevationFeet": "4830", "OreMaterial": "Chalcopyrite, Pyrite, Pyrrhotite", "DepositType": "Vein", "WorkingsDescription": "Past Producer", "MapUnit": "TRPdb", "MapUnitName": "Dixie Butte Meta-andesite", "ThematicAge": "Paleozoic/Mesozoic", "ThematicTerraneGroup": "Baker terrane", "ThematicFormation": "Dixie Butte member", "ThematicLithology": "greenstone", "_cat": "gold", "_grp": "metal"}, "geometry": {"type": "Point", "coordinates": [-118.70967, 44.5371]}}, {"type": "Feature", "properties": {"Commodity": "gold", "Type": "metal", "SiteName": "Ophir Mine", "County": "Grant", "Section": "10", "Township": "12S", "Range": "33E", "TopoMap24k": "Dixie Meadows", "WorkingsType": "underground", "MILO_ID": "ID_15979", "CommodityAbbreviation": "Au", "Owner": "unnamed or NA", "TopoMap100k": "Bates", "ElevationFeet": "4607", "DepositType": "vein", "MapUnit": "Ks", "MapUnitName": "Sandstone and conglomerate", "ThematicAge": "Cretaceous", "ThematicTerraneGroup": "Mitchell package", "ThematicFormation": "no data", "ThematicLithology": "mixed grained sediments", "_cat": "gold", "_grp": "metal"}, "geometry": {"type": "Point", "coordinates": [-118.72106, 44.53768]}}, {"type": "Feature", "properties": {"Commodity": "gold, cobalt, copper, lead, nickel, silver, zinc", "Type": "metal", "SiteName": "Last Chance Group", "County": "Grant", "Section": "23", "Township": "12S", "Range": "33E", "TopoMap24k": "Dixie Meadows", "WorkingsType": "underground", "MILO_ID": "ID_15980", "CommodityAbbreviation": "Au Co Cu Pb Ni Ag Zn", "Owner": "unnamed or NA", "TopoMap100k": "Bates", "ElevationFeet": "4042", "DepositType": "vein", "MapUnit": "TRPs", "MapUnitName": "Argillite and chert", "ThematicAge": "Paleozoic/Mesozoic", "ThematicTerraneGroup": "Baker terrane", "ThematicFormation": "Badger Creek unit", "ThematicLithology": "mixed grained sediments", "_cat": "gold", "_grp": "metal"}, "geometry": {"type": "Point", "coordinates": [-118.70031, 44.51272]}}, {"type": "Feature", "properties": {"Commodity": "copper, cobalt, gold", "Type": "metal", "SiteName": "Copper Mountain Group", "County": "Grant", "Section": "1", "Township": "12S", "Range": "33E", "TopoMap24k": "Dixie Meadows", "WorkingsType": "underground", "MILO_ID": "ID_21232", "CommodityAbbreviation": "Cu Co Au", "Owner": "unnamed or NA", "TopoMap100k": "Bates", "ElevationFeet": "5386", "OreMaterial": "chalcopyrite, malachite, azurite, bornite , cobaltite, pyrite, limonite", "DepositType": "vein", "WorkingsDescription": "in 1930, a crosscut 80 ft long was being made about 300 ft below the apex, total underground workings amounted to less than 400 ft property was idle in 1940", "ShortReference1": "OrB-14-B", "ShortReference2": "USGSB-846-A", "ShortReference3": "thesis", "MapUnit": "TRPdb", "MapUnitName": "Dixie Butte Meta-andesite", "ThematicAge": "Paleozoic/Mesozoic", "ThematicTerraneGroup": "Baker terrane", "ThematicFormation": "Dixie Butte member", "ThematicLithology": "greenstone", "_cat": "gold", "_grp": "metal"}, "geometry": {"type": "Point", "coordinates": [-118.68997, 44.55699]}}, {"type": "Feature", "properties": {"Commodity": "gold", "Type": "metal", "SiteName": "open pit mine", "County": "Grant", "Section": "25", "Township": "11S", "Range": "34E", "TopoMap24k": "Bates", "MILO_ID": "ID_21233", "CommodityAbbreviation": "Au", "Owner": "unnamed or NA", "TopoMap100k": "Bates", "ElevationFeet": "4359", "MapUnit": "Ts", "MapUnitName": "Strawberry Volcanics", "ThematicAge": "Miocene", "ThematicTerraneGroup": "Strawberry Volcanics", "ThematicFormation": "no data", "ThematicLithology": "mixed lithologies", "_cat": "gold", "_grp": "metal"}, "geometry": {"type": "Point", "coordinates": [-118.5557, 44.57783]}}, {"type": "Feature", "properties": {"Commodity": "gold", "Type": "metal", "SiteName": " prospect", "County": "Grant", "Section": "0", "Township": "12S", "Range": "34E", "TopoMap24k": "Dixie Meadows", "MILO_ID": "ID_24499", "CommodityAbbreviation": "Au", "Owner": "unnamed or NA", "TopoMap100k": "Bates", "ElevationFeet": "5082", "MapUnit": "TRPdb", "MapUnitName": "Dixie Butte Meta-andesite", "ThematicAge": "Paleozoic/Mesozoic", "ThematicTerraneGroup": "Baker terrane", "ThematicFormation": "Dixie Butte member", "ThematicLithology": "greenstone", "_cat": "gold", "_grp": "metal"}, "geometry": {"type": "Point", "coordinates": [-118.67503, 44.53785]}}, {"type": "Feature", "properties": {"Commodity": "gold", "Type": "metal", "SiteName": "prospect", "County": "Grant", "Section": "11", "Township": "12S", "Range": "33E", "TopoMap24k": "Dixie Meadows", "MILO_ID": "ID_24500", "CommodityAbbreviation": "Au", "Owner": "unnamed or NA", "TopoMap100k": "Bates", "ElevationFeet": "5130", "MapUnit": "TRPdb", "MapUnitName": "Dixie Butte Meta-andesite", "ThematicAge": "Paleozoic/Mesozoic", "ThematicTerraneGroup": "Baker terrane", "ThematicFormation": "Dixie Butte member", "ThematicLithology": "greenstone", "_cat": "gold", "_grp": "metal"}, "geometry": {"type": "Point", "coordinates": [-118.69569, 44.54669]}}, {"type": "Feature", "properties": {"Commodity": "gold", "Type": "metal", "SiteName": "Couger Ridge Mine", "County": "Grant", "Section": "11", "Township": "12S", "Range": "33E", "TopoMap24k": "Dixie Meadows", "WorkingsType": "underground", "MILO_ID": "ID_24501", "CommodityAbbreviation": "Au", "Owner": "unnamed or NA", "TopoMap100k": "Bates", "ElevationFeet": "5145", "WorkingsDescription": "adit", "ShortReference1": "OrGMS-35", "MapUnit": "TRPdb", "MapUnitName": "Dixie Butte Meta-andesite", "ThematicAge": "Paleozoic/Mesozoic", "ThematicTerraneGroup": "Baker terrane", "ThematicFormation": "Dixie Butte member", "ThematicLithology": "greenstone", "_cat": "gold", "_grp": "metal"}, "geometry": {"type": "Point", "coordinates": [-118.69504, 44.54706]}}, {"type": "Feature", "properties": {"Commodity": "gold", "Type": "metal", "SiteName": "open pit mine", "County": "Grant", "Section": "25", "Township": "11S", "Range": "34E", "TopoMap24k": "Bates", "MILO_ID": "ID_24535", "CommodityAbbreviation": "Au", "Owner": "unnamed or NA", "TopoMap100k": "Bates", "ElevationFeet": "4359", "MapUnit": "Ts", "MapUnitName": "Strawberry Volcanics", "ThematicAge": "Miocene", "ThematicTerraneGroup": "Strawberry Volcanics", "ThematicFormation": "no data", "ThematicLithology": "mixed lithologies", "_cat": "gold", "_grp": "metal"}, "geometry": {"type": "Point", "coordinates": [-118.55519, 44.57805]}}, {"type": "Feature", "properties": {"Commodity": "gold", "Type": "metal", "SiteName": "open pit mine", "County": "Grant", "Section": "36", "Township": "11S", "Range": "34E", "TopoMap24k": "Bates", "MILO_ID": "ID_24536", "CommodityAbbreviation": "Au", "Owner": "unnamed or NA", "TopoMap100k": "Bates", "ElevationFeet": "4373", "MapUnit": "Ts", "MapUnitName": "Strawberry Volcanics", "ThematicAge": "Miocene", "ThematicTerraneGroup": "Strawberry Volcanics", "ThematicFormation": "no data", "ThematicLithology": "mixed lithologies", "_cat": "gold", "_grp": "metal"}, "geometry": {"type": "Point", "coordinates": [-118.55399, 44.57687]}}, {"type": "Feature", "properties": {"Commodity": "gold", "Type": "metal", "SiteName": "Cohoe mine", "County": "Grant", "Section": "31", "Township": "11S", "Range": "30E", "TopoMap24k": "Belshaw Meadows", "WorkingsType": "underground", "MILO_ID": "ID_12321", "CommodityAbbreviation": "Au", "Owner": "unnamed or NA", "TopoMap100k": "Monument", "ElevationFeet": "4719", "MapUnit": "Tm", "MapUnitName": "Mascall Formation", "ThematicAge": "Miocene", "ThematicTerraneGroup": "Neogene volcanic rocks", "ThematicFormation": "Mascall Formation", "ThematicLithology": "mixed lithologies", "_cat": "gold", "_grp": "metal"}, "geometry": {"type": "Point", "coordinates": [-119.15507, 44.56404]}}, {"type": "Feature", "properties": {"Commodity": "gold", "Type": "metal", "SiteName": "Fox mine", "County": "Grant", "Section": "6", "Township": "12S", "Range": "30E", "TopoMap24k": "Belshaw Meadows", "WorkingsType": "underground", "MILO_ID": "ID_12322", "CommodityAbbreviation": "Au", "Owner": "unnamed or NA", "TopoMap100k": "Monument", "ElevationFeet": "4735", "MapUnit": "Tp", "MapUnitName": "Picture Gorge Basalt", "ThematicAge": "Miocene", "ThematicTerraneGroup": "Columbia River Basalt Group", "ThematicFormation": "Picture Gorge Basalt", "ThematicLithology": "basalt", "_cat": "gold", "_grp": "metal"}, "geometry": {"type": "Point", "coordinates": [-119.1615, 44.56155]}}, {"type": "Feature", "properties": {"Commodity": "gold", "Type": "metal", "SiteName": "Mine Creek placer mine", "County": "Grant", "Section": "6", "Township": "12S", "Range": "30E", "TopoMap24k": "Belshaw Meadows", "WorkingsType": "surface", "MILO_ID": "ID_12323", "CommodityAbbreviation": "Au", "Owner": "unnamed or NA", "TopoMap100k": "Monument", "ElevationFeet": "4819", "WorkingsDescription": "placer", "MapUnit": "Tcl", "MapUnitName": "Clarno Formation", "ThematicAge": "Eocene/Oligocene", "ThematicTerraneGroup": "John Day-Clarno package", "ThematicFormation": "Clarno Formation", "ThematicLithology": "mixed lithologies", "_cat": "gold", "_grp": "metal"}, "geometry": {"type": "Point", "coordinates": [-119.16195, 44.55834]}}, {"type": "Feature", "properties": {"Commodity": "gold", "Type": "metal", "SiteName": "mine", "County": "Grant", "Section": "6", "Township": "12S", "Range": "30E", "TopoMap24k": "Belshaw Meadows", "WorkingsType": "underground", "MILO_ID": "ID_12324", "CommodityAbbreviation": "Au", "Owner": "unnamed or NA", "TopoMap100k": "Monument", "ElevationFeet": "4948", "MapUnit": "Tcl", "MapUnitName": "Clarno Formation", "ThematicAge": "Eocene/Oligocene", "ThematicTerraneGroup": "John Day-Clarno package", "ThematicFormation": "Clarno Formation", "ThematicLithology": "mixed lithologies", "_cat": "gold", "_grp": "metal"}, "geometry": {"type": "Point", "coordinates": [-119.16304, 44.55503]}}, {"type": "Feature", "properties": {"Commodity": "gold", "Type": "metal", "SiteName": "Black Butte mine", "County": "Grant", "Section": "6", "Township": "12S", "Range": "30E", "TopoMap24k": "Belshaw Meadows", "WorkingsType": "underground", "MILO_ID": "ID_12325", "CommodityAbbreviation": "Au", "Owner": "unnamed or NA", "TopoMap100k": "Monument", "ElevationFeet": "5028", "MapUnit": "Tcl", "MapUnitName": "Clarno Formation", "ThematicAge": "Eocene/Oligocene", "ThematicTerraneGroup": "John Day-Clarno package", "ThematicFormation": "Clarno Formation", "ThematicLithology": "mixed lithologies", "_cat": "gold", "_grp": "metal"}, "geometry": {"type": "Point", "coordinates": [-119.16026, 44.55417]}}, {"type": "Feature", "properties": {"Commodity": "gold", "Type": "metal", "SiteName": "mine", "County": "Grant", "Section": "6", "Township": "12S", "Range": "30E", "TopoMap24k": "Belshaw Meadows", "WorkingsType": "underground", "MILO_ID": "ID_21070", "CommodityAbbreviation": "Au", "Owner": "unnamed or NA", "TopoMap100k": "Monument", "ElevationFeet": "5491", "MapUnit": "Tp", "MapUnitName": "Picture Gorge Basalt", "ThematicAge": "Miocene", "ThematicTerraneGroup": "Columbia River Basalt Group", "ThematicFormation": "Picture Gorge Basalt", "ThematicLithology": "basalt", "_cat": "gold", "_grp": "metal"}, "geometry": {"type": "Point", "coordinates": [-119.161, 44.54829]}}, {"type": "Feature", "properties": {"Commodity": "gold", "Type": "metal", "SiteName": "Gold Bug", "County": "Grant", "Section": "5", "Township": "10S", "Range": "33E", "TopoMap24k": "Susanville", "WorkingsType": "underground", "MILO_ID": "ID_03177", "CommodityAbbreviation": "Au", "Owner": "unnamed or NA", "TopoMap100k": "Bates", "ElevationFeet": "4439", "DepositType": "vein", "WorkingsDescription": "400 ft deep shaft, property abandoned and inactive", "ShortReference1": "OrB-14-B", "MapUnit": "TRsv", "MapUnitName": "Igneous and metamorphic rocks", "ThematicAge": "Paleozoic/Mesozoic", "ThematicTerraneGroup": "Baker terrane", "ThematicFormation": "no data", "ThematicLithology": "mixed lithologies", "_cat": "gold", "_grp": "metal"}, "geometry": {"type": "Point", "coordinates": [-118.76884, 44.72766]}}, {"type": "Feature", "properties": {"Commodity": "gold, copper, silver, zinc", "Type": "metal", "SiteName": "Gem", "County": "Grant", "Section": "5", "Township": "10S", "Range": "33E", "TopoMap24k": "Susanville", "WorkingsType": "underground", "MILO_ID": "ID_03178", "CommodityAbbreviation": "Au Cu Ag Zn", "Owner": "unnamed or NA", "TopoMap100k": "Bates", "ElevationFeet": "4572", "CommoditiesProduced": "Au Ag", "OreMaterial": "free gold, chalcopyrite , sphalerite, pyrite, pyrrhotite", "DepositType": "vein", "WorkingsDescription": "developed by a shaft 350 ft deep, with 4 levels", "ShortReference1": "OrB-61", "ShortReference2": "OrB-14-B", "MapUnit": "TRsv", "MapUnitName": "Igneous and metamorphic rocks", "ThematicAge": "Paleozoic/Mesozoic", "ThematicTerraneGroup": "Baker terrane", "ThematicFormation": "no data", "ThematicLithology": "mixed lithologies", "_cat": "gold", "_grp": "metal"}, "geometry": {"type": "Point", "coordinates": [-118.7686, 44.73048]}}, {"type": "Feature", "properties": {"Commodity": "gold, copper", "Type": "metal", "SiteName": "Daisy", "County": "Grant", "Section": "5", "Township": "10S", "Range": "33E", "TopoMap24k": "Susanville", "WorkingsType": "surface", "MILO_ID": "ID_03179", "CommodityAbbreviation": "Au Cu", "Owner": "unnamed or NA", "TopoMap100k": "Bates", "ElevationFeet": "4684", "OreMaterial": "chalcopyrite, free gold, pyrite, pyrrhotite", "DepositType": "vein", "WorkingsDescription": "developed by 2 small open cuts", "ShortReference1": "OrB-61", "ShortReference2": "OrB-14-B", "MapUnit": "JTRu", "MapUnitName": "Sedimentary rocks, undivided", "ThematicAge": "Jurassic", "ThematicTerraneGroup": "Olds Ferry terrane", "ThematicFormation": "Weatherby Formation", "ThematicLithology": "mixed grained sediments", "_cat": "gold", "_grp": "metal"}, "geometry": {"type": "Point", "coordinates": [-118.77149, 44.73128]}}, {"type": "Feature", "properties": {"Commodity": "gold, platinum, copper, zinc, arsenic, lead, silver", "Type": "metal", "SiteName": "Compton Mine", "County": "Grant", "Section": "5", "Township": "10S", "Range": "33E", "TopoMap24k": "Susanville", "WorkingsType": "underground", "MILO_ID": "ID_03180", "CommodityAbbreviation": "Au Pt Cu Zn As Pb Ag", "Owner": "unnamed or NA", "TopoMap100k": "Bates", "ElevationFeet": "4787", "CommoditiesProduced": "Au Pt", "OreMaterial": "arsenopyrite, sphalerite, galena, pyrite", "DepositType": "vein lode", "WorkingsDescription": "developed by incline 140 ft deep", "MapUnit": "JTRu", "MapUnitName": "Sedimentary rocks, undivided", "ThematicAge": "Jurassic", "ThematicTerraneGroup": "Olds Ferry terrane", "ThematicFormation": "Weatherby Formation", "ThematicLithology": "mixed grained sediments", "_cat": "gold", "_grp": "metal"}, "geometry": {"type": "Point", "coordinates": [-118.77275, 44.73249]}}, {"type": "Feature", "properties": {"Commodity": "gold, lead, zinc, copper, arsenic, silver", "Type": "metal", "SiteName": "Rescue", "County": "Grant", "Section": "6", "Township": "10S", "Range": "33E", "TopoMap24k": "Susanville", "WorkingsType": "underground", "MILO_ID": "ID_03181", "CommodityAbbreviation": "Au Pb Zn Cu As Ag", "Owner": "unnamed or NA", "TopoMap100k": "Bates", "ElevationFeet": "4526", "OreMaterial": "sphalerite, galena, chalcopyrite, arsenopyrite, pyrite, pyrrhotite", "DepositType": "vein", "WorkingsDescription": "developed by a shaft 140 ft deep and an adit of unknown length", "ShortReference1": "OrB-61", "ShortReference2": "OrB-14-B", "MapUnit": "MZPZa", "MapUnitName": "Sedimentary, volcanic, intrusive and metamorphic rocks", "ThematicAge": "Paleozoic/Mesozoic", "ThematicTerraneGroup": "Baker terrane", "ThematicFormation": "Badger Creek unit", "ThematicLithology": "mixed grained sediments", "_cat": "gold", "_grp": "metal"}, "geometry": {"type": "Point", "coordinates": [-118.78707, 44.72106]}}, {"type": "Feature", "properties": {"Commodity": "gold, copper, zinc, lead", "Type": "metal", "SiteName": "copper prospect", "County": "Grant", "Section": "6", "Township": "10S", "Range": "33E", "TopoMap24k": "Susanville", "MILO_ID": "ID_03182", "CommodityAbbreviation": "Au Cu Zn Pb", "Owner": "unnamed or NA", "TopoMap100k": "Bates", "ElevationFeet": "4842", "ShortReference1": "USBMMILS", "MapUnit": "MZPZa", "MapUnitName": "Sedimentary, volcanic, intrusive and metamorphic rocks", "ThematicAge": "Paleozoic/Mesozoic", "ThematicTerraneGroup": "Baker terrane", "ThematicFormation": "Badger Creek unit", "ThematicLithology": "mixed grained sediments", "_cat": "gold", "_grp": "metal"}, "geometry": {"type": "Point", "coordinates": [-118.78146, 44.7315]}}, {"type": "Feature", "properties": {"Commodity": "gold, zinc, copper, lead, arsenic", "Type": "metal", "SiteName": "Chattanooga", "County": "Grant", "Section": "6", "Township": "10S", "Range": "33E", "TopoMap24k": "Susanville", "WorkingsType": "underground", "MILO_ID": "ID_03183", "CommodityAbbreviation": "Au Zn Cu Pb As", "Owner": "unnamed or NA", "TopoMap100k": "Bates", "ElevationFeet": "4780", "CommoditiesProduced": "Au Zn Pb", "OreMaterial": "chalcopyrite, sphalerite, galena, arsenopyrite, pyrite", "DepositType": "vein", "WorkingsDescription": "includes a shaft 210 ft deep, a little ore was shipped in early days; amount unknown", "ShortReference1": "OrB-61", "ShortReference2": "OrB-14-B", "MapUnit": "JTRu", "MapUnitName": "Sedimentary rocks, undivided", "ThematicAge": "Jurassic", "ThematicTerraneGroup": "Olds Ferry terrane", "ThematicFormation": "Weatherby Formation", "ThematicLithology": "mixed grained sediments", "_cat": "gold", "_grp": "metal"}, "geometry": {"type": "Point", "coordinates": [-118.77943, 44.73143]}}, {"type": "Feature", "properties": {"Commodity": "gold", "Type": "metal", "SiteName": "Buck Gulch placer", "County": "Grant", "Section": "1", "Township": "10S", "Range": "32E", "TopoMap24k": "Susanville", "WorkingsType": "surface", "MILO_ID": "ID_03185", "CommodityAbbreviation": "Au", "Owner": "unnamed or NA", "TopoMap100k": "Bates", "ElevationFeet": "3976", "CommoditiesProduced": "Au", "DepositType": "placer", "ShortReference1": "USBMMILS", "MapUnit": "MZPZa", "MapUnitName": "Sedimentary, volcanic, intrusive and metamorphic rocks", "ThematicAge": "Paleozoic/Mesozoic", "ThematicTerraneGroup": "Baker terrane", "ThematicFormation": "Badger Creek unit", "ThematicLithology": "mixed grained sediments", "_cat": "gold", "_grp": "metal"}, "geometry": {"type": "Point", "coordinates": [-118.81639, 44.73079]}}, {"type": "Feature", "properties": {"Commodity": "gold", "Type": "metal", "SiteName": "Thompson/Susanville", "County": "Grant", "Section": "9", "Township": "10S", "Range": "33E", "TopoMap24k": "Susanville", "WorkingsType": "underground", "MILO_ID": "ID_03186", "CommodityAbbreviation": "Au", "Owner": "Kappes, Cassiday and Associates", "TopoMap100k": "Bates", "ElevationFeet": "4757", "DepositType": "vein", "WorkingsDescription": "developed by a 900 ft prospect adit", "ShortReference1": "OrB-14-B", "MapUnit": "Tc", "MapUnitName": "Clarno Formation", "ThematicAge": "Eocene/Oligocene", "ThematicTerraneGroup": "John Day-Clarno package", "ThematicFormation": "Clarno Formation", "ThematicLithology": "mixed lithologies", "_cat": "gold", "_grp": "metal"}, "geometry": {"type": "Point", "coordinates": [-118.75468, 44.7121]}}, {"type": "Feature", "properties": {"Commodity": "gold", "Type": "metal", "SiteName": "Simcox Property", "County": "Grant", "Section": "9", "Township": "10S", "Range": "33E", "TopoMap24k": "Susanville", "WorkingsType": "underground", "MILO_ID": "ID_03187", "CommodityAbbreviation": "Au", "Owner": "unnamed or NA", "TopoMap100k": "Bates", "ElevationFeet": "4535", "DepositType": "vein", "WorkingsDescription": "developed by an adit 516 ft long with 3 small drifts branching from the end", "ShortReference1": "OrB-14-B", "MapUnit": "Tc", "MapUnitName": "Clarno Formation", "ThematicAge": "Eocene/Oligocene", "ThematicTerraneGroup": "John Day-Clarno package", "ThematicFormation": "Clarno Formation", "ThematicLithology": "mixed lithologies", "_cat": "gold", "_grp": "metal"}, "geometry": {"type": "Point", "coordinates": [-118.75511, 44.71957]}}, {"type": "Feature", "properties": {"Commodity": "gold, silver, lead, zinc", "Type": "metal", "SiteName": "Side Issue", "County": "Grant", "Section": "8", "Township": "10S", "Range": "33E", "TopoMap24k": "Susanville", "WorkingsType": "underground", "MILO_ID": "ID_03188", "CommodityAbbreviation": "Au Ag Pb Zn", "Owner": "unnamed or NA", "TopoMap100k": "Bates", "ElevationFeet": "3974", "CommoditiesProduced": "Au Ag", "OreMaterial": "galena, sphalerite, pyrite", "DepositType": "vein", "WorkingsDescription": "130 ft incline shaft and 105 ft of tunnel from 1926 - 1930, 100 sacks of shipping ore were sorted, and said to have averaged $150", "ShortReference1": "OrB-14-B", "ShortReference2": "OrB-61", "MapUnit": "MZPZa", "MapUnitName": "Sedimentary, volcanic, intrusive and metamorphic rocks", "ThematicAge": "Paleozoic/Mesozoic", "ThematicTerraneGroup": "Baker terrane", "ThematicFormation": "Badger Creek unit", "ThematicLithology": "mixed grained sediments", "_cat": "gold", "_grp": "metal"}, "geometry": {"type": "Point", "coordinates": [-118.77663, 44.70874]}}, {"type": "Feature", "properties": {"Commodity": "gold", "Type": "metal", "SiteName": "Stockton", "County": "Grant", "Section": "7", "Township": "10S", "Range": "33E", "TopoMap24k": "Susanville", "WorkingsType": "underground", "MILO_ID": "ID_03190", "CommodityAbbreviation": "Au", "Owner": "unnamed or NA", "TopoMap100k": "Bates", "ElevationFeet": "3872", "DepositType": "vein", "WorkingsDescription": "poor record; includes a 200 ft shaft", "ShortReference1": "OrB-61", "ShortReference2": "OrB-14-B", "MapUnit": "MZPZa", "MapUnitName": "Sedimentary, volcanic, intrusive and metamorphic rocks", "ThematicAge": "Paleozoic/Mesozoic", "ThematicTerraneGroup": "Baker terrane", "ThematicFormation": "Badger Creek unit", "ThematicLithology": "mixed grained sediments", "_cat": "gold", "_grp": "metal"}, "geometry": {"type": "Point", "coordinates": [-118.78448, 44.71144]}}, {"type": "Feature", "properties": {"Commodity": "gold, silver, lead, zinc, copper, arsenic", "Type": "metal", "SiteName": "Badger Group", "County": "Grant", "Section": "7", "Township": "10S", "Range": "33E", "TopoMap24k": "Susanville", "WorkingsType": "underground", "MILO_ID": "ID_03191", "CommodityAbbreviation": "Au Ag Pb Zn Cu As", "Owner": "unnamed or NA", "TopoMap100k": "Bates", "ElevationFeet": "3883", "CommoditiesProduced": "Au Ag Pb Zn", "OreMaterial": "tetrahedrite, arsenopyrite, sphalerite, galena, chalcopyrite, pyrite", "DepositType": "vein", "WorkingsDescription": "900 ft shaft with several drift levels, raises, and stopes, a 1600 ft crosscut connects with 500 ft level of shaft, probably between $250,000 and $500,000 mostly during 1899-1905", "ShortReference1": "OrB-61", "ShortReference2": "OrB-14-B", "MapUnit": "MZPZa", "MapUnitName": "Sedimentary, volcanic, intrusive and metamorphic rocks", "ThematicAge": "Paleozoic/Mesozoic", "ThematicTerraneGroup": "Baker terrane", "ThematicFormation": "Badger Creek unit", "ThematicLithology": "mixed grained sediments", "_cat": "gold", "_grp": "metal"}, "geometry": {"type": "Point", "coordinates": [-118.78519, 44.71142]}}, {"type": "Feature", "properties": {"Commodity": "gold, zinc, antimony, lead, copper", "Type": "metal", "SiteName": "Golden Gate Group", "County": "Grant", "Section": "7", "Township": "10S", "Range": "33E", "TopoMap24k": "Susanville", "WorkingsType": "underground", "MILO_ID": "ID_03192", "CommodityAbbreviation": "Au Zn Sb Pb Cu", "Owner": "unnamed or NA", "TopoMap100k": "Bates", "ElevationFeet": "3924", "CommoditiesProduced": "Au", "OreMaterial": "free gold, sphalerite, stibnite, galena, chalcopyrite, pyrite", "DepositType": "vein", "WorkingsDescription": "developed by several adits and cuts, one adit being 833 ft long", "ShortReference1": "OrB-61", "ShortReference2": "OrB-14-B", "MapUnit": "MZPZa", "MapUnitName": "Sedimentary, volcanic, intrusive and metamorphic rocks", "ThematicAge": "Paleozoic/Mesozoic", "ThematicTerraneGroup": "Baker terrane", "ThematicFormation": "Badger Creek unit", "ThematicLithology": "mixed grained sediments", "_cat": "gold", "_grp": "metal"}, "geometry": {"type": "Point", "coordinates": [-118.78063, 44.71236]}}, {"type": "Feature", "properties": {"Commodity": "gold, lead, zinc, copper, silver", "Type": "metal", "SiteName": "Homestake", "County": "Grant", "Section": "7", "Township": "10S", "Range": "33E", "TopoMap24k": "Susanville", "WorkingsType": "underground", "MILO_ID": "ID_03193", "CommodityAbbreviation": "Au Pb Zn Cu Ag", "Owner": "unnamed or NA", "TopoMap100k": "Bates", "ElevationFeet": "3832", "CommoditiesProduced": "Au", "OreMaterial": "galena, sphalerite, chalcopyrite, pyrite, pyrrhotite", "DepositType": "vein", "WorkingsDescription": "developed by about 500 ft of underground workings, small output reported in 1905", "ShortReference1": "OrB-61", "ShortReference2": "OrB-14-B", "MapUnit": "MZPZa", "MapUnitName": "Sedimentary, volcanic, intrusive and metamorphic rocks", "ThematicAge": "Paleozoic/Mesozoic", "ThematicTerraneGroup": "Baker terrane", "ThematicFormation": "Badger Creek unit", "ThematicLithology": "mixed grained sediments", "_cat": "gold", "_grp": "metal"}, "geometry": {"type": "Point", "coordinates": [-118.7844, 44.71293]}}, {"type": "Feature", "properties": {"Commodity": "gold", "Type": "metal", "SiteName": "Belle Of The Hills Group", "County": "Grant", "Section": "7", "Township": "10S", "Range": "33E", "TopoMap24k": "Susanville", "WorkingsType": "underground", "MILO_ID": "ID_03194", "CommodityAbbreviation": "Au", "Owner": "unnamed or NA", "TopoMap100k": "Bates", "ElevationFeet": "3724", "OreMaterial": "free gold, pyrite", "DepositType": "vein", "WorkingsDescription": "developed by 2 tunnels of 600 and 300 ft on 2 levels, tunnels connected by a raise", "ShortReference1": "OrB-14-B", "MapUnit": "MZPZa", "MapUnitName": "Sedimentary, volcanic, intrusive and metamorphic rocks", "ThematicAge": "Paleozoic/Mesozoic", "ThematicTerraneGroup": "Baker terrane", "ThematicFormation": "Badger Creek unit", "ThematicLithology": "mixed grained sediments", "_cat": "gold", "_grp": "metal"}, "geometry": {"type": "Point", "coordinates": [-118.79268, 44.71313]}}, {"type": "Feature", "properties": {"Commodity": "gold, silver", "Type": "metal", "SiteName": "Porphyry Mill claims", "County": "Grant", "Section": "7", "Township": "10S", "Range": "33E", "TopoMap24k": "Susanville", "WorkingsType": "underground", "MILO_ID": "ID_03195", "CommodityAbbreviation": "Au Ag", "Owner": "unnamed or NA", "TopoMap100k": "Bates", "ElevationFeet": "3792", "CommoditiesProduced": "Au Ag", "DepositType": "porphyry?", "WorkingsDescription": "workings consist of a number of tunnels and adits", "ShortReference1": "OrBMG-v. 2, no. 4", "MapUnit": "MZPZa", "MapUnitName": "Sedimentary, volcanic, intrusive and metamorphic rocks", "ThematicAge": "Paleozoic/Mesozoic", "ThematicTerraneGroup": "Baker terrane", "ThematicFormation": "Badger Creek unit", "ThematicLithology": "mixed grained sediments", "_cat": "gold", "_grp": "metal"}, "geometry": {"type": "Point", "coordinates": [-118.78991, 44.71339]}}, {"type": "Feature", "properties": {"Commodity": "gold", "Type": "metal", "SiteName": "Skyscraper claim", "County": "Grant", "Section": "12", "Township": "10S", "Range": "32E", "TopoMap24k": "Susanville", "WorkingsType": "surface", "MILO_ID": "ID_03196", "CommodityAbbreviation": "Au", "Owner": "unnamed or NA", "TopoMap100k": "Bates", "ElevationFeet": "4166", "CommoditiesProduced": "Au", "DepositType": "vein", "WorkingsDescription": "considerable work done in past; only small cut accessible in 1941, $3000 in gold", "ShortReference1": "OrB-14-B", "MapUnit": "MZPZa", "MapUnitName": "Sedimentary, volcanic, intrusive and metamorphic rocks", "ThematicAge": "Paleozoic/Mesozoic", "ThematicTerraneGroup": "Baker terrane", "ThematicFormation": "Badger Creek unit", "ThematicLithology": "mixed grained sediments", "_cat": "gold", "_grp": "metal"}, "geometry": {"type": "Point", "coordinates": [-118.80634, 44.71571]}}, {"type": "Feature", "properties": {"Commodity": "gold", "Type": "metal", "SiteName": "gold prospect", "County": "Grant", "Section": "12", "Township": "10S", "Range": "32E", "TopoMap24k": "Susanville", "MILO_ID": "ID_03197", "CommodityAbbreviation": "Au", "Owner": "unnamed or NA", "TopoMap100k": "Bates", "ElevationFeet": "3433", "ShortReference1": "USBMMILS", "MapUnit": "Qtf", "MapUnitName": "Floodplain deposits", "ThematicAge": "Quaternary", "ThematicTerraneGroup": "Quaternary surficial deposits", "ThematicFormation": "Alluvial deposits", "ThematicLithology": "mixed grained sediments", "_cat": "gold", "_grp": "metal"}, "geometry": {"type": "Point", "coordinates": [-118.81437, 44.70956]}}, {"type": "Feature", "properties": {"Commodity": "gold", "Type": "metal", "SiteName": "gold prospect", "County": "Grant", "Section": "12", "Township": "10S", "Range": "32E", "TopoMap24k": "Susanville", "MILO_ID": "ID_03198", "CommodityAbbreviation": "Au", "Owner": "unnamed or NA", "TopoMap100k": "Bates", "ElevationFeet": "3749", "ShortReference1": "USBMMILS", "MapUnit": "MZPZa", "MapUnitName": "Sedimentary, volcanic, intrusive and metamorphic rocks", "ThematicAge": "Paleozoic/Mesozoic", "ThematicTerraneGroup": "Baker terrane", "ThematicFormation": "Badger Creek unit", "ThematicLithology": "mixed grained sediments", "_cat": "gold", "_grp": "metal"}, "geometry": {"type": "Point", "coordinates": [-118.799, 44.7142]}}, {"type": "Feature", "properties": {"Commodity": "gold", "Type": "metal", "SiteName": "gold prospect", "County": "Grant", "Section": "12", "Township": "10S", "Range": "32E", "TopoMap24k": "Susanville", "MILO_ID": "ID_03199", "CommodityAbbreviation": "Au", "Owner": "unnamed or NA", "TopoMap100k": "Bates", "ElevationFeet": "3498", "ShortReference1": "USBMMILS", "MapUnit": "Qtf", "MapUnitName": "Floodplain deposits", "ThematicAge": "Quaternary", "ThematicTerraneGroup": "Quaternary surficial deposits", "ThematicFormation": "Alluvial deposits", "ThematicLithology": "mixed grained sediments", "_cat": "gold", "_grp": "metal"}, "geometry": {"type": "Point", "coordinates": [-118.80663, 44.70838]}}, {"type": "Feature", "properties": {"Commodity": "gold, mercury", "Type": "metal", "SiteName": "Susanville placers", "County": "Grant", "Section": "12", "Township": "10S", "Range": "32E", "TopoMap24k": "Susanville", "WorkingsType": "surface", "MILO_ID": "ID_03200", "CommodityAbbreviation": "Au Hg", "Owner": "unnamed or NA", "TopoMap100k": "Bates", "ElevationFeet": "3399", "CommoditiesProduced": "Au", "OreMaterial": "cinnabar, gold", "DepositType": "placer", "WorkingsDescription": "total production estimated at $1,100,000, with the Elk Creek drainage being the most productive, in 1913, George Armstrong found an 80.4 oz nugget on Buck Gulch,1933-1939 production figures are for the Timms gold Dredging Company's operation", "ShortReference1": "OrB-55", "ShortReference2": "USBMIC-8252", "ShortReference3": "Or-map", "MapUnit": "Qtf", "MapUnitName": "Floodplain deposits", "ThematicAge": "Quaternary", "ThematicTerraneGroup": "Quaternary surficial deposits", "ThematicFormation": "Alluvial deposits", "ThematicLithology": "mixed grained sediments", "_cat": "gold", "_grp": "metal"}, "geometry": {"type": "Point", "coordinates": [-118.81539, 44.70738]}}, {"type": "Feature", "properties": {"Commodity": "gold, silver, copper", "Type": "metal", "SiteName": "Rex", "County": "Grant", "Section": "12", "Township": "10S", "Range": "32E", "TopoMap24k": "Susanville", "MILO_ID": "ID_03201", "CommodityAbbreviation": "Au Ag Cu", "Owner": "unnamed or NA", "TopoMap100k": "Bates", "ElevationFeet": "3756", "OreMaterial": "coarse gold", "ShortReference1": "OrB-14-A", "MapUnit": "MZPZa", "MapUnitName": "Sedimentary, volcanic, intrusive and metamorphic rocks", "ThematicAge": "Paleozoic/Mesozoic", "ThematicTerraneGroup": "Baker terrane", "ThematicFormation": "Badger Creek unit", "ThematicLithology": "mixed grained sediments", "_cat": "gold", "_grp": "metal"}, "geometry": {"type": "Point", "coordinates": [-118.79861, 44.7145]}}, {"type": "Feature", "properties": {"Commodity": "gold", "Type": "metal", "SiteName": "Timms gold Dredging Co.", "County": "Grant", "Section": "11", "Township": "10S", "Range": "32E", "TopoMap24k": "Susanville", "MILO_ID": "ID_03202", "CommodityAbbreviation": "Au", "Owner": "unnamed or NA", "TopoMap100k": "Bates", "ElevationFeet": "3395", "CommoditiesProduced": "Au", "ShortReference1": "USBMMILS", "MapUnit": "Qtf", "MapUnitName": "Floodplain deposits", "ThematicAge": "Quaternary", "ThematicTerraneGroup": "Quaternary surficial deposits", "ThematicFormation": "Alluvial deposits", "ThematicLithology": "mixed grained sediments", "_cat": "gold", "_grp": "metal"}, "geometry": {"type": "Point", "coordinates": [-118.81968, 44.71349]}}, {"type": "Feature", "properties": {"Commodity": "gold, silver, copper, antimony, arsenic", "Type": "metal", "SiteName": "Ophir Mine", "County": "Grant", "Section": "18", "Township": "10S", "Range": "33E", "TopoMap24k": "Susanville", "WorkingsType": "underground", "MILO_ID": "ID_03203", "CommodityAbbreviation": "Au Ag Cu Sb As", "Owner": "unnamed or NA", "TopoMap100k": "Bates", "ElevationFeet": "4139", "OreMaterial": "chalcopyrite, tetrahedrite, tennantite, pyrite", "DepositType": "vein", "WorkingsDescription": "developed by 340 ft of tunnel", "ShortReference1": "OrB-14-B", "MapUnit": "Tc", "MapUnitName": "Clarno Formation", "ThematicAge": "Eocene/Oligocene", "ThematicTerraneGroup": "John Day-Clarno package", "ThematicFormation": "Clarno Formation", "ThematicLithology": "mixed lithologies", "_cat": "gold", "_grp": "metal"}, "geometry": {"type": "Point", "coordinates": [-118.78822, 44.7061]}}, {"type": "Feature", "properties": {"Commodity": "gold", "Type": "metal", "SiteName": "Nelson Group", "County": "Grant", "Section": "13", "Township": "10S", "Range": "32E", "TopoMap24k": "Susanville", "WorkingsType": "underground", "MILO_ID": "ID_03204", "CommodityAbbreviation": "Au", "Owner": "unnamed or NA", "TopoMap100k": "Bates", "ElevationFeet": "3412", "OreMaterial": "gold, pyrite, marcasite", "DepositType": "vein", "WorkingsDescription": "developed by an incline 25 ft deep", "ShortReference1": "OrB-14-B", "MapUnit": "Qtf", "MapUnitName": "Floodplain deposits", "ThematicAge": "Quaternary", "ThematicTerraneGroup": "Quaternary surficial deposits", "ThematicFormation": "Alluvial deposits", "ThematicLithology": "mixed grained sediments", "_cat": "gold", "_grp": "metal"}, "geometry": {"type": "Point", "coordinates": [-118.81246, 44.70432]}}, {"type": "Feature", "properties": {"Commodity": "gold", "Type": "metal", "SiteName": "mine", "County": "Grant", "Section": "15", "Township": "10S", "Range": "32E", "TopoMap24k": "Susanville", "MILO_ID": "ID_03205", "CommodityAbbreviation": "Au", "Owner": "unnamed or NA", "TopoMap100k": "Bates", "ElevationFeet": "4286", "MapUnit": "MZPZa", "MapUnitName": "Sedimentary, volcanic, intrusive and metamorphic rocks", "ThematicAge": "Paleozoic/Mesozoic", "ThematicTerraneGroup": "Baker terrane", "ThematicFormation": "Badger Creek unit", "ThematicLithology": "mixed grained sediments", "_cat": "gold", "_grp": "metal"}, "geometry": {"type": "Point", "coordinates": [-118.85493, 44.70552]}}, {"type": "Feature", "properties": {"Commodity": "gold", "Type": "metal", "SiteName": "gold mine", "County": "Grant", "Section": "19", "Township": "10S", "Range": "33E", "TopoMap24k": "Susanville", "MILO_ID": "ID_03206", "CommodityAbbreviation": "Au", "Owner": "Lavelle D Holmes", "TopoMap100k": "Bates", "ElevationFeet": "3480", "CommoditiesProduced": "Au", "ShortReference1": "OrMLRR", "MapUnit": "Tcu1", "MapUnitName": "Columbia River Group, undivided", "ThematicAge": "Miocene", "ThematicTerraneGroup": "Columbia River Basalt Group", "ThematicFormation": "Picture Gorge Basalt", "ThematicLithology": "mixed lithologies", "_cat": "gold", "_grp": "metal"}, "geometry": {"type": "Point", "coordinates": [-118.78162, 44.68655]}}, {"type": "Feature", "properties": {"Commodity": "gold", "Type": "metal", "SiteName": "shaft", "County": "Grant", "Section": "7", "Township": "10S", "Range": "33E", "TopoMap24k": "Susanville", "MILO_ID": "ID_12296", "CommodityAbbreviation": "Au", "Owner": "unnamed or NA", "TopoMap100k": "Bates", "ElevationFeet": "3986", "MapUnit": "MZPZa", "MapUnitName": "Sedimentary, volcanic, intrusive and metamorphic rocks", "ThematicAge": "Paleozoic/Mesozoic", "ThematicTerraneGroup": "Baker terrane", "ThematicFormation": "Badger Creek unit", "ThematicLithology": "mixed grained sediments", "_cat": "gold", "_grp": "metal"}, "geometry": {"type": "Point", "coordinates": [-118.78987, 44.71473]}}, {"type": "Feature", "properties": {"Commodity": "gold", "Type": "metal", "SiteName": "prospect", "County": "Grant", "Section": "12", "Township": "10S", "Range": "32E", "TopoMap24k": "Susanville", "MILO_ID": "ID_12297", "CommodityAbbreviation": "Au", "Owner": "unnamed or NA", "TopoMap100k": "Bates", "ElevationFeet": "3657", "MapUnit": "Tc", "MapUnitName": "Clarno Formation", "ThematicAge": "Eocene/Oligocene", "ThematicTerraneGroup": "John Day-Clarno package", "ThematicFormation": "Clarno Formation", "ThematicLithology": "mixed lithologies", "_cat": "gold", "_grp": "metal"}, "geometry": {"type": "Point", "coordinates": [-118.79948, 44.71219]}}, {"type": "Feature", "properties": {"Commodity": "gold", "Type": "metal", "SiteName": "mine", "County": "Grant", "Section": "12", "Township": "10S", "Range": "32E", "TopoMap24k": "Susanville", "WorkingsType": "underground", "MILO_ID": "ID_12298", "CommodityAbbreviation": "Au", "Owner": "unnamed or NA", "TopoMap100k": "Bates", "ElevationFeet": "3635", "WorkingsDescription": "adit", "MapUnit": "Tc", "MapUnitName": "Clarno Formation", "ThematicAge": "Eocene/Oligocene", "ThematicTerraneGroup": "John Day-Clarno package", "ThematicFormation": "Clarno Formation", "ThematicLithology": "mixed lithologies", "_cat": "gold", "_grp": "metal"}, "geometry": {"type": "Point", "coordinates": [-118.80011, 44.71199]}}, {"type": "Feature", "properties": {"Commodity": "gold", "Type": "metal", "SiteName": "mine", "County": "Grant", "Section": "8", "Township": "10S", "Range": "33E", "TopoMap24k": "Susanville", "WorkingsType": "underground", "MILO_ID": "ID_15928", "CommodityAbbreviation": "Au", "Owner": "unnamed or NA", "TopoMap100k": "Bates", "ElevationFeet": "3977", "WorkingsDescription": "adit", "MapUnit": "MZPZa", "MapUnitName": "Sedimentary, volcanic, intrusive and metamorphic rocks", "ThematicAge": "Paleozoic/Mesozoic", "ThematicTerraneGroup": "Baker terrane", "ThematicFormation": "Badger Creek unit", "ThematicLithology": "mixed grained sediments", "_cat": "gold", "_grp": "metal"}, "geometry": {"type": "Point", "coordinates": [-118.77565, 44.71644]}}, {"type": "Feature", "properties": {"Commodity": "gold", "Type": "metal", "SiteName": "mine", "County": "Grant", "Section": "8", "Township": "10S", "Range": "33E", "TopoMap24k": "Susanville", "WorkingsType": "underground", "MILO_ID": "ID_15929", "CommodityAbbreviation": "Au", "Owner": "unnamed or NA", "TopoMap100k": "Bates", "ElevationFeet": "3956", "WorkingsDescription": "adit", "MapUnit": "MZPZa", "MapUnitName": "Sedimentary, volcanic, intrusive and metamorphic rocks", "ThematicAge": "Paleozoic/Mesozoic", "ThematicTerraneGroup": "Baker terrane", "ThematicFormation": "Badger Creek unit", "ThematicLithology": "mixed grained sediments", "_cat": "gold", "_grp": "metal"}, "geometry": {"type": "Point", "coordinates": [-118.77514, 44.71652]}}, {"type": "Feature", "properties": {"Commodity": "gold", "Type": "metal", "SiteName": "mine", "County": "Grant", "Section": "7", "Township": "10S", "Range": "33E", "TopoMap24k": "Susanville", "WorkingsType": "underground", "MILO_ID": "ID_15930", "CommodityAbbreviation": "Au", "Owner": "unnamed or NA", "TopoMap100k": "Bates", "ElevationFeet": "3663", "WorkingsDescription": "adit", "MapUnit": "MZPZa", "MapUnitName": "Sedimentary, volcanic, intrusive and metamorphic rocks", "ThematicAge": "Paleozoic/Mesozoic", "ThematicTerraneGroup": "Baker terrane", "ThematicFormation": "Badger Creek unit", "ThematicLithology": "mixed grained sediments", "_cat": "gold", "_grp": "metal"}, "geometry": {"type": "Point", "coordinates": [-118.79822, 44.71215]}}, {"type": "Feature", "properties": {"Commodity": "gold", "Type": "metal", "SiteName": "prospect", "County": "Grant", "Section": "7", "Township": "10S", "Range": "33E", "TopoMap24k": "Susanville", "MILO_ID": "ID_15931", "CommodityAbbreviation": "Au", "Owner": "unnamed or NA", "TopoMap100k": "Bates", "ElevationFeet": "3855", "MapUnit": "MZPZa", "MapUnitName": "Sedimentary, volcanic, intrusive and metamorphic rocks", "ThematicAge": "Paleozoic/Mesozoic", "ThematicTerraneGroup": "Baker terrane", "ThematicFormation": "Badger Creek unit", "ThematicLithology": "mixed grained sediments", "_cat": "gold", "_grp": "metal"}, "geometry": {"type": "Point", "coordinates": [-118.79184, 44.71142]}}, {"type": "Feature", "properties": {"Commodity": "gold", "Type": "metal", "SiteName": "prospect", "County": "Grant", "Section": "7", "Township": "10S", "Range": "33E", "TopoMap24k": "Susanville", "MILO_ID": "ID_15932", "CommodityAbbreviation": "Au", "Owner": "unnamed or NA", "TopoMap100k": "Bates", "ElevationFeet": "4114", "MapUnit": "MZPZa", "MapUnitName": "Sedimentary, volcanic, intrusive and metamorphic rocks", "ThematicAge": "Paleozoic/Mesozoic", "ThematicTerraneGroup": "Baker terrane", "ThematicFormation": "Badger Creek unit", "ThematicLithology": "mixed grained sediments", "_cat": "gold", "_grp": "metal"}, "geometry": {"type": "Point", "coordinates": [-118.7828, 44.70977]}}, {"type": "Feature", "properties": {"Commodity": "gold", "Type": "metal", "SiteName": "prospect", "County": "Grant", "Section": "7", "Township": "10S", "Range": "33E", "TopoMap24k": "Susanville", "MILO_ID": "ID_15933", "CommodityAbbreviation": "Au", "Owner": "unnamed or NA", "TopoMap100k": "Bates", "ElevationFeet": "4192", "MapUnit": "Tc", "MapUnitName": "Clarno Formation", "ThematicAge": "Eocene/Oligocene", "ThematicTerraneGroup": "John Day-Clarno package", "ThematicFormation": "Clarno Formation", "ThematicLithology": "mixed lithologies", "_cat": "gold", "_grp": "metal"}, "geometry": {"type": "Point", "coordinates": [-118.78477, 44.70939]}}, {"type": "Feature", "properties": {"Commodity": "gold", "Type": "metal", "SiteName": "prospect", "County": "Grant", "Section": "7", "Township": "10S", "Range": "33E", "TopoMap24k": "Susanville", "MILO_ID": "ID_15934", "CommodityAbbreviation": "Au", "Owner": "unnamed or NA", "TopoMap100k": "Bates", "ElevationFeet": "4196", "MapUnit": "Tc", "MapUnitName": "Clarno Formation", "ThematicAge": "Eocene/Oligocene", "ThematicTerraneGroup": "John Day-Clarno package", "ThematicFormation": "Clarno Formation", "ThematicLithology": "mixed lithologies", "_cat": "gold", "_grp": "metal"}, "geometry": {"type": "Point", "coordinates": [-118.7834, 44.70784]}}, {"type": "Feature", "properties": {"Commodity": "gold", "Type": "metal", "SiteName": "prospect", "County": "Grant", "Section": "7", "Township": "10S", "Range": "33E", "TopoMap24k": "Susanville", "MILO_ID": "ID_15935", "CommodityAbbreviation": "Au", "Owner": "unnamed or NA", "TopoMap100k": "Bates", "ElevationFeet": "4226", "MapUnit": "Tc", "MapUnitName": "Clarno Formation", "ThematicAge": "Eocene/Oligocene", "ThematicTerraneGroup": "John Day-Clarno package", "ThematicFormation": "Clarno Formation", "ThematicLithology": "mixed lithologies", "_cat": "gold", "_grp": "metal"}, "geometry": {"type": "Point", "coordinates": [-118.78633, 44.70724]}}, {"type": "Feature", "properties": {"Commodity": "gold", "Type": "metal", "SiteName": "mine", "County": "Grant", "Section": "7", "Township": "10S", "Range": "33E", "TopoMap24k": "Susanville", "WorkingsType": "underground", "MILO_ID": "ID_15936", "CommodityAbbreviation": "Au", "Owner": "unnamed or NA", "TopoMap100k": "Bates", "ElevationFeet": "3909", "WorkingsDescription": "adit", "MapUnit": "MZPZa", "MapUnitName": "Sedimentary, volcanic, intrusive and metamorphic rocks", "ThematicAge": "Paleozoic/Mesozoic", "ThematicTerraneGroup": "Baker terrane", "ThematicFormation": "Badger Creek unit", "ThematicLithology": "mixed grained sediments", "_cat": "gold", "_grp": "metal"}, "geometry": {"type": "Point", "coordinates": [-118.7941, 44.71425]}}, {"type": "Feature", "properties": {"Commodity": "gold", "Type": "metal", "SiteName": "shaft", "County": "Grant", "Section": "7", "Township": "10S", "Range": "33E", "TopoMap24k": "Susanville", "MILO_ID": "ID_15937", "CommodityAbbreviation": "Au", "Owner": "unnamed or NA", "TopoMap100k": "Bates", "ElevationFeet": "4235", "MapUnit": "Tc", "MapUnitName": "Clarno Formation", "ThematicAge": "Eocene/Oligocene", "ThematicTerraneGroup": "John Day-Clarno package", "ThematicFormation": "Clarno Formation", "ThematicLithology": "mixed lithologies", "_cat": "gold", "_grp": "metal"}, "geometry": {"type": "Point", "coordinates": [-118.78835, 44.70911]}}, {"type": "Feature", "properties": {"Commodity": "gold", "Type": "metal", "SiteName": "shaft", "County": "Grant", "Section": "7", "Township": "10S", "Range": "33E", "TopoMap24k": "Susanville", "MILO_ID": "ID_15938", "CommodityAbbreviation": "Au", "Owner": "unnamed or NA", "TopoMap100k": "Bates", "ElevationFeet": "3867", "MapUnit": "MZPZa", "MapUnitName": "Sedimentary, volcanic, intrusive and metamorphic rocks", "ThematicAge": "Paleozoic/Mesozoic", "ThematicTerraneGroup": "Baker terrane", "ThematicFormation": "Badger Creek unit", "ThematicLithology": "mixed grained sediments", "_cat": "gold", "_grp": "metal"}, "geometry": {"type": "Point", "coordinates": [-118.7898, 44.71386]}}, {"type": "Feature", "properties": {"Commodity": "gold", "Type": "metal", "SiteName": "mine", "County": "Grant", "Section": "12", "Township": "10S", "Range": "32E", "TopoMap24k": "Susanville", "WorkingsType": "underground", "MILO_ID": "ID_15939", "CommodityAbbreviation": "Au", "Owner": "unnamed or NA", "TopoMap100k": "Bates", "ElevationFeet": "3604", "WorkingsDescription": "adit", "MapUnit": "Tc", "MapUnitName": "Clarno Formation", "ThematicAge": "Eocene/Oligocene", "ThematicTerraneGroup": "John Day-Clarno package", "ThematicFormation": "Clarno Formation", "ThematicLithology": "mixed lithologies", "_cat": "gold", "_grp": "metal"}, "geometry": {"type": "Point", "coordinates": [-118.79927, 44.71158]}}, {"type": "Feature", "properties": {"Commodity": "gold", "Type": "metal", "SiteName": "prospect", "County": "Grant", "Section": "12", "Township": "10S", "Range": "32E", "TopoMap24k": "Susanville", "MILO_ID": "ID_15940", "CommodityAbbreviation": "Au", "Owner": "unnamed or NA", "TopoMap100k": "Bates", "ElevationFeet": "3642", "MapUnit": "MZPZa", "MapUnitName": "Sedimentary, volcanic, intrusive and metamorphic rocks", "ThematicAge": "Paleozoic/Mesozoic", "ThematicTerraneGroup": "Baker terrane", "ThematicFormation": "Badger Creek unit", "ThematicLithology": "mixed grained sediments", "_cat": "gold", "_grp": "metal"}, "geometry": {"type": "Point", "coordinates": [-118.79878, 44.71222]}}, {"type": "Feature", "properties": {"Commodity": "gold, arsenic, copper, lead, silver, zinc", "Type": "metal", "SiteName": "Rescue Group", "County": "Grant", "Section": "5", "Township": "10S", "Range": "33E", "TopoMap24k": "Susanville", "WorkingsType": "underground", "MILO_ID": "ID_15942", "CommodityAbbreviation": "Au As Cu Pb Ag Zn", "Owner": "unnamed or NA", "TopoMap100k": "Bates", "ElevationFeet": "4639", "DepositType": "vein", "MapUnit": "JTRu", "MapUnitName": "Sedimentary rocks, undivided", "ThematicAge": "Jurassic", "ThematicTerraneGroup": "Olds Ferry terrane", "ThematicFormation": "Weatherby Formation", "ThematicLithology": "mixed grained sediments", "_cat": "gold", "_grp": "metal"}, "geometry": {"type": "Point", "coordinates": [-118.77417, 44.73128]}}, {"type": "Feature", "properties": {"Commodity": "gold", "Type": "metal", "SiteName": "Gold Bug prospect", "County": "Grant", "Section": "6", "Township": "10S", "Range": "33E", "TopoMap24k": "Susanville", "WorkingsType": "underground", "MILO_ID": "ID_15943", "CommodityAbbreviation": "Au", "Owner": "unnamed or NA", "TopoMap100k": "Bates", "ElevationFeet": "4999", "DepositType": "vein", "MapUnit": "MZPZa", "MapUnitName": "Sedimentary, volcanic, intrusive and metamorphic rocks", "ThematicAge": "Paleozoic/Mesozoic", "ThematicTerraneGroup": "Baker terrane", "ThematicFormation": "Badger Creek unit", "ThematicLithology": "mixed grained sediments", "_cat": "gold", "_grp": "metal"}, "geometry": {"type": "Point", "coordinates": [-118.78717, 44.72878]}}, {"type": "Feature", "properties": {"Commodity": "gold, antimony, copper, lead, zinc", "Type": "metal", "SiteName": "Golden Gate Group", "County": "Grant", "Section": "8", "Township": "10S", "Range": "33E", "TopoMap24k": "Susanville", "WorkingsType": "underground", "MILO_ID": "ID_15944", "CommodityAbbreviation": "Au Sb Cu Pb Zn", "Owner": "unnamed or NA", "TopoMap100k": "Bates", "ElevationFeet": "4080", "DepositType": "vein", "WorkingsDescription": "Past Producer", "MapUnit": "MZPZa", "MapUnitName": "Sedimentary, volcanic, intrusive and metamorphic rocks", "ThematicAge": "Paleozoic/Mesozoic", "ThematicTerraneGroup": "Baker terrane", "ThematicFormation": "Badger Creek unit", "ThematicLithology": "mixed grained sediments", "_cat": "gold", "_grp": "metal"}, "geometry": {"type": "Point", "coordinates": [-118.77167, 44.71708]}}, {"type": "Feature", "properties": {"Commodity": "gold, lead, silver, zinc", "Type": "metal", "SiteName": "Side Issue", "County": "Grant", "Section": "8", "Township": "10S", "Range": "33E", "TopoMap24k": "Susanville", "WorkingsType": "underground", "MILO_ID": "ID_15945", "CommodityAbbreviation": "Au Pb Ag Zn", "Owner": "unnamed or NA", "TopoMap100k": "Bates", "ElevationFeet": "4357", "DepositType": "vein", "WorkingsDescription": "Past Producer", "MapUnit": "Tc", "MapUnitName": "Clarno Formation", "ThematicAge": "Eocene/Oligocene", "ThematicTerraneGroup": "John Day-Clarno package", "ThematicFormation": "Clarno Formation", "ThematicLithology": "mixed lithologies", "_cat": "gold", "_grp": "metal"}, "geometry": {"type": "Point", "coordinates": [-118.76137, 44.71658]}}, {"type": "Feature", "properties": {"Commodity": "gold, zinc, copper, silver", "Type": "metal", "SiteName": "North Gem Mine", "County": "Grant", "Section": "8", "Township": "10S", "Range": "33E", "TopoMap24k": "Susanville", "WorkingsType": "underground", "MILO_ID": "ID_15946", "CommodityAbbreviation": "Au Zn Cu Ag", "Owner": "unnamed or NA", "TopoMap100k": "Bates", "ElevationFeet": "4123", "DepositType": "vein", "WorkingsDescription": "Past Producer", "MapUnit": "Tc", "MapUnitName": "Clarno Formation", "ThematicAge": "Eocene/Oligocene", "ThematicTerraneGroup": "John Day-Clarno package", "ThematicFormation": "Clarno Formation", "ThematicLithology": "mixed lithologies", "_cat": "gold", "_grp": "metal"}, "geometry": {"type": "Point", "coordinates": [-118.76797, 44.71568]}}, {"type": "Feature", "properties": {"Commodity": "gold, silver, zinc, lead", "Type": "metal", "SiteName": "Side Issue", "County": "Grant", "Section": "7", "Township": "10S", "Range": "33E", "TopoMap24k": "Susanville", "WorkingsType": "surface", "MILO_ID": "ID_15947", "CommodityAbbreviation": "Au Ag Zn Pb", "Owner": "unnamed or NA", "TopoMap100k": "Bates", "ElevationFeet": "3842", "OreMaterial": "Galena, Pyrite, Sphalerite", "DepositType": "Vein", "WorkingsDescription": "Past Producer", "MapUnit": "MZPZa", "MapUnitName": "Sedimentary, volcanic, intrusive and metamorphic rocks", "ThematicAge": "Paleozoic/Mesozoic", "ThematicTerraneGroup": "Baker terrane", "ThematicFormation": "Badger Creek unit", "ThematicLithology": "mixed grained sediments", "_cat": "gold", "_grp": "metal"}, "geometry": {"type": "Point", "coordinates": [-118.77885, 44.71155]}}, {"type": "Feature", "properties": {"Commodity": "gold, mercury", "Type": "metal", "SiteName": "Susanville Placers", "County": "Grant", "Section": "7", "Township": "10S", "Range": "33E", "TopoMap24k": "Susanville", "WorkingsType": "surface", "MILO_ID": "ID_15948", "CommodityAbbreviation": "Au Hg", "Owner": "unnamed or NA", "TopoMap100k": "Bates", "ElevationFeet": "3928", "DepositType": "placer", "WorkingsDescription": "Past Producer", "MapUnit": "MZPZa", "MapUnitName": "Sedimentary, volcanic, intrusive and metamorphic rocks", "ThematicAge": "Paleozoic/Mesozoic", "ThematicTerraneGroup": "Baker terrane", "ThematicFormation": "Badger Creek unit", "ThematicLithology": "mixed grained sediments", "_cat": "gold", "_grp": "metal"}, "geometry": {"type": "Point", "coordinates": [-118.79747, 44.70908]}}, {"type": "Feature", "properties": {"Commodity": "gold, copper, silver", "Type": "metal", "SiteName": "Rex", "County": "Grant", "Section": "7", "Township": "10S", "Range": "33E", "TopoMap24k": "Susanville", "WorkingsType": "underground", "MILO_ID": "ID_15949", "CommodityAbbreviation": "Au Cu Ag", "Owner": "unnamed or NA", "TopoMap100k": "Bates", "ElevationFeet": "4016", "DepositType": "vein", "WorkingsDescription": "Past Producer", "MapUnit": "MZPZa", "MapUnitName": "Sedimentary, volcanic, intrusive and metamorphic rocks", "ThematicAge": "Paleozoic/Mesozoic", "ThematicTerraneGroup": "Baker terrane", "ThematicFormation": "Badger Creek unit", "ThematicLithology": "mixed grained sediments", "_cat": "gold", "_grp": "metal"}, "geometry": {"type": "Point", "coordinates": [-118.77917, 44.71488]}}, {"type": "Feature", "properties": {"Commodity": "gold", "Type": "metal", "SiteName": "Nelson Group", "County": "Grant", "Section": "12", "Township": "10S", "Range": "32E", "TopoMap24k": "Susanville", "WorkingsType": "underground", "MILO_ID": "ID_15950", "CommodityAbbreviation": "Au", "Owner": "unnamed or NA", "TopoMap100k": "Bates", "ElevationFeet": "3545", "DepositType": "vein", "MapUnit": "ECUba", "MapUnitName": "Upper sequence basaltic andesite", "ThematicAge": "Eocene/Oligocene", "ThematicTerraneGroup": "John Day-Clarno package", "ThematicFormation": "no data", "ThematicLithology": "basaltic andesite", "_cat": "gold", "_grp": "metal"}, "geometry": {"type": "Point", "coordinates": [-118.81077, 44.70708]}}, {"type": "Feature", "properties": {"Commodity": "gold", "Type": "metal", "SiteName": "mine shaft", "County": "Grant", "Section": "8", "Township": "10S", "Range": "33E", "TopoMap24k": "Susanville", "WorkingsType": "underground", "MILO_ID": "ID_24496", "CommodityAbbreviation": "Au", "Owner": "unnamed or NA", "TopoMap100k": "Bates", "ElevationFeet": "3982", "WorkingsDescription": "shaft", "MapUnit": "MZPZa", "MapUnitName": "Sedimentary, volcanic, intrusive and metamorphic rocks", "ThematicAge": "Paleozoic/Mesozoic", "ThematicTerraneGroup": "Baker terrane", "ThematicFormation": "Badger Creek unit", "ThematicLithology": "mixed grained sediments", "_cat": "gold", "_grp": "metal"}, "geometry": {"type": "Point", "coordinates": [-118.7771, 44.70892]}}, {"type": "Feature", "properties": {"Commodity": "gold", "Type": "metal", "SiteName": "shaft", "County": "Grant", "Section": "7", "Township": "10S", "Range": "33E", "TopoMap24k": "Susanville", "WorkingsType": "underground", "MILO_ID": "ID_24497", "CommodityAbbreviation": "Au", "Owner": "unnamed or NA", "TopoMap100k": "Bates", "ElevationFeet": "3916", "WorkingsDescription": "shaft", "MapUnit": "MZPZa", "MapUnitName": "Sedimentary, volcanic, intrusive and metamorphic rocks", "ThematicAge": "Paleozoic/Mesozoic", "ThematicTerraneGroup": "Baker terrane", "ThematicFormation": "Badger Creek unit", "ThematicLithology": "mixed grained sediments", "_cat": "gold", "_grp": "metal"}, "geometry": {"type": "Point", "coordinates": [-118.78978, 44.71417]}}, {"type": "Feature", "properties": {"Commodity": "gold", "Type": "metal", "SiteName": "gold prospect", "County": "Wheeler", "Section": "14", "Township": "12S", "Range": "25E", "TopoMap24k": "Picture Gorge West", "MILO_ID": "ID_05790", "CommodityAbbreviation": "Au", "Owner": "Robert Vanier Jr", "TopoMap100k": "Monument", "ElevationFeet": "2471", "ShortReference1": "OrMLRR", "MapUnit": "Tm", "MapUnitName": "Mascall Formation", "ThematicAge": "Miocene", "ThematicTerraneGroup": "Neogene volcanic rocks", "ThematicFormation": "Mascall Formation", "ThematicLithology": "mixed lithologies", "_cat": "gold", "_grp": "metal"}, "geometry": {"type": "Point", "coordinates": [-119.68665, 44.52403]}}, {"type": "Feature", "properties": {"Commodity": "gold", "Type": "metal", "SiteName": "Rock and Burch Creek placers", "County": "Wheeler", "Section": "23", "Township": "12S", "Range": "25E", "TopoMap24k": "Picture Gorge West", "WorkingsType": "surface", "MILO_ID": "ID_05791", "CommodityAbbreviation": "Au", "Owner": "unnamed or NA", "TopoMap100k": "Monument", "ElevationFeet": "2654", "CommoditiesProduced": "Au", "DepositType": "placer", "ShortReference1": "USBMMILS", "MapUnit": "Qal", "MapUnitName": "Alluvium", "ThematicAge": "Quaternary", "ThematicTerraneGroup": "Quaternary surficial deposits", "ThematicFormation": "Alluvial deposits", "ThematicLithology": "mixed grained sediments", "_cat": "gold", "_grp": "metal"}, "geometry": {"type": "Point", "coordinates": [-119.69127, 44.51191]}}, {"type": "Feature", "properties": {"Commodity": "gold, silver, lead, zinc", "Type": "metal", "SiteName": "Birch Creek Mining Co.", "County": "Wheeler", "Section": "16", "Township": "13S", "Range": "25E", "TopoMap24k": "Day Basin", "WorkingsType": "underground", "MILO_ID": "ID_05803", "CommodityAbbreviation": "Au Ag Pb Zn", "Owner": "unnamed or NA", "TopoMap100k": "Dayville", "ElevationFeet": "4213", "OreMaterial": "galena, sphalerite, pyrite", "DepositType": "lode", "WorkingsDescription": "several hundred ft of crosscut adits", "ShortReference1": "OrBMG-v. 2, no. 4", "MapUnit": "PZu1", "MapUnitName": "Sedimentary, volcanic, and metamorphic rocks", "ThematicAge": "Paleozoic/Mesozoic", "ThematicTerraneGroup": "Baker terrane", "ThematicFormation": "no data", "ThematicLithology": "schist", "_cat": "gold", "_grp": "metal"}, "geometry": {"type": "Point", "coordinates": [-119.72831, 44.43462]}}, {"type": "Feature", "properties": {"Commodity": "gold, silver, platinum, chromium", "Type": "metal", "SiteName": "Spanish Gulch placers", "County": "Wheeler", "Section": "6", "Township": "13S", "Range": "25E", "TopoMap24k": "Antone", "WorkingsType": "surface", "MILO_ID": "ID_05807", "CommodityAbbreviation": "Au Ag Pt Cr", "Owner": "Milo Frank", "TopoMap100k": "Dayville", "ElevationFeet": "3760", "CommoditiesProduced": "Au", "OreMaterial": "free gold", "DepositType": "placer", "WorkingsDescription": "possibly as much as $100,000 prior to 1914", "ShortReference3": "OrB-61", "MapUnit": "QTr", "MapUnitName": "Rattlesnake Formation", "ThematicAge": "Miocene", "ThematicTerraneGroup": "Harney Basin volcanic field", "ThematicFormation": "Rattlesnake Ashflow Tuff", "ThematicLithology": "coarse grained sediments", "_cat": "gold", "_grp": "metal"}, "geometry": {"type": "Point", "coordinates": [-119.76721, 44.47375]}}, {"type": "Feature", "properties": {"Commodity": "gold, copper, silver, lead", "Type": "metal", "SiteName": "Spanish Gulch Project/Andrews Mine", "County": "Wheeler", "Section": "7", "Township": "13S", "Range": "25E", "TopoMap24k": "Antone", "WorkingsType": "underground", "MILO_ID": "ID_05808", "CommodityAbbreviation": "Au Cu Ag Pb", "Owner": "Asarco, Inc.", "TopoMap100k": "Dayville", "ElevationFeet": "4483", "CommoditiesProduced": "Au", "OreMaterial": "chalcopyrite, galena, pyrite", "DepositType": "vein", "ShortReference1": "thesis", "ShortReference2": "OrB-61", "MapUnit": "PZu1", "MapUnitName": "Sedimentary, volcanic, and metamorphic rocks", "ThematicAge": "Paleozoic/Mesozoic", "ThematicTerraneGroup": "Baker terrane", "ThematicFormation": "no data", "ThematicLithology": "schist", "_cat": "gold", "_grp": "metal"}, "geometry": {"type": "Point", "coordinates": [-119.76563, 44.44937]}}, {"type": "Feature", "properties": {"Commodity": "quartz crystal and optical calcite", "Type": "industrial mineral", "SiteName": "Antone Quartz Blowout", "County": "Wheeler", "Section": "12", "Township": "13S", "Range": "24E", "TopoMap24k": "Antone", "WorkingsType": "surface", "MILO_ID": "ID_05809", "CommodityAbbreviation": "quartz", "Owner": "unnamed or NA", "TopoMap100k": "Dayville", "ElevationFeet": "3855", "ShortReference1": "USBMWFOC", "MapUnit": "Ks", "MapUnitName": "Sedimentary rocks", "ThematicAge": "Cretaceous", "ThematicTerraneGroup": "Mitchell package", "ThematicFormation": "no data", "ThematicLithology": "mixed grained sediments", "_cat": "gem_other", "_grp": "gem"}, "geometry": {"type": "Point", "coordinates": [-119.79471, 44.46153]}}, {"type": "Feature", "properties": {"Commodity": "gold, copper, lead", "Type": "metal", "SiteName": "Waterman prospect", "County": "Wheeler", "Section": "12", "Township": "13S", "Range": "24E", "TopoMap24k": "Antone", "WorkingsType": "underground", "MILO_ID": "ID_05810", "CommodityAbbreviation": "Au Cu Pb", "Owner": "unnamed or NA", "TopoMap100k": "Dayville", "ElevationFeet": "4235", "OreMaterial": "chalcopyrite, galena, pyrite, bornite", "DepositType": "vein/shear zone", "WorkingsDescription": "vein is reportedly developed by a 125 ft shaft, no production recorded, property was equipped with a small two stamp mill", "ShortReference1": "OrBMG-v. 2, no. 4", "ShortReference2": "OrB-61", "ShortReference3": "thesis", "MapUnit": "Ks", "MapUnitName": "Sedimentary rocks", "ThematicAge": "Cretaceous", "ThematicTerraneGroup": "Mitchell package", "ThematicFormation": "no data", "ThematicLithology": "mixed grained sediments", "_cat": "gold", "_grp": "metal"}, "geometry": {"type": "Point", "coordinates": [-119.78135, 44.45319]}}, {"type": "Feature", "properties": {"Commodity": "gold, silver", "Type": "metal", "SiteName": "Rosa D.", "County": "Wheeler", "Section": "18", "Township": "13S", "Range": "25E", "TopoMap24k": "Antone", "MILO_ID": "ID_05812", "CommodityAbbreviation": "Au Ag", "Owner": "unnamed or NA", "TopoMap100k": "Dayville", "ElevationFeet": "4793", "ShortReference1": "USBMMILS", "MapUnit": "PZu1", "MapUnitName": "Sedimentary, volcanic, and metamorphic rocks", "ThematicAge": "Paleozoic/Mesozoic", "ThematicTerraneGroup": "Baker terrane", "ThematicFormation": "no data", "ThematicLithology": "schist", "_cat": "gold", "_grp": "metal"}, "geometry": {"type": "Point", "coordinates": [-119.76582, 44.44125]}}, {"type": "Feature", "properties": {"Commodity": "gold", "Type": "metal", "SiteName": "Waterman 1-10", "County": "Wheeler", "Section": "13", "Township": "13S", "Range": "24E", "TopoMap24k": "Antone", "MILO_ID": "ID_05813", "CommodityAbbreviation": "Au", "Owner": "Spanish Gulch gold Placers, Ltd (asarco)", "TopoMap100k": "Dayville", "ElevationFeet": "4493", "CommoditiesProduced": "Au", "OreMaterial": "placer gold", "DepositType": "gulch placer", "WorkingsDescription": "gulch placer, two recent reclaimed drill sites on waterman 6, two adits with bats, and hand stacked placer tailings, Andrews Mine has three older drill holes, caved shaft and collapsed headframe, collapsing 2-stamp mill and caved adit", "ShortReference1": "USGSI-447", "ShortReference2": "OrB-61", "ShortReference3": "OrBMG-v. 1. no. 8", "MapUnit": "Ks", "MapUnitName": "Sedimentary rocks", "ThematicAge": "Cretaceous", "ThematicTerraneGroup": "Mitchell package", "ThematicFormation": "no data", "ThematicLithology": "mixed grained sediments", "_cat": "gold", "_grp": "metal"}, "geometry": {"type": "Point", "coordinates": [-119.78193, 44.4432]}}, {"type": "Feature", "properties": {"Commodity": "mercury", "Type": "metal", "SiteName": "Lucky Lost", "County": "Wheeler", "Section": "19", "Township": "13S", "Range": "25E", "TopoMap24k": "Antone", "MILO_ID": "ID_05814", "CommodityAbbreviation": "Hg", "Owner": "A A Wiegner and Others", "TopoMap100k": "Dayville", "ElevationFeet": "5711", "ShortReference1": "USBMIC-8252", "MapUnit": "Tcu", "MapUnitName": "Columbia River Group, undivided", "ThematicAge": "Miocene", "ThematicTerraneGroup": "Columbia River Basalt Group", "ThematicFormation": "Picture Gorge Basalt", "ThematicLithology": "basalt", "_cat": "metal", "_grp": "metal"}, "geometry": {"type": "Point", "coordinates": [-119.76554, 44.42625]}}, {"type": "Feature", "properties": {"Commodity": "gold, copper, silver, lead", "Type": "metal", "SiteName": "prospect", "County": "Wheeler", "Section": "7", "Township": "13S", "Range": "25E", "TopoMap24k": "Antone", "WorkingsType": "underground", "MILO_ID": "ID_05815", "CommodityAbbreviation": "Au Cu Ag Pb", "Owner": "unnamed or NA", "TopoMap100k": "Dayville", "ElevationFeet": "4693", "CommoditiesProduced": "Au", "OreMaterial": "chalcopyrite, galena, pyrite", "DepositType": "vein", "ShortReference1": "thesis", "ShortReference2": "OrB-61", "MapUnit": "PZu1", "MapUnitName": "Sedimentary, volcanic, and metamorphic rocks", "ThematicAge": "Paleozoic/Mesozoic", "ThematicTerraneGroup": "Baker terrane", "ThematicFormation": "no data", "ThematicLithology": "schist", "_cat": "gold", "_grp": "metal"}, "geometry": {"type": "Point", "coordinates": [-119.76985, 44.44872]}}, {"type": "Feature", "properties": {"Commodity": "gold, copper, silver, lead", "Type": "metal", "SiteName": "Red Jacket prospect (shaft)", "County": "Wheeler", "Section": "7", "Township": "13S", "Range": "25E", "TopoMap24k": "Antone", "WorkingsType": "underground", "MILO_ID": "ID_05816", "CommodityAbbreviation": "Au Cu Ag Pb", "Owner": "unnamed or NA", "TopoMap100k": "Dayville", "ElevationFeet": "4688", "CommoditiesProduced": "Au", "OreMaterial": "chalcopyrite, galena, pyrite", "DepositType": "vein", "WorkingsDescription": "inclinede shaft 30 degees to S, 90 ft deep", "ShortReference1": "thesis", "ShortReference2": "OrB-61", "MapUnit": "PZu1", "MapUnitName": "Sedimentary, volcanic, and metamorphic rocks", "ThematicAge": "Paleozoic/Mesozoic", "ThematicTerraneGroup": "Baker terrane", "ThematicFormation": "no data", "ThematicLithology": "schist", "_cat": "gold", "_grp": "metal"}, "geometry": {"type": "Point", "coordinates": [-119.77089, 44.44867]}}, {"type": "Feature", "properties": {"Commodity": "gold, copper, silver, lead", "Type": "metal", "SiteName": "prospect", "County": "Wheeler", "Section": "7", "Township": "13S", "Range": "25E", "TopoMap24k": "Antone", "WorkingsType": "underground", "MILO_ID": "ID_05817", "CommodityAbbreviation": "Au Cu Ag Pb", "Owner": "unnamed or NA", "TopoMap100k": "Dayville", "ElevationFeet": "4501", "CommoditiesProduced": "Au", "OreMaterial": "chalcopyrite, galena, pyrite", "DepositType": "vein", "ShortReference1": "thesis", "ShortReference2": "OrB-61", "MapUnit": "PZu1", "MapUnitName": "Sedimentary, volcanic, and metamorphic rocks", "ThematicAge": "Paleozoic/Mesozoic", "ThematicTerraneGroup": "Baker terrane", "ThematicFormation": "no data", "ThematicLithology": "schist", "_cat": "gold", "_grp": "metal"}, "geometry": {"type": "Point", "coordinates": [-119.76596, 44.44988]}}, {"type": "Feature", "properties": {"Commodity": "gold, copper, silver, lead", "Type": "metal", "SiteName": "prospect", "County": "Wheeler", "Section": "7", "Township": "13S", "Range": "25E", "TopoMap24k": "Antone", "WorkingsType": "underground", "MILO_ID": "ID_05818", "CommodityAbbreviation": "Au Cu Ag Pb", "Owner": "unnamed or NA", "TopoMap100k": "Dayville", "ElevationFeet": "4534", "CommoditiesProduced": "Au", "OreMaterial": "chalcopyrite, galena, pyrite", "DepositType": "vein", "ShortReference1": "thesis", "ShortReference2": "OrB-61", "MapUnit": "PZu1", "MapUnitName": "Sedimentary, volcanic, and metamorphic rocks", "ThematicAge": "Paleozoic/Mesozoic", "ThematicTerraneGroup": "Baker terrane", "ThematicFormation": "no data", "ThematicLithology": "schist", "_cat": "gold", "_grp": "metal"}, "geometry": {"type": "Point", "coordinates": [-119.76643, 44.44988]}}, {"type": "Feature", "properties": {"Commodity": "gold, copper, silver, lead", "Type": "metal", "SiteName": "prospect", "County": "Wheeler", "Section": "7", "Township": "13S", "Range": "25E", "TopoMap24k": "Antone", "WorkingsType": "underground", "MILO_ID": "ID_05819", "CommodityAbbreviation": "Au Cu Ag Pb", "Owner": "unnamed or NA", "TopoMap100k": "Dayville", "ElevationFeet": "4668", "CommoditiesProduced": "Au", "OreMaterial": "chalcopyrite, galena, pyrite", "DepositType": "vein", "ShortReference1": "thesis", "ShortReference2": "OrB-61", "MapUnit": "PZu1", "MapUnitName": "Sedimentary, volcanic, and metamorphic rocks", "ThematicAge": "Paleozoic/Mesozoic", "ThematicTerraneGroup": "Baker terrane", "ThematicFormation": "no data", "ThematicLithology": "schist", "_cat": "gold", "_grp": "metal"}, "geometry": {"type": "Point", "coordinates": [-119.76886, 44.44941]}}, {"type": "Feature", "properties": {"Commodity": "gold, copper, silver, lead", "Type": "metal", "SiteName": "prospect", "County": "Wheeler", "Section": "7", "Township": "13S", "Range": "25E", "TopoMap24k": "Antone", "WorkingsType": "underground", "MILO_ID": "ID_05820", "CommodityAbbreviation": "Au Cu Ag Pb", "Owner": "unnamed or NA", "TopoMap100k": "Dayville", "ElevationFeet": "4672", "CommoditiesProduced": "Au", "OreMaterial": "chalcopyrite, galena, pyrite", "DepositType": "vein", "ShortReference1": "thesis", "ShortReference2": "OrB-61", "MapUnit": "PZu1", "MapUnitName": "Sedimentary, volcanic, and metamorphic rocks", "ThematicAge": "Paleozoic/Mesozoic", "ThematicTerraneGroup": "Baker terrane", "ThematicFormation": "no data", "ThematicLithology": "schist", "_cat": "gold", "_grp": "metal"}, "geometry": {"type": "Point", "coordinates": [-119.76902, 44.44923]}}, {"type": "Feature", "properties": {"Commodity": "gold, copper, silver, lead", "Type": "metal", "SiteName": "prospect", "County": "Wheeler", "Section": "7", "Township": "13S", "Range": "25E", "TopoMap24k": "Antone", "WorkingsType": "underground", "MILO_ID": "ID_05821", "CommodityAbbreviation": "Au Cu Ag Pb", "Owner": "unnamed or NA", "TopoMap100k": "Dayville", "ElevationFeet": "4681", "CommoditiesProduced": "Au", "OreMaterial": "chalcopyrite, galena, pyrite", "DepositType": "vein", "ShortReference1": "thesis", "ShortReference2": "OrB-61", "MapUnit": "PZu1", "MapUnitName": "Sedimentary, volcanic, and metamorphic rocks", "ThematicAge": "Paleozoic/Mesozoic", "ThematicTerraneGroup": "Baker terrane", "ThematicFormation": "no data", "ThematicLithology": "schist", "_cat": "gold", "_grp": "metal"}, "geometry": {"type": "Point", "coordinates": [-119.76928, 44.44907]}}, {"type": "Feature", "properties": {"Commodity": "gold, copper, silver, lead", "Type": "metal", "SiteName": "prospect", "County": "Wheeler", "Section": "18", "Township": "13S", "Range": "25E", "TopoMap24k": "Antone", "WorkingsType": "underground", "MILO_ID": "ID_05822", "CommodityAbbreviation": "Au Cu Ag Pb", "Owner": "unnamed or NA", "TopoMap100k": "Dayville", "ElevationFeet": "4584", "CommoditiesProduced": "Au", "OreMaterial": "chalcopyrite, galena, pyrite", "DepositType": "vein", "ShortReference1": "thesis", "ShortReference2": "OrB-61", "MapUnit": "PZu1", "MapUnitName": "Sedimentary, volcanic, and metamorphic rocks", "ThematicAge": "Paleozoic/Mesozoic", "ThematicTerraneGroup": "Baker terrane", "ThematicFormation": "no data", "ThematicLithology": "schist", "_cat": "gold", "_grp": "metal"}, "geometry": {"type": "Point", "coordinates": [-119.76656, 44.44758]}}, {"type": "Feature", "properties": {"Commodity": "gold, copper, silver, lead", "Type": "metal", "SiteName": "prospect", "County": "Wheeler", "Section": "18", "Township": "13S", "Range": "25E", "TopoMap24k": "Antone", "WorkingsType": "underground", "MILO_ID": "ID_05823", "CommodityAbbreviation": "Au Cu Ag Pb", "Owner": "unnamed or NA", "TopoMap100k": "Dayville", "ElevationFeet": "4596", "CommoditiesProduced": "Au", "OreMaterial": "chalcopyrite, galena, pyrite", "DepositType": "vein", "ShortReference1": "thesis", "ShortReference2": "OrB-61", "MapUnit": "PZu1", "MapUnitName": "Sedimentary, volcanic, and metamorphic rocks", "ThematicAge": "Paleozoic/Mesozoic", "ThematicTerraneGroup": "Baker terrane", "ThematicFormation": "no data", "ThematicLithology": "schist", "_cat": "gold", "_grp": "metal"}, "geometry": {"type": "Point", "coordinates": [-119.76701, 44.44753]}}, {"type": "Feature", "properties": {"Commodity": "gold, copper, silver, lead", "Type": "metal", "SiteName": "prospect", "County": "Wheeler", "Section": "18", "Township": "13S", "Range": "25E", "TopoMap24k": "Antone", "WorkingsType": "underground", "MILO_ID": "ID_05824", "CommodityAbbreviation": "Au Cu Ag Pb", "Owner": "unnamed or NA", "TopoMap100k": "Dayville", "ElevationFeet": "4611", "CommoditiesProduced": "Au", "OreMaterial": "chalcopyrite, galena, pyrite", "DepositType": "vein", "ShortReference1": "thesis", "ShortReference2": "OrB-61", "MapUnit": "PZu1", "MapUnitName": "Sedimentary, volcanic, and metamorphic rocks", "ThematicAge": "Paleozoic/Mesozoic", "ThematicTerraneGroup": "Baker terrane", "ThematicFormation": "no data", "ThematicLithology": "schist", "_cat": "gold", "_grp": "metal"}, "geometry": {"type": "Point", "coordinates": [-119.7674, 44.44753]}}, {"type": "Feature", "properties": {"Commodity": "gemstone material", "Type": "industrial mineral", "SiteName": "unnamed or NA", "County": "Lake", "Section": "16", "Township": "33S", "Range": "23E", "TopoMap24k": "Commodore Ridge", "WorkingsType": "surface", "MILO_ID": "ID_20427", "CommodityAbbreviation": "obsidian", "Owner": "unnamed or NA", "TopoMap100k": "Lake Abert", "ElevationFeet": "5073", "MapUnit": "Tb", "MapUnitName": "Basalt", "ThematicAge": "Miocene/Pliocene", "ThematicTerraneGroup": "Neogene volcanic rocks", "ThematicFormation": "no data", "ThematicLithology": "basalt", "_cat": "obsidian", "_grp": "gem"}, "geometry": {"type": "Point", "coordinates": [-120.01629, 42.71668]}}, {"type": "Feature", "properties": {"Commodity": "gemstone material", "Type": "industrial mineral", "SiteName": "Ponderosa Sunstones", "County": "Harney", "Section": "7", "Township": "20S", "Range": "27E", "TopoMap24k": "Donnelly Butte", "WorkingsType": "surface", "MILO_ID": "ID_04141", "CommodityAbbreviation": "sunstone", "Owner": "Ponderosa Mine, Inc.", "TopoMap100k": "Burns", "ElevationFeet": "5472", "CommoditiesProduced": "gemstones", "DepositType": "volcanic", "ShortReference1": "OrMLRR", "MapUnit": "Trd", "MapUnitName": "Rhyodacite", "ThematicAge": "Miocene", "ThematicTerraneGroup": "silicic rocks of Yellowstone hotspot", "ThematicFormation": "no data", "ThematicLithology": "rhyolite", "_cat": "sunstone", "_grp": "gem"}, "geometry": {"type": "Point", "coordinates": [-119.5263, 43.85819]}}, {"type": "Feature", "properties": {"Commodity": "gemstone material", "Type": "industrial mineral", "SiteName": "prospect", "County": "Harney", "Section": "7", "Township": "20S", "Range": "27E", "TopoMap24k": "Donnelly Butte", "WorkingsType": "surface", "MILO_ID": "ID_17752", "CommodityAbbreviation": "sunstone", "Owner": "unnamed or NA", "TopoMap100k": "Burns", "ElevationFeet": "5498", "DepositType": "volcanic", "MapUnit": "Trd", "MapUnitName": "Rhyodacite", "ThematicAge": "Miocene", "ThematicTerraneGroup": "silicic rocks of Yellowstone hotspot", "ThematicFormation": "no data", "ThematicLithology": "rhyolite", "_cat": "sunstone", "_grp": "gem"}, "geometry": {"type": "Point", "coordinates": [-119.52706, 43.85853]}}, {"type": "Feature", "properties": {"Commodity": "gemstone material", "Type": "industrial mineral", "SiteName": "prospect", "County": "Harney", "Section": "7", "Township": "20S", "Range": "27E", "TopoMap24k": "Donnelly Butte", "WorkingsType": "surface", "MILO_ID": "ID_23858", "CommodityAbbreviation": "sunstone", "Owner": "unnamed or NA", "TopoMap100k": "Burns", "ElevationFeet": "5549", "DepositType": "volcanic", "MapUnit": "Trd", "MapUnitName": "Rhyodacite", "ThematicAge": "Miocene", "ThematicTerraneGroup": "silicic rocks of Yellowstone hotspot", "ThematicFormation": "no data", "ThematicLithology": "rhyolite", "_cat": "sunstone", "_grp": "gem"}, "geometry": {"type": "Point", "coordinates": [-119.52807, 43.85849]}}, {"type": "Feature", "properties": {"Commodity": "gemstone material", "Type": "industrial mineral", "SiteName": "Snakebite", "County": "Harney", "Section": "34", "Township": "32S", "Range": "24E", "TopoMap24k": "Rabbit Hills NW", "WorkingsType": "surface", "MILO_ID": "ID_07737", "CommodityAbbreviation": "sunstone", "Owner": "Cowan, Inc.", "TopoMap100k": "Bluejoint Lake", "ElevationFeet": "4711", "DepositType": "volcanic", "ShortReference1": "OrMLRR", "MapUnit": "Tb", "MapUnitName": "Basalt", "ThematicAge": "Miocene", "ThematicTerraneGroup": "High Lava Plains volcanic province", "ThematicFormation": "no data", "ThematicLithology": "basalt", "_cat": "sunstone", "_grp": "gem"}, "geometry": {"type": "Point", "coordinates": [-119.87607, 42.74968]}}, {"type": "Feature", "properties": {"Commodity": "gemstone material", "Type": "industrial mineral", "SiteName": "Three Stooges", "County": "Lake", "Section": "8", "Township": "33S", "Range": "25E", "TopoMap24k": "Rabbit Hills NE", "WorkingsType": "surface", "MILO_ID": "ID_08091", "CommodityAbbreviation": "sunstone", "Owner": "Armas, Jeff and Lena", "TopoMap100k": "Bluejoint Lake", "ElevationFeet": "4641", "DepositType": "volcanic", "ShortReference1": "OrMLRR", "MapUnit": "Tbf", "MapUnitName": "Flows and flow breccias", "ThematicAge": "Miocene", "ThematicTerraneGroup": "Columbia River Basalt Group", "ThematicFormation": "Steens Basalt", "ThematicLithology": "basalt", "_cat": "sunstone", "_grp": "gem"}, "geometry": {"type": "Point", "coordinates": [-119.80465, 42.72308]}}, {"type": "Feature", "properties": {"Commodity": "gemstone material", "Type": "industrial mineral", "SiteName": "Mutt and Jeff 1", "County": "Lake", "Section": "14", "Township": "33S", "Range": "24E", "TopoMap24k": "Rabbit Hills NE", "WorkingsType": "surface", "MILO_ID": "ID_08092", "CommodityAbbreviation": "sunstone", "Owner": "Armas, Jeff and Lena", "TopoMap100k": "Bluejoint Lake", "ElevationFeet": "4609", "DepositType": "volcanic", "ShortReference1": "OrMLRR", "MapUnit": "Tbf", "MapUnitName": "Flows and flow breccias", "ThematicAge": "Miocene", "ThematicTerraneGroup": "Columbia River Basalt Group", "ThematicFormation": "Steens Basalt", "ThematicLithology": "basalt", "_cat": "sunstone", "_grp": "gem"}, "geometry": {"type": "Point", "coordinates": [-119.85051, 42.70938]}}, {"type": "Feature", "properties": {"Commodity": "gemstone material", "Type": "industrial mineral", "SiteName": "Spectrum Mine", "County": "Lake", "Section": "3", "Township": "33S", "Range": "24E", "TopoMap24k": "Rabbit Hills NE", "WorkingsType": "surface", "MILO_ID": "ID_20418", "CommodityAbbreviation": "sunstone", "Owner": "unnamed or NA", "TopoMap100k": "Bluejoint Lake", "ElevationFeet": "4638", "DepositType": "volcanic", "MapUnit": "Tbf", "MapUnitName": "Flows and flow breccias", "ThematicAge": "Miocene", "ThematicTerraneGroup": "Columbia River Basalt Group", "ThematicFormation": "Steens Basalt", "ThematicLithology": "basalt", "_cat": "sunstone", "_grp": "gem"}, "geometry": {"type": "Point", "coordinates": [-119.86793, 42.73268]}}, {"type": "Feature", "properties": {"Commodity": "gemstone material", "Type": "industrial mineral", "SiteName": "Dust Devil sunstones", "County": "Lake", "Section": "15", "Township": "33S", "Range": "24E", "TopoMap24k": "Rabbit Hills NE", "WorkingsType": "surface", "MILO_ID": "ID_20419", "CommodityAbbreviation": "sunstone", "Owner": "unnamed or NA", "TopoMap100k": "Bluejoint Lake", "ElevationFeet": "4588", "DepositType": "volcanic", "MapUnit": "Tst1", "MapUnitName": "Tuffaceous sedimentary rocks, tuffs, and interbedded basaltic and andesitic flows", "ThematicAge": "Miocene", "ThematicTerraneGroup": "Neogene sedimentary rocks", "ThematicFormation": "no data", "ThematicLithology": "tuffaceous sedimentary rocks", "_cat": "sunstone", "_grp": "gem"}, "geometry": {"type": "Point", "coordinates": [-119.86738, 42.71531]}}, {"type": "Feature", "properties": {"Commodity": "gemstone material", "Type": "industrial mineral", "SiteName": "Magic Valley Gem", "County": "Lake", "Section": "23", "Township": "33S", "Range": "24E", "TopoMap24k": "Rabbit Hills NE", "WorkingsType": "surface", "MILO_ID": "ID_20420", "CommodityAbbreviation": "sunstone", "Owner": "unnamed or NA", "TopoMap100k": "Bluejoint Lake", "ElevationFeet": "4580", "DepositType": "volcanic", "MapUnit": "QTs", "MapUnitName": "Sedimentary deposits", "ThematicAge": "Quaternary", "ThematicTerraneGroup": "Quaternary surficial deposits", "ThematicFormation": "Pluvial lake valley deposits", "ThematicLithology": "mixed grained sediments", "_cat": "sunstone", "_grp": "gem"}, "geometry": {"type": "Point", "coordinates": [-119.85183, 42.69934]}}, {"type": "Feature", "properties": {"Commodity": "gemstone material", "Type": "industrial mineral", "SiteName": "Owyhee West", "County": "Lake", "Section": "1", "Township": "33S", "Range": "24E", "TopoMap24k": "Rabbit Hills NE", "WorkingsType": "surface", "MILO_ID": "ID_20421", "CommodityAbbreviation": "gemstone", "Owner": "unnamed or NA", "TopoMap100k": "Bluejoint Lake", "ElevationFeet": "4685", "WorkingsDescription": "Producer", "MapUnit": "Tbf", "MapUnitName": "Flows and flow breccias", "ThematicAge": "Miocene", "ThematicTerraneGroup": "Columbia River Basalt Group", "ThematicFormation": "Steens Basalt", "ThematicLithology": "basalt", "_cat": "gem_other", "_grp": "gem"}, "geometry": {"type": "Point", "coordinates": [-119.82887, 42.73208]}}, {"type": "Feature", "properties": {"Commodity": "gemstone material", "Type": "industrial mineral", "SiteName": "Willow Leaf", "County": "Lake", "Section": "3", "Township": "33S", "Range": "24E", "TopoMap24k": "Rabbit Hills NE", "WorkingsType": "surface", "MILO_ID": "ID_20422", "CommodityAbbreviation": "gemstone", "Owner": "unnamed or NA", "TopoMap100k": "Bluejoint Lake", "ElevationFeet": "4683", "WorkingsDescription": "Producer", "MapUnit": "Tbf", "MapUnitName": "Flows and flow breccias", "ThematicAge": "Miocene", "ThematicTerraneGroup": "Columbia River Basalt Group", "ThematicFormation": "Steens Basalt", "ThematicLithology": "basalt", "_cat": "gem_other", "_grp": "gem"}, "geometry": {"type": "Point", "coordinates": [-119.87497, 42.74568]}}, {"type": "Feature", "properties": {"Commodity": "gemstone material", "Type": "industrial mineral", "SiteName": "unnamed or NA", "County": "Lake", "Section": "11", "Township": "33S", "Range": "24E", "TopoMap24k": "Rabbit Hills NE", "WorkingsType": "surface", "MILO_ID": "ID_20423", "CommodityAbbreviation": "sunstone", "Owner": "unnamed or NA", "TopoMap100k": "Bluejoint Lake", "ElevationFeet": "4632", "DepositType": "volcanic", "MapUnit": "Tbf", "MapUnitName": "Flows and flow breccias", "ThematicAge": "Miocene", "ThematicTerraneGroup": "Columbia River Basalt Group", "ThematicFormation": "Steens Basalt", "ThematicLithology": "basalt", "_cat": "sunstone", "_grp": "gem"}, "geometry": {"type": "Point", "coordinates": [-119.85507, 42.72455]}}, {"type": "Feature", "properties": {"Commodity": "gemstone material", "Type": "industrial mineral", "SiteName": "Gold Sheen", "County": "Lake", "Section": "18", "Township": "33S", "Range": "25E", "TopoMap24k": "Rabbit Hills NE", "WorkingsType": "surface", "MILO_ID": "ID_20424", "CommodityAbbreviation": "gemstone", "Owner": "unnamed or NA", "TopoMap100k": "Bluejoint Lake", "ElevationFeet": "4620", "WorkingsDescription": "Producer", "MapUnit": "Tbf", "MapUnitName": "Flows and flow breccias", "ThematicAge": "Miocene", "ThematicTerraneGroup": "Columbia River Basalt Group", "ThematicFormation": "Steens Basalt", "ThematicLithology": "basalt", "_cat": "gem_other", "_grp": "gem"}, "geometry": {"type": "Point", "coordinates": [-119.81937, 42.71098]}}, {"type": "Feature", "properties": {"Commodity": "gemstone material", "Type": "industrial mineral", "SiteName": "unnamed or NA", "County": "Lake", "Section": "5", "Township": "33S", "Range": "24E", "TopoMap24k": "Rabbit Hills NW", "WorkingsType": "surface", "MILO_ID": "ID_20425", "CommodityAbbreviation": "sunstone", "Owner": "unnamed or NA", "TopoMap100k": "Bluejoint Lake", "ElevationFeet": "4739", "DepositType": "volcanic", "MapUnit": "Tva", "MapUnitName": "Volcanic and sedimentary rocks", "ThematicAge": "Miocene", "ThematicTerraneGroup": "Neogene volcanic rocks", "ThematicFormation": "no data", "ThematicLithology": "andesite", "_cat": "sunstone", "_grp": "gem"}, "geometry": {"type": "Point", "coordinates": [-119.91526, 42.74479]}}]}