{"type": "FeatureCollection", "features": [{"type": "Feature", "properties": {"id": "rhfaf40454ab", "name": "Dendrite Butte", "_cat": "opal", "_grp": "gem", "_src": "rh", "stone": "Opal", "all stones": "Opal; Limb casts; Agate; Petrified wood", "region": "Central Oregon", "ground": "confirmed public", "likelihood": 5, "sources": 2, "notes": "Limb casts and dendritic agate; confirm BLM parcel. | Limb Casts, Opalized Wood, Petrified Wood | OreRockOn: Paulina C of C claim - blue limbs See Gem Trails & Rockhounding OR | OreRockOn: Paulina Large scrapes - blue limbs", "access": "verify"}, "geometry": {"type": "Point", "coordinates": [-120.05908, 44.02284]}}, {"type": "Feature", "properties": {"id": "rh3cdb6d2fa0", "name": "North Fork Umpqua River", "_cat": "carnelian", "_grp": "gem", "_src": "rh", "stone": "Carnelian", "all stones": "Carnelian; Agate; Quartz; Petrified wood; Jasper", "region": "Southern Oregon", "ground": "public water, private banks", "likelihood": 3, "sources": 2, "notes": "Swiftwater Park / Agate, Jasper, Quartz, Carnelian, Petrified Wood | OreRockOn: Idleyld Teredo wood, carnelian, agate, jasper See Gem Trails & Rockhounding OR", "access": "verify"}, "geometry": {"type": "Point", "coordinates": [-123.00476, 43.33306]}}, {"type": "Feature", "properties": {"id": "rhf00ffac312", "name": "South Umpqua River Gravel Bars - Site 2", "_cat": "carnelian", "_grp": "gem", "_src": "rh", "stone": "Carnelian", "all stones": "Carnelian; Agate; Quartz; Petrified wood; Jasper", "region": "Southern Oregon", "ground": "public water, private banks", "likelihood": 3, "sources": 2, "notes": "Bridge at Tiller Trail Highway / Agate, jasper, carnelian, quartz, schist, petrified wood | OreRockOn: Milo Agate, jasper, petrified wood See Gem Trails & Rockhounding OR", "access": "verify"}, "geometry": {"type": "Point", "coordinates": [-123.10886, 42.93941]}}, {"type": "Feature", "properties": {"id": "rh21d016133e", "name": "South Fork Umpqua River - Myrtle Creek", "_cat": "carnelian", "_grp": "gem", "_src": "rh", "stone": "Carnelian", "all stones": "Carnelian; Agate; Quartz; Petrified wood; Jasper", "region": "Southern Oregon", "ground": "public water, private banks", "likelihood": 3, "sources": 2, "notes": "Agate, Jasper, Quartz, Carnelian, Petrified Wood | OreRockOn: Myrtle Creek Agate, jasper, petrified wood See Rockhounding OR", "access": "verify"}, "geometry": {"type": "Point", "coordinates": [-123.2963, 43.02513]}}, {"type": "Feature", "properties": {"id": "rhc3b3f97c43", "name": "Illinois River", "_cat": "agate", "_grp": "gem", "_src": "rh", "stone": "Agate", "all stones": "Agate; Jasper", "region": "Oregon Coast", "ground": "public water, private banks", "likelihood": 4, "sources": 2, "notes": "Agate, Jasper, Josephinite | OreRockOn: Illinois River Agate, jasper, etc. See Gem Trails of OR | OreRockOn: Josephine Creek Josephinite mineral See Gem Trails & Rockhounding OR", "access": "verify"}, "geometry": {"type": "Point", "coordinates": [-123.69263, 42.24764]}}, {"type": "Feature", "properties": {"id": "rh92007161bd", "name": "Althouse Creek", "_cat": "jade", "_grp": "gem", "_src": "rh", "stone": "Jade", "all stones": "Jade; Rhodonite; Agate; Quartz; Jasper", "region": "Oregon Coast", "ground": "public water, private banks", "likelihood": 3, "sources": 3, "notes": "GOLD TAG REMOVED - historic placer district, heavily claimed. Rhodonite and jade on open ground only. || Rhodonite, Serpentine, Oregon Jade, and Jasper | Rhea: Agate, Garnets, Gold nuggets, Quartz crystals, Serpentine | OreRockOn: Althouse Creek Pink rhodonite See Gem Trails & Rockhounding OR", "access": "verify"}, "geometry": {"type": "Point", "coordinates": [-123.52929, 42.11185]}}, {"type": "Feature", "properties": {"id": "rh53212d0962", "name": "Nehalem River & Clear Creek -Timber Road", "_cat": "carnelian", "_grp": "gem", "_src": "rh", "stone": "Carnelian", "all stones": "Carnelian; Chalcedony; Agate; Jasper; Fossils", "region": "Oregon Coast", "ground": "public water, private banks", "likelihood": 2, "sources": 3, "notes": "Carnelian and plum agates, jaspers | Rhea: Agate (plume agate), Carnelian, Jasper, Chalcedony | OreRockOn: Nehalem River Carnelian, jasper, etc. Fossil crabs in concretions In river (entire area) See Gem Trails of OR", "access": "verify"}, "geometry": {"type": "Point", "coordinates": [-123.2839, 45.80447]}}, {"type": "Feature", "properties": {"id": "rhfa6b4c63ac", "name": "Graveyard Point", "_cat": "agate", "_grp": "gem", "_src": "rh", "stone": "Agate", "all stones": "Agate", "region": "SE / Owyhee", "ground": "unverified", "likelihood": 3, "sources": 2, "notes": "Oregon | Idaho Border / Plum and Moss Agate, Agates", "access": "verify"}, "geometry": {"type": "Point", "coordinates": [-117.02184, 43.57398]}}, {"type": "Feature", "properties": {"id": "rh2dcc1c20c4", "name": "Twin Springs", "_cat": "thunderegg", "_grp": "gem", "_src": "rh", "stone": "Thundereggs", "all stones": "Thundereggs; Agate; Petrified wood; Jasper", "region": "SE / Owyhee", "ground": "unverified", "likelihood": 3, "sources": 1, "notes": "Agate, Jasper, Geode, Petrified Wood", "access": "verify"}, "geometry": {"type": "Point", "coordinates": [-117.41224, 43.69382]}}, {"type": "Feature", "properties": {"id": "rh3dccf13045", "name": "Gopher Holes", "_cat": "thunderegg", "_grp": "gem", "_src": "rh", "stone": "Thundereggs", "all stones": "Thundereggs; Agate; Petrified wood; Jasper", "region": "SE / Owyhee", "ground": "unverified", "likelihood": 4, "sources": 2, "notes": "Petrified wood | OreRockOn: McDermitt Wood See Gem Trails & Rockhounding OR | OreRockOn: McDermitt Agate Nodules ( Colburn) | OreRockOn: McDermitt Thundereggs, agate nodules, jasper in perlite flow below road See Rockhounding OR", "access": "verify"}, "geometry": {"type": "Point", "coordinates": [-117.96278, 42.06152]}}, {"type": "Feature", "properties": {"id": "rh55980cc1a3", "name": "White Hill", "_cat": "wood", "_grp": "gem", "_src": "rh", "stone": "Petrified wood", "all stones": "Petrified wood; Fossils", "region": "SE / Owyhee", "ground": "unverified", "likelihood": 3, "sources": 2, "notes": "Petrified wood | OreRockOn: McDermitt Petrified wood, leaf fossils See Gem Trails & Rockhounding OR", "access": "verify"}, "geometry": {"type": "Point", "coordinates": [-117.94692, 42.06145]}}, {"type": "Feature", "properties": {"id": "rh4af7b0fcf6", "name": "Cottonwood Spring", "_cat": "agate", "_grp": "gem", "_src": "rh", "stone": "Agate", "all stones": "Agate; Petrified wood; Jasper", "region": "SE / Owyhee", "ground": "unverified", "likelihood": 3, "sources": 2, "notes": "Petrified wood | OreRockOn: McDermitt Agate, jasper, petrified wood See Gem Trails of OR", "access": "verify"}, "geometry": {"type": "Point", "coordinates": [-117.9277, 42.0271]}}, {"type": "Feature", "properties": {"id": "rh14897a76aa", "name": "Agate Hill", "_cat": "agate", "_grp": "gem", "_src": "rh", "stone": "Agate", "all stones": "Agate; Jasper", "region": "SE / Owyhee", "ground": "unverified", "likelihood": 2, "sources": 2, "notes": "Agate & Jasper", "access": "verify"}, "geometry": {"type": "Point", "coordinates": [-117.86754, 42.02447]}}, {"type": "Feature", "properties": {"id": "rh3f80d1b10c", "name": "Agate Flat", "_cat": "agate", "_grp": "gem", "_src": "rh", "stone": "Agate", "all stones": "Agate; Jasper", "region": "SE / Owyhee", "ground": "unverified", "likelihood": 3, "sources": 2, "notes": "Agate & Jasper | OreRockOn: McDermitt Orange Agate Loc. Approx.", "access": "verify"}, "geometry": {"type": "Point", "coordinates": [-117.8676, 42.02449]}}, {"type": "Feature", "properties": {"id": "rh080797addc", "name": "Pike Creek", "_cat": "thunderegg", "_grp": "gem", "_src": "rh", "stone": "Thundereggs", "all stones": "Thundereggs; Obsidian; Agate; Petrified wood; Jasper; Fossils", "region": "Southern Oregon", "ground": "public water, private banks", "likelihood": 3, "sources": 2, "notes": "East Side of Steens Mountain / Thunderegg, jasper, agate, obsidian, fossils, and petrified wood | OreRockOn: Pike Creek thundereggs (loc approx!) | OreRockOn: Pike Creek Campground See Rockhounding OR", "access": "verify"}, "geometry": {"type": "Point", "coordinates": [-118.5306, 42.5769]}}, {"type": "Feature", "properties": {"id": "rhdc48ac3784", "name": "Harney Lake", "_cat": "agate", "_grp": "gem", "_src": "rh", "stone": "Agate", "all stones": "Agate; Petrified wood; Jasper", "region": "Eastern Oregon", "ground": "confirmed public", "likelihood": 4, "sources": 2, "notes": "Agate/jasper float; parts lie in Malheur NWR where collecting is restricted. Confirm open BLM land. | Agate, jasper, oolitic agates, petrified wood | OreRockOn: Blitzen Valley Petrified wood, oolite and tube agate See Gem Trails of OR | OreRockOn: Blitzen Valley Agate, jasper, petrified wood See Rockhounding OR", "access": "verify"}, "geometry": {"type": "Point", "coordinates": [-118.98805, 43.24983]}}, {"type": "Feature", "properties": {"id": "rh998b13a04a", "name": "Stinkingwater Creek", "_cat": "agate", "_grp": "gem", "_src": "rh", "stone": "Agate", "all stones": "Agate; Petrified wood; Jasper; Fossils", "region": "Eastern Oregon", "ground": "private \u2014 do not enter", "likelihood": 1, "sources": 2, "notes": "Petrified Wood, Agate, Jasper, Leaf, & Fish Fossils / Private with public access | OreRockOn: Petrified wood In gravel See Gem Trails & Rockhounding OR", "access": "verify"}, "geometry": {"type": "Point", "coordinates": [-118.46702, 43.66663]}}, {"type": "Feature", "properties": {"id": "rhbc83fe4d8f", "name": "Kokopelli Opals Mine", "_cat": "opal", "_grp": "gem", "_src": "rh", "stone": "Opal", "all stones": "Opal", "region": "Southern Oregon", "ground": "private \u2014 do not enter", "likelihood": 2, "sources": 1, "notes": "Virgin Valley, Sheldon National Antelope Refuge, Nevada / Opal / Private Mine is open to the public for fees", "access": "verify"}, "geometry": {"type": "Point", "coordinates": [-119.07202, 41.83016]}}, {"type": "Feature", "properties": {"id": "rhe1c301d54e", "name": "Royal Peacock Opal Mine", "_cat": "opal", "_grp": "gem", "_src": "rh", "stone": "Opal", "all stones": "Opal", "region": "Southern Oregon", "ground": "private \u2014 do not enter", "likelihood": 2, "sources": 1, "notes": "Virgin Valley, Sheldon National Antelope Refuge, Nevada / Opal /  Private mine is open to the public for fees", "access": "verify"}, "geometry": {"type": "Point", "coordinates": [-119.10022, 41.78625]}}, {"type": "Feature", "properties": {"id": "rh26e2cb7098", "name": "McVay Rock State Recreation Site", "_cat": "jade", "_grp": "gem", "_src": "rh", "stone": "Jade", "all stones": "Jade; Agate; Petrified wood; Jasper; Fossils", "region": "Oregon Coast", "ground": "confirmed public", "likelihood": 4, "sources": 2, "notes": "Agate, Green Jasper, Gem Chert, Jasper, Petrified Wood, Massive Vesuvianite \"Californite\" | Agate, Jasper, Jade, & Fossils", "access": "verify"}, "geometry": {"type": "Point", "coordinates": [-124.23615, 42.02028]}}, {"type": "Feature", "properties": {"id": "rh3b88756a8b", "name": "Sport Haven Beah - South Jetty of Chetco River", "_cat": "agate", "_grp": "gem", "_src": "rh", "stone": "Agate", "all stones": "Agate; Petrified wood; Jasper; Fossils", "region": "Oregon Coast", "ground": "public water, private banks", "likelihood": 3, "sources": 3, "notes": "Agate, Green Jasper, Gem Chert, Jasper, Petrified Wood, Massive Vesuvianite \"Californite\" | Agate, Jasper, & Fossils | Rhea: Agate, Californite, Jasper", "access": "verify"}, "geometry": {"type": "Point", "coordinates": [-124.26886, 42.04551]}}, {"type": "Feature", "properties": {"id": "rh0793f3e51a", "name": "Pistol River", "_cat": "jade", "_grp": "gem", "_src": "rh", "stone": "Jade", "all stones": "Jade; Agate; Quartz; Petrified wood; Jasper", "region": "Oregon Coast", "ground": "public water, private banks", "likelihood": 3, "sources": 3, "notes": "Green Jasper, Quartz, Agate | Quartz, jasper, agate, petrified wood, and jade. | OreRockOn: Pistol River Green jade See Gem Trails & Rockhounding OR", "access": "verify"}, "geometry": {"type": "Point", "coordinates": [-124.405, 42.27893]}}, {"type": "Feature", "properties": {"id": "rhead4d04f1b", "name": "Gold Beach", "_cat": "agate", "_grp": "gem", "_src": "rh", "stone": "Agate", "all stones": "Agate; Jasper; Fossils", "region": "Oregon Coast", "ground": "public water, private banks", "likelihood": 3, "sources": 2, "notes": "South-coast agate & jasper beach. | Agate, Jasper, & Fossils | Rhea: Agate, Californite, Jasper", "access": "verify"}, "geometry": {"type": "Point", "coordinates": [-124.42656, 42.39835]}}, {"type": "Feature", "properties": {"id": "rhe3c649e46f", "name": "Agate Beach", "_cat": "agate", "_grp": "gem", "_src": "rh", "stone": "Agate", "all stones": "Agate; Jasper", "region": "Oregon Coast", "ground": "public water, private banks", "likelihood": 2, "sources": 1, "notes": "Agate & Jasper", "access": "verify"}, "geometry": {"type": "Point", "coordinates": [-124.51239, 42.74631]}}, {"type": "Feature", "properties": {"id": "rhb9cffcbdcf", "name": "Whiskey Run Lane", "_cat": "agate", "_grp": "gem", "_src": "rh", "stone": "Agate", "all stones": "Agate; Quartz; Petrified wood; Jasper", "region": "Oregon Coast", "ground": "public water, private banks", "likelihood": 3, "sources": 3, "notes": "Agate, Jasper, Petrified Wood, Gem Chert | Agate, jasper, quartz, petrified wood | OreRockOn: Whiskey Run Beach Petrified myrtle wood, agate in gravels See Gem Trails of OR", "access": "verify"}, "geometry": {"type": "Point", "coordinates": [-124.39404, 43.21086]}}, {"type": "Feature", "properties": {"id": "rhf6d031fd37", "name": "Muriel O.Ponsler Memorial State Park", "_cat": "agate", "_grp": "gem", "_src": "rh", "stone": "Agate", "all stones": "Agate; Quartz; Petrified wood; Jasper", "region": "Oregon Coast", "ground": "confirmed public", "likelihood": 4, "sources": 3, "notes": "Agate, Jasper, Petrified Wood, Quartz Crystals. Head North to Big Creek on beach and to south. | Agate & Jasper | OreRockOn: China Creek Beach agates, etc. See Gem Trails of OR", "access": "verify"}, "geometry": {"type": "Point", "coordinates": [-124.11633, 44.17008]}}, {"type": "Feature", "properties": {"id": "rhc38f280892", "name": "Stonefield Beach State Park (Tenmile Creek)", "_cat": "agate", "_grp": "gem", "_src": "rh", "stone": "Agate", "all stones": "Agate; Quartz; Petrified wood; Jasper", "region": "Oregon Coast", "ground": "confirmed public", "likelihood": 4, "sources": 3, "notes": "Agate, Jasper, Petrified Wood, Quartz Crystals | Agate & Jasper", "access": "verify"}, "geometry": {"type": "Point", "coordinates": [-124.11071, 44.22513]}}, {"type": "Feature", "properties": {"id": "rhf078c05a5b", "name": "Bob Creek State Wayside (Bob's Creek)", "_cat": "agate", "_grp": "gem", "_src": "rh", "stone": "Agate", "all stones": "Agate; Quartz; Petrified wood; Jasper; Fossils", "region": "Oregon Coast", "ground": "confirmed public", "likelihood": 4, "sources": 3, "notes": "Agate, Jasper, Petrified Wood, Quartz Crystals | Agate, jasper, petrified wood, marine fossils.", "access": "verify"}, "geometry": {"type": "Point", "coordinates": [-124.11231, 44.24421]}}, {"type": "Feature", "properties": {"id": "rhb48e06eac7", "name": "Strawberry Hills", "_cat": "agate", "_grp": "gem", "_src": "rh", "stone": "Agate", "all stones": "Agate; Quartz; Petrified wood; Jasper", "region": "Oregon Coast", "ground": "public water, private banks", "likelihood": 3, "sources": 3, "notes": "Agate, Jasper, Petrified Wood, Quartz Crystals. It's a scramble down to the beach (head south) | Agate & Jasper", "access": "verify"}, "geometry": {"type": "Point", "coordinates": [-124.11168, 44.25385]}}, {"type": "Feature", "properties": {"id": "rh06fea7a479", "name": "Neptune State Park (Gwynn Creek)", "_cat": "agate", "_grp": "gem", "_src": "rh", "stone": "Agate", "all stones": "Agate; Petrified wood; Jasper", "region": "Oregon Coast", "ground": "confirmed public", "likelihood": 4, "sources": 4, "notes": "Agate, jasper, petrified wood, shells, sea glass.", "access": "verify"}, "geometry": {"type": "Point", "coordinates": [-124.10824, 44.26984]}}, {"type": "Feature", "properties": {"id": "rh79f40cdd99", "name": "Neptune Beach (Cummins Creek)", "_cat": "garnet", "_grp": "gem", "_src": "rh", "stone": "Garnet", "all stones": "Garnet; Agate; Quartz; Petrified wood; Jasper", "region": "Oregon Coast", "ground": "confirmed public", "likelihood": 4, "sources": 4, "notes": "Agate, Jasper and Petrified Wood | Agate, Jasper, Petrified Wood, Quartz Crystals | Agate, jasper, petrified wood, shells, sea glass. | Rhea: Agate, Jasper, Petrified wood, Moonstone, Garnet (grossularite) | OreRockOn: Neptune State Park Beach agates in beach & creeks See Rockhounding OR", "access": "verify"}, "geometry": {"type": "Point", "coordinates": [-124.10785, 44.26489]}}, {"type": "Feature", "properties": {"id": "rh01daff0f8e", "name": "Yachats Ocean Road State Park", "_cat": "thunderegg", "_grp": "gem", "_src": "rh", "stone": "Thundereggs", "all stones": "Thundereggs; Chalcedony; Agate; Jasper", "region": "Oregon Coast", "ground": "confirmed public", "likelihood": 4, "sources": 2, "notes": "Beach agate after storms; free public access. | Agate & Jasper | Rhea: Agate (sagenitic), Chalcedony, Jasper (orbicular), Moonstone, Geodes", "access": "free"}, "geometry": {"type": "Point", "coordinates": [-124.10329, 44.30703]}}, {"type": "Feature", "properties": {"id": "rhb6379be077", "name": "Smelt Sands State Park", "_cat": "agate", "_grp": "gem", "_src": "rh", "stone": "Agate", "all stones": "Agate; Jasper", "region": "Oregon Coast", "ground": "confirmed public", "likelihood": 3, "sources": 1, "notes": "Agate & Jasper", "access": "verify"}, "geometry": {"type": "Point", "coordinates": [-124.10611, 44.32253]}}, {"type": "Feature", "properties": {"id": "rhf55ed3ac46", "name": "Seal Rock State Recreation Site", "_cat": "agate", "_grp": "gem", "_src": "rh", "stone": "Agate", "all stones": "Agate; Petrified wood; Jasper; Fossils", "region": "Oregon Coast", "ground": "confirmed public", "likelihood": 4, "sources": 2, "notes": "Agate, Jasper, Petrified Wood, Fossils. Agates include blue black agates. | Agate, Jasper, Petrified Wood, & Marine Fossils", "access": "verify"}, "geometry": {"type": "Point", "coordinates": [-124.08317, 44.49663]}}, {"type": "Feature", "properties": {"id": "rhdd33294514", "name": "Ona State Park", "_cat": "agate", "_grp": "gem", "_src": "rh", "stone": "Agate", "all stones": "Agate; Petrified wood; Jasper; Fossils", "region": "Oregon Coast", "ground": "confirmed public", "likelihood": 4, "sources": 3, "notes": "Agate, Jasper, Petrified Wood, Fossils in rocks on Beach. Park at Ona Beach Lot | Agate, Jasper, Petrified Wood, Fossils. Agates include blue black agates. | Agates, Jasper, Petrified Wood, Fossils in rocks on beach. Park at Ona Beach North Parking | Park Here and Walk to Beach. | Agate, Jasper, Petrified Wood, & Marine Fossils | OreRockOn: Ona Beach Marine fossils W side old lumberyard Loc. appro", "access": "verify", "status": "dud"}, "geometry": {"type": "Point", "coordinates": [-124.07322, 44.52143]}}, {"type": "Feature", "properties": {"id": "rh3446a970f6", "name": "Beverly Beach State Park", "_cat": "agate", "_grp": "gem", "_src": "rh", "stone": "Agate", "all stones": "Agate; Petrified wood; Jasper; Fossils", "region": "Oregon Coast", "ground": "confirmed public", "likelihood": 4, "sources": 3, "notes": "Agate, Jasper, Petrified Wood, Fossils. Agates include blue black agates. | Agate, Jasper, Petrified Wood, & Marine Fossils | OreRockOn: Beverly Beach Marine fossils Collect below high tide mark in State Park", "access": "verify"}, "geometry": {"type": "Point", "coordinates": [-124.0567, 44.72935]}}, {"type": "Feature", "properties": {"id": "rhb99e1eb164", "name": "Otter Rock & Devils Punch Bowl State Park", "_cat": "agate", "_grp": "gem", "_src": "rh", "stone": "Agate", "all stones": "Agate; Petrified wood; Jasper; Fossils", "region": "Oregon Coast", "ground": "confirmed public", "likelihood": 4, "sources": 3, "notes": "Pyrite and other fossils in cobbles. No digging in cliffs or bedrock. Beach can contain Agate, Jasper, Petrified Wood, Fossils. Agates include blue black agates. Gold is known to o | Agate, Jasper, Petrified Wood, & Marine Fossils | OreRockOn: Devils Punchbowl Fossil molluscs loc. approx. | OreRockOn: Otter Rock Marine fossils incl. seals, sea lions Otter Rock to Johnson Creek OK to collect verteb", "access": "verify"}, "geometry": {"type": "Point", "coordinates": [-124.0623, 44.74629]}}, {"type": "Feature", "properties": {"id": "rh66a3888470", "name": "Fogarty State Park", "_cat": "carnelian", "_grp": "gem", "_src": "rh", "stone": "Carnelian", "all stones": "Carnelian; Agate; Quartz; Petrified wood; Jasper; Fossils", "region": "Oregon Coast", "ground": "confirmed public", "likelihood": 4, "sources": 3, "notes": "Agate, Jasper, Petrified Wood, Fossils. Agates include carnelian agates, moss agates, plume agate and other fancy forms of cryptocrystalline quartz, No digging in the cliffs. Park  | Agate, Jasper, & Petrified Wood | OreRockOn: Fogarty Creek Marine fossils incl. seals Here & to N in cliffs Not in State Park", "access": "verify"}, "geometry": {"type": "Point", "coordinates": [-124.0514, 44.83976]}}, {"type": "Feature", "properties": {"id": "rh5d08fe99a0", "name": "Siletz Bay Park - Taft Beach", "_cat": "agate", "_grp": "gem", "_src": "rh", "stone": "Agate", "all stones": "Agate; Quartz; Petrified wood; Jasper; Fossils", "region": "Oregon Coast", "ground": "public water, private banks", "likelihood": 3, "sources": 2, "notes": "One of the most consistent beaches. Agate, Jasper, Petrified Wood, Fossils. Agates include blue black agates, moss agates, plume agate and other fancy forms of cryptocrystalline qu | Agate, Jasper, & Petrified Wood", "access": "verify"}, "geometry": {"type": "Point", "coordinates": [-124.01418, 44.92644]}}, {"type": "Feature", "properties": {"id": "rh02276ab872", "name": "D River Wayside State Park", "_cat": "agate", "_grp": "gem", "_src": "rh", "stone": "Agate", "all stones": "Agate; Quartz; Petrified wood; Jasper; Fossils", "region": "Oregon Coast", "ground": "confirmed public", "likelihood": 4, "sources": 2, "notes": "ALL BEACHES in Lincoln City can have Agate, Jasper, Petrified Wood, and Fossils. Agates include blue black agates, moss agates, plume agate and other fancy forms of cryptocrystalli | Agate, Jasper, & Petrified Wood", "access": "verify"}, "geometry": {"type": "Point", "coordinates": [-124.01693, 44.96718]}}, {"type": "Feature", "properties": {"id": "rh88570d0dcf", "name": "Roads End State Park", "_cat": "agate", "_grp": "gem", "_src": "rh", "stone": "Agate", "all stones": "Agate; Quartz; Petrified wood; Jasper; Fossils", "region": "Oregon Coast", "ground": "confirmed public", "likelihood": 4, "sources": 3, "notes": "Agate, Jasper, Petrified Wood, Fossils, \"Indian Marbles\" (very small round fossil concretions). Agates include blue black agates, moss agates, plume agate and other fancy forms of  | Agate, Jasper, & Petrified Wood | OreRockOn: Road's End Agate & petrified wood on beach N as far as you can go Access here", "access": "verify"}, "geometry": {"type": "Point", "coordinates": [-124.00819, 45.009]}}, {"type": "Feature", "properties": {"id": "rh91a77b86dc", "name": "Oceanside & Tunnel Beaches", "_cat": "agate", "_grp": "gem", "_src": "rh", "stone": "Agate", "all stones": "Agate; Quartz; Jasper; Zeolite; Fossils", "region": "Oregon Coast", "ground": "confirmed public", "likelihood": 4, "sources": 3, "notes": "Agates, Jasper and Zeolite Crystals. Green jasper and clear agates found in abundance here. Park here for access to Tunnel Beach and to hunt Oceanside Beaches. Public Restrooms. On | Agate, Jasper & Zeolite Crystals. Accessed through a tunnel in the headland to the south, best only on falling tide as high tides can block the tunnel so check your tide charts. Fa | North-coast agate beach; best at low tide after storms. | Agate, Jasper, Calcite, Marine Fossils, Zeolites\u00a0", "access": "free"}, "geometry": {"type": "Point", "coordinates": [-123.97243, 45.4623]}}, {"type": "Feature", "properties": {"id": "rh8dd7778ddd", "name": "Beulah Reservoir", "_cat": "agate", "_grp": "gem", "_src": "rh", "stone": "Agate", "all stones": "Agate; Fossils", "region": "SE / Owyhee", "ground": "unverified", "likelihood": 3, "sources": 1, "notes": "Fossil sites around Beulah Reservoir. | Leaf fossils and Agate", "access": "verify"}, "geometry": {"type": "Point", "coordinates": [-118.14714, 43.92423]}}, {"type": "Feature", "properties": {"id": "rhea412f1a02", "name": "Oregon Sunstone Public Collection", "_cat": "sunstone", "_grp": "gem", "_src": "rh", "stone": "Sunstone", "all stones": "Sunstone", "region": "Southern Oregon", "ground": "confirmed public", "likelihood": 3, "sources": 2, "notes": "Sunstones | OreRockOn: BLM Public Sunstone Collecting Area See brochure See Gem Trails & Rockhounding OR", "access": "verify"}, "geometry": {"type": "Point", "coordinates": [-119.85875, 42.72709]}}, {"type": "Feature", "properties": {"id": "rh9fb5faa403", "name": "Spectrum Sunstone Mine", "_cat": "sunstone", "_grp": "gem", "_src": "rh", "stone": "Sunstone", "all stones": "Sunstone", "region": "Southern Oregon", "ground": "private \u2014 do not enter", "likelihood": 2, "sources": 2, "notes": "Fee dig on a private claim; higher-grade material, seasonal. | Sunstones / Private mine open to the public for fees | OreRockOn: Spectrum Mine Sunstone fee dig See Rockhounding OR", "access": "fee"}, "geometry": {"type": "Point", "coordinates": [-119.86678, 42.73235]}}, {"type": "Feature", "properties": {"id": "rh94e8108c96", "name": "Double Eagle Mine", "_cat": "sunstone", "_grp": "gem", "_src": "rh", "stone": "Sunstone", "all stones": "Sunstone", "region": "Southern Oregon", "ground": "private \u2014 do not enter", "likelihood": 2, "sources": 2, "notes": "Fee sunstone claim near Plush. | Sunstones / Private mine open to the public for fees | OreRockOn: Double Eagle Mine Sunstone fee dig See Rockhounding OR", "access": "fee"}, "geometry": {"type": "Point", "coordinates": [-119.8208, 42.71263]}}, {"type": "Feature", "properties": {"id": "rhdca7a0a571", "name": "Flook Lake", "_cat": "agate", "_grp": "gem", "_src": "rh", "stone": "Agate", "all stones": "Agate; Jasper", "region": "Southern Oregon", "ground": "unverified", "likelihood": 3, "sources": 2, "notes": "Hart Mountain Antelope Refuge / Agate & Jasper | OreRockOn: Flook Lake Agate, jasper See Rockhounding OR", "access": "verify"}, "geometry": {"type": "Point", "coordinates": [-119.53117, 42.57557]}}, {"type": "Feature", "properties": {"id": "rh7a1933b043", "name": "Richardson\u2019s Rock Ranch", "_cat": "thunderegg", "_grp": "gem", "_src": "rh", "stone": "Thundereggs", "all stones": "Thundereggs", "region": "Central Oregon", "ground": "private \u2014 do not enter", "likelihood": 2, "sources": 1, "notes": "Reportedly closed to public digging as of ~2022 (gift shop only) \u2014 verify current status. Local thunder eggs, rocks and minerals from around the world / Private ranch open to the public", "access": "verify", "status": "closed"}, "geometry": {"type": "Point", "coordinates": [-120.58564, 44.43956]}}, {"type": "Feature", "properties": {"id": "rh8f3ddcb6d9", "name": "Hampton Butte", "_cat": "limbcast", "_grp": "gem", "_src": "rh", "stone": "Limb casts", "all stones": "Limb casts; Chalcedony; Agate; Petrified wood; Jasper", "region": "Central Oregon", "ground": "private \u2014 do not enter", "likelihood": 2, "sources": 2, "notes": "Petrified wood incl. blue-green chalcedony-replaced wood. BLM/USFS mix. | Petrified Wood, Limb Casts, Agate, & Jasper | OreRockOn: Hampton Buttes Green petrified wood Camp north side of road See Gem Trails & Rockhounding OR | OreRockOn: Probe for wood across road from camp", "access": "verify", "status": "closed"}, "geometry": {"type": "Point", "coordinates": [-120.24839, 43.85863]}}, {"type": "Feature", "properties": {"id": "rh37fce94596", "name": "Fischer Canyon", "_cat": "limbcast", "_grp": "gem", "_src": "rh", "stone": "Limb casts", "all stones": "Limb casts; Agate; Petrified wood; Jasper; Fossils", "region": "Central Oregon", "ground": "confirmed public", "likelihood": 3, "sources": 2, "notes": "Petrified Wood, Agates, Jasper, & Calcite | OreRockOn: Bear Creek BLM Public rockhounding area Petrified wood, limb casts, agate, jasper?, leaf fossils? Logs dug from pits & adits many years ago See Rockhounding OR", "access": "verify"}, "geometry": {"type": "Point", "coordinates": [-120.6925, 44.02343]}}, {"type": "Feature", "properties": {"id": "rh4b7b1454dc", "name": "Whistler Springs", "_cat": "thunderegg", "_grp": "gem", "_src": "rh", "stone": "Thundereggs", "all stones": "Thundereggs", "region": "Central Oregon", "ground": "confirmed public", "likelihood": 5, "sources": 3, "notes": "Free Ochoco NF thunderegg site; rhyolite-hosted nodules. | Ochoco National Forest / Thundereggs | OreRockOn: Radford Claim Thundereggs Dig in tailings beside Rd. 27 | OreRockOn: Whistler Spring Thundereggs See Rockhounding OR", "access": "free"}, "geometry": {"type": "Point", "coordinates": [-120.48563, 44.4967]}}, {"type": "Feature", "properties": {"id": "rh66bc0f5c61", "name": "Maury Mountains", "_cat": "agate", "_grp": "gem", "_src": "rh", "stone": "Agate", "all stones": "Agate", "region": "Central Oregon", "ground": "confirmed public", "likelihood": 4, "sources": 2, "notes": "Ochoco National Forest / Green, Red, Brown, Gold Moss Agate | OreRockOn: Maury Mountain Moss Agate See Gem Trails & Rockhounding OR | OreRockOn: MAURY2", "access": "verify"}, "geometry": {"type": "Point", "coordinates": [-120.34793, 44.07784]}}, {"type": "Feature", "properties": {"id": "rhe5ab8b84ca", "name": "Eagle Rock", "_cat": "agate", "_grp": "gem", "_src": "rh", "stone": "Agate", "all stones": "Agate; Jasper", "region": "Central Oregon", "ground": "unverified", "likelihood": 2, "sources": 1, "notes": "Plume and moss agate, jasper", "access": "verify"}, "geometry": {"type": "Point", "coordinates": [-120.65244, 44.19634]}}, {"type": "Feature", "properties": {"id": "rh9121be6720", "name": "Congleton Hollow", "_cat": "opal", "_grp": "gem", "_src": "rh", "stone": "Opal", "all stones": "Opal; Limb casts; Agate; Petrified wood", "region": "Central Oregon", "ground": "unverified", "likelihood": 3, "sources": 2, "notes": "Moss agate and limb casts near the Maury Mtns. | Petrified wood, limb cast, opalized wood. | OreRockOn: C of C claim - pink dendrite limbs | OreRockOn: Pink Limbs Uphill from road See Gem Trails of OR", "access": "verify"}, "geometry": {"type": "Point", "coordinates": [-120.01338, 44.05846]}}, {"type": "Feature", "properties": {"id": "rhc72bc270d5", "name": "Dust Devil Mine", "_cat": "sunstone", "_grp": "gem", "_src": "rh", "stone": "Sunstone", "all stones": "Sunstone", "region": "Southern Oregon", "ground": "private \u2014 do not enter", "likelihood": 2, "sources": 2, "notes": "Fee sunstone dig near Plush. | Sunstones | OreRockOn: Dust Devil Sunstones Sunstone fee dig See Rockhounding OR", "access": "fee"}, "geometry": {"type": "Point", "coordinates": [-119.866, 42.7143]}}, {"type": "Feature", "properties": {"id": "rh0e1489a938", "name": "South Umpqua Bridge", "_cat": "agate", "_grp": "gem", "_src": "rh", "stone": "Agate", "all stones": "Agate; Quartz; Petrified wood; Jasper", "region": "Southern Oregon", "ground": "public water, private banks", "likelihood": 3, "sources": 2, "notes": "Bridge at Days Creek / Quartz, agate, jasper, pyrite, and schist | OreRockOn: Days Creek Agate, jasper, petrified wood See Gem Trails & Rockhounding OR", "access": "verify"}, "geometry": {"type": "Point", "coordinates": [-123.17088, 42.97318]}}, {"type": "Feature", "properties": {"id": "rhb773c8191a", "name": "Lucky Strike Mine", "_cat": "thunderegg", "_grp": "gem", "_src": "rh", "stone": "Thundereggs", "all stones": "Thundereggs; Agate", "region": "Central Oregon", "ground": "private \u2014 do not enter", "likelihood": 2, "sources": 2, "notes": "Fee thunderegg mine; banded blue agate centers. | Ochoco National Forest / Thunder eggs | OreRockOn: Lucky Strike Mine Thundereggs Fee dig all summer See Gem Trails of OR & Rockhounding OR", "access": "fee"}, "geometry": {"type": "Point", "coordinates": [-120.49606, 44.51794]}}, {"type": "Feature", "properties": {"id": "rh94051e6901", "name": "Polka Dot Agate Mine", "_cat": "thunderegg", "_grp": "gem", "_src": "rh", "stone": "Thundereggs", "all stones": "Thundereggs; Agate", "region": "Central Oregon", "ground": "private \u2014 do not enter", "likelihood": 2, "sources": 2, "notes": "Priday Polka Agate & Canyon Rim Thunderegg Beds / Polka-dot agate, and thunder eggs | OreRockOn: Polka Dot Agate Fee dig open summer see wcmining.com See Gem Trails & Rockhounding OR", "access": "verify", "status": "closed"}, "geometry": {"type": "Point", "coordinates": [-120.83032, 44.75868]}}, {"type": "Feature", "properties": {"id": "rhf2a116388b", "name": "Social Security Bar - Chetco River", "_cat": "agate", "_grp": "gem", "_src": "rh", "stone": "Agate", "all stones": "Agate; Quartz; Jasper", "region": "Oregon Coast", "ground": "public water, private banks", "likelihood": 3, "sources": 2, "notes": "White quartz, jasper, agate | OreRockOn: Chetco River Agate & jasper See Gem Trails & Rockhounding OR", "access": "verify"}, "geometry": {"type": "Point", "coordinates": [-124.2298, 42.06397]}}, {"type": "Feature", "properties": {"id": "rh6a50191535", "name": "Orchard Bar", "_cat": "agate", "_grp": "gem", "_src": "rh", "stone": "Agate", "all stones": "Agate; Quartz; Petrified wood; Jasper", "region": "Oregon Coast", "ground": "public water, private banks", "likelihood": 3, "sources": 1, "notes": "Quartz, agate, jasper, and petrified wood.", "access": "verify"}, "geometry": {"type": "Point", "coordinates": [-124.30787, 42.49277]}}, {"type": "Feature", "properties": {"id": "rh0849f1d04e", "name": "Agness Bar", "_cat": "chalcedony", "_grp": "gem", "_src": "rh", "stone": "Chalcedony", "all stones": "Chalcedony; Agate; Quartz; Petrified wood; Jasper", "region": "Oregon Coast", "ground": "public water, private banks", "likelihood": 3, "sources": 2, "notes": "White quartz, chalcedony, agate, and jasper. | OreRockOn: Agness Agate, jasper, petrified wood, etc. See Gem Trails & Rockhounding OR", "access": "verify"}, "geometry": {"type": "Point", "coordinates": [-124.06398, 42.55013]}}, {"type": "Feature", "properties": {"id": "rh5b39cf15ec", "name": "Bear Creek - Site 2", "_cat": "wood", "_grp": "gem", "_src": "rh", "stone": "Petrified wood", "all stones": "Petrified wood", "region": "Central Oregon", "ground": "public water, private banks", "likelihood": 2, "sources": 2, "notes": "Petrified wood | OreRockOn: Bear Creek Petrified wood Entire area See Gem Trails of OR", "access": "verify"}, "geometry": {"type": "Point", "coordinates": [-120.6086, 43.96048]}}, {"type": "Feature", "properties": {"id": "rha419c05394", "name": "Elk River", "_cat": "agate", "_grp": "gem", "_src": "rh", "stone": "Agate", "all stones": "Agate; Quartz; Petrified wood; Jasper; Fossils", "region": "Oregon Coast", "ground": "public water, private banks", "likelihood": 3, "sources": 2, "notes": "Quartz, agate, jasper, and petrified wood. | OreRockOn: Butler Creek Ammonite? fosslis At creek mouth & on Elk River Loc. unverified!", "access": "verify"}, "geometry": {"type": "Point", "coordinates": [-124.2709, 42.72585]}}, {"type": "Feature", "properties": {"id": "rh76869518eb", "name": "Thomas Creek", "_cat": "agate", "_grp": "gem", "_src": "rh", "stone": "Agate", "all stones": "Agate; Petrified wood; Jasper", "region": "Willamette / Cascades", "ground": "private \u2014 do not enter", "likelihood": 1, "sources": 2, "notes": "Agate, jasper, and petrified wood. / A few locations along the creek: | OreRockOn: Thomas Creek Agate, petrified wood In gravel See Gem Trails & Rockhounding OR", "access": "verify", "status": "closed"}, "geometry": {"type": "Point", "coordinates": [-122.60931, 44.71236]}}, {"type": "Feature", "properties": {"id": "rh334d357662", "name": "Nickel Mountain Mine - Riddle", "_cat": "chrysoprase", "_grp": "gem", "_src": "rh", "stone": "Chrysoprase", "all stones": "Chrysoprase; Chalcedony", "region": "Oregon Coast", "ground": "unverified", "likelihood": 4, "sources": 2, "notes": "Mine tailing is the only site to find garnierite and chrysoprase. | OreRockOn: Hanna Mine Garnerite & chrysoprase In boulders See Gem Trails & Rockhounding OR", "access": "verify"}, "geometry": {"type": "Point", "coordinates": [-123.41381, 42.92906]}}, {"type": "Feature", "properties": {"id": "rhd6521f9361", "name": "Cow Creek Gold Panning & Rockhounding Area", "_cat": "agate", "_grp": "gem", "_src": "rh", "stone": "Agate", "all stones": "Agate; Gold; Jasper", "region": "Oregon Coast", "ground": "public water, private banks", "likelihood": 2, "sources": 1, "notes": "OPEN TO RECREATIONAL MINING - about 1,300 ft of Cow Creek withdrawn from mineral entry, so no claims here. || Gold, agate, jasper, serpenite", "access": "verify"}, "geometry": {"type": "Point", "coordinates": [-123.61803, 42.8296]}}, {"type": "Feature", "properties": {"id": "rh7fe38c0193", "name": "Big Creek Bridge", "_cat": "sagenite", "_grp": "gem", "_src": "rh", "stone": "Sagenite agate", "all stones": "Sagenite agate; Agate; Quartz; Petrified wood; Jasper", "region": "Oregon Coast", "ground": "public water, private banks", "likelihood": 3, "sources": 3, "notes": "Big Creek North Parking | Agate, Jasper, Petrified Wood, Quartz Crystals | Jasper, agate, and petrified wood. | OreRockOn: Big Creek moss agate, coral, wood, sagenite in gravels entire creek to ocean See Gem Trails & Rockhounding OR | OreRockOn: Stonefield Beach agates, etc. See Gem Trails of OR", "access": "verify", "status": "dud"}, "geometry": {"type": "Point", "coordinates": [-124.11487, 44.17637]}}, {"type": "Feature", "properties": {"id": "rh791dd16045", "name": "Moolack Beach", "_cat": "agate", "_grp": "gem", "_src": "rh", "stone": "Agate", "all stones": "Agate; Petrified wood; Jasper; Fossils", "region": "Oregon Coast", "ground": "public water, private banks", "likelihood": 4, "sources": 3, "notes": "Agate, Jasper, Petrified Wood, Fossils. Agates include blue black agates. Hard scramble down to the beach. | Productive central-coast agate beach; exposed gravel beds at low tide. | Agates, jasper, and fossil shells. | OreRockOn: Moolack Beach Marine fossils In sea cliffs See Rockhounding OR", "access": "verify"}, "geometry": {"type": "Point", "coordinates": [-124.06143, 44.70218]}}, {"type": "Feature", "properties": {"id": "rh433a87bde0", "name": "Nelscott Beach", "_cat": "agate", "_grp": "gem", "_src": "rh", "stone": "Agate", "all stones": "Agate; Jasper; Fossils", "region": "Oregon Coast", "ground": "public water, private banks", "likelihood": 2, "sources": 2, "notes": "Agate, jasper, and fossils.", "access": "verify"}, "geometry": {"type": "Point", "coordinates": [-124.02096, 44.95954]}}, {"type": "Feature", "properties": {"id": "rh4dcadc20e7", "name": "Gleneden Beach", "_cat": "carnelian", "_grp": "gem", "_src": "rh", "stone": "Carnelian", "all stones": "Carnelian; Agate; Petrified wood; Jasper; Fossils", "region": "Oregon Coast", "ground": "public water, private banks", "likelihood": 3, "sources": 2, "notes": "Agate, Jasper, Petrified Wood, Fossils. Agates include blue black agates and carnelian. | Agate, Jasper, & Fossil", "access": "verify"}, "geometry": {"type": "Point", "coordinates": [-124.03785, 44.87585]}}, {"type": "Feature", "properties": {"id": "rhcb246a027d", "name": "Cape Blanco State Park", "_cat": "agate", "_grp": "gem", "_src": "rh", "stone": "Agate", "all stones": "Agate; Jasper", "region": "Oregon Coast", "ground": "confirmed public", "likelihood": 3, "sources": 1, "notes": "Agate & Jasper", "access": "verify"}, "geometry": {"type": "Point", "coordinates": [-124.53783, 42.84447]}}, {"type": "Feature", "properties": {"id": "rhdb2d38011f", "name": "Sixes River Recreation Area", "_cat": "agate", "_grp": "gem", "_src": "rh", "stone": "Agate", "all stones": "Agate; Gold; Jasper", "region": "Oregon Coast", "ground": "confirmed public", "likelihood": 3, "sources": 1, "notes": "OPEN TO RECREATIONAL MINING - roughly a mile of BLM river frontage, no claim needed. Motorized in-water work Jul 15-Sep 30 only; no digging the bank. || Gold, agate & Jasper", "access": "verify"}, "geometry": {"type": "Point", "coordinates": [-124.30767, 42.80447]}}, {"type": "Feature", "properties": {"id": "rh5b7a8c4758", "name": "Crane Creek", "_cat": "thunderegg", "_grp": "gem", "_src": "rh", "stone": "Thundereggs", "all stones": "Thundereggs", "region": "Southern Oregon", "ground": "confirmed public", "likelihood": 4, "sources": 2, "notes": "Fremont National Forest / Thundereggs | OreRockOn: Crane Creek Thundereggs See Gem Trails & Rockhounding OR", "access": "verify"}, "geometry": {"type": "Point", "coordinates": [-120.265, 42.103]}}, {"type": "Feature", "properties": {"id": "rha79eec8aeb", "name": "Succor Creek State Natural Area", "_cat": "thunderegg", "_grp": "gem", "_src": "rh", "stone": "Thundereggs", "all stones": "Thundereggs; Agate", "region": "SE / Owyhee", "ground": "confirmed public", "likelihood": 5, "sources": 2, "notes": "State rec area / BLM; thundereggs & agate in the canyon. | Succor Canyon / Thundereggs | OreRockOn: Succor Creek Thundereggs Big pit is here | OreRockOn: Succor Creek Thundereggs (Approx. - Colburn) | OreRockOn: Succor Creek Thundereggs See Gem Trails of ID & MT | OreRockOn: Succor Creek thundereggs From aerial photo | OreRockOn: Succor Creek SP Decent Campground", "access": "free"}, "geometry": {"type": "Point", "coordinates": [-117.119, 43.454]}}, {"type": "Feature", "properties": {"id": "rhce87db6a41", "name": "Haystack Butte", "_cat": "opal", "_grp": "gem", "_src": "rh", "stone": "Opal", "all stones": "Opal; Chalcedony; Agate; Petrified wood; Jasper", "region": "SE / Owyhee", "ground": "unverified", "likelihood": 4, "sources": 1, "notes": "Jellybean jasper, agate, petrified wood, chalcedony, and common opal.", "access": "verify"}, "geometry": {"type": "Point", "coordinates": [-117.257, 43.707]}}, {"type": "Feature", "properties": {"id": "rh07242f82d3", "name": "Twin Springs Campground", "_cat": "agate", "_grp": "gem", "_src": "rh", "stone": "Agate", "all stones": "Agate", "region": "SE / Owyhee", "ground": "unverified", "likelihood": 3, "sources": 2, "notes": "Materials listed on source map. | OreRockOn: Nice place to camp Only place near Haystack & Negro Rocks", "access": "verify"}, "geometry": {"type": "Point", "coordinates": [-117.4179, 43.6172]}}, {"type": "Feature", "properties": {"id": "rh859ab29a8c", "name": "Twin Springs - Site 1", "_cat": "thunderegg", "_grp": "gem", "_src": "rh", "stone": "Thundereggs", "all stones": "Thundereggs; Chalcedony; Agate; Petrified wood; Jasper", "region": "SE / Owyhee", "ground": "unverified", "likelihood": 3, "sources": 2, "notes": "Agate, jasper, petrified wood, chalcedony, calcite, and geodes. | OreRockOn: Twin Springs Agate, jasper, petrified wood, etc. See Rockhounding OR", "access": "verify"}, "geometry": {"type": "Point", "coordinates": [-117.4108, 43.6019]}}, {"type": "Feature", "properties": {"id": "rh8852a998bd", "name": "Harris Beach State Park", "_cat": "jade", "_grp": "gem", "_src": "rh", "stone": "Jade", "all stones": "Jade; Agate; Petrified wood; Jasper", "region": "Oregon Coast", "ground": "confirmed public", "likelihood": 4, "sources": 3, "notes": "Agate, Green Jasper, Gem Chert, Jasper, Petrified Wood, Nephrite Jade | Agate, jasper, petrified wood, shells | Rhea: Agate, Jasper, Nephrite jade", "access": "verify"}, "geometry": {"type": "Point", "coordinates": [-124.31483, 42.06852]}}, {"type": "Feature", "properties": {"id": "rhf636cded74", "name": "Whaleshead Beach", "_cat": "agate", "_grp": "gem", "_src": "rh", "stone": "Agate", "all stones": "Agate; Petrified wood; Jasper", "region": "Oregon Coast", "ground": "public water, private banks", "likelihood": 2, "sources": 1, "notes": "Agate, jasper, petrified wood", "access": "verify"}, "geometry": {"type": "Point", "coordinates": [-124.35488, 42.14436]}}, {"type": "Feature", "properties": {"id": "rh171062626f", "name": "Holly Beach", "_cat": "agate", "_grp": "gem", "_src": "rh", "stone": "Agate", "all stones": "Agate; Jasper", "region": "Oregon Coast", "ground": "public water, private banks", "likelihood": 2, "sources": 1, "notes": "Agate, jasper", "access": "verify"}, "geometry": {"type": "Point", "coordinates": [-124.08047, 44.46422]}}, {"type": "Feature", "properties": {"id": "rh99f62d86b9", "name": "Crissey Field State Recreation Site", "_cat": "jade", "_grp": "gem", "_src": "rh", "stone": "Jade", "all stones": "Jade; Agate; Quartz; Petrified wood; Jasper", "region": "Oregon Coast", "ground": "confirmed public", "likelihood": 4, "sources": 2, "notes": "Agate, Green Jasper, Gem Chert, Jasper, Petrified Wood, Massive Vesuvianite \"Californite\" | Agates, red and green jasper, quartz, jade", "access": "verify"}, "geometry": {"type": "Point", "coordinates": [-124.21118, 42.00139]}}, {"type": "Feature", "properties": {"id": "rh0d4f943cce", "name": "Mill Beach at Chetco Point", "_cat": "agate", "_grp": "gem", "_src": "rh", "stone": "Agate", "all stones": "Agate; Petrified wood; Jasper", "region": "Oregon Coast", "ground": "public water, private banks", "likelihood": 3, "sources": 1, "notes": "Agates, jaspers, petrified wood", "access": "verify"}, "geometry": {"type": "Point", "coordinates": [-124.2904, 42.04436]}}, {"type": "Feature", "properties": {"id": "rhea4c775677", "name": "Merchants Beach", "_cat": "agate", "_grp": "gem", "_src": "rh", "stone": "Agate", "all stones": "Agate; Petrified wood; Jasper", "region": "Oregon Coast", "ground": "public water, private banks", "likelihood": 3, "sources": 3, "notes": "Agate, Jasper, Petrified Wood. Known for petrified myrtlewood and gem chert | Agate, jasper, petrified wood, shells", "access": "verify"}, "geometry": {"type": "Point", "coordinates": [-124.3918, 43.23691]}}, {"type": "Feature", "properties": {"id": "rh17d4d84cc4", "name": "Bailey Beach", "_cat": "jade", "_grp": "gem", "_src": "rh", "stone": "Jade", "all stones": "Jade; Agate; Quartz; Jasper", "region": "Oregon Coast", "ground": "public water, private banks", "likelihood": 2, "sources": 1, "notes": "Quartz, agate, jasper, jade", "access": "verify"}, "geometry": {"type": "Point", "coordinates": [-124.4286, 42.44745]}}, {"type": "Feature", "properties": {"id": "rhc95c776815", "name": "Alfred Loeb State Park", "_cat": "agate", "_grp": "gem", "_src": "rh", "stone": "Agate", "all stones": "Agate; Quartz; Jasper", "region": "Oregon Coast", "ground": "confirmed public", "likelihood": 4, "sources": 1, "notes": "White quartz, jasper, and agate.", "access": "verify"}, "geometry": {"type": "Point", "coordinates": [-124.18551, 42.1121]}}, {"type": "Feature", "properties": {"id": "rh28dd6ecad1", "name": "Elk River - Gravel Bars", "_cat": "agate", "_grp": "gem", "_src": "rh", "stone": "Agate", "all stones": "Agate", "region": "Oregon Coast", "ground": "public water, private banks", "likelihood": 2, "sources": 1, "notes": "Rockhounding, swimming.", "access": "verify"}, "geometry": {"type": "Point", "coordinates": [-124.3323, 42.70885]}}, {"type": "Feature", "properties": {"id": "rh9992c02902", "name": "White Fir Springs", "_cat": "thunderegg", "_grp": "gem", "_src": "rh", "stone": "Thundereggs", "all stones": "Thundereggs; Jasper", "region": "Central Oregon", "ground": "confirmed public", "likelihood": 5, "sources": 3, "notes": "Ochoco NF thunderegg locality; jasper-cored nodules. | Ochoco National Forest / Thunder eggs with jasper cores | Rhea: Thundereggs | OreRockOn: Pit on road See Gem Trails of OR | OreRockOn: Old pits W of road Some jasper eggs in tailings | OreRockOn: Rd. gated & locked! Rd. has been rebuilt | OreRockOn: More pits see Rockhounding OR", "access": "free"}, "geometry": {"type": "Point", "coordinates": [-120.56232, 44.40974]}}, {"type": "Feature", "properties": {"id": "rh7a569d6a50", "name": "Bear Creek -\u00a0Site 1", "_cat": "wood", "_grp": "gem", "_src": "rh", "stone": "Petrified wood", "all stones": "Petrified wood", "region": "Central Oregon", "ground": "public water, private banks", "likelihood": 3, "sources": 2, "notes": "Petrified wood | OreRockOn: Bear Creek wood | OreRockOn: Bear Creek Petrified wood See Gem Trails & Rockhounding OR", "access": "verify"}, "geometry": {"type": "Point", "coordinates": [-120.61934, 43.94085]}}, {"type": "Feature", "properties": {"id": "rha89a52a9d1", "name": "Lobster Bar", "_cat": "agate", "_grp": "gem", "_src": "rh", "stone": "Agate", "all stones": "Agate; Quartz; Petrified wood; Jasper", "region": "Oregon Coast", "ground": "public water, private banks", "likelihood": 3, "sources": 1, "notes": "Quartz, agate, jasper, and petrified wood.", "access": "verify"}, "geometry": {"type": "Point", "coordinates": [-124.2945, 42.50268]}}, {"type": "Feature", "properties": {"id": "rh9cfa96dc30", "name": "North Beede Reservoir - Site 1", "_cat": "agate", "_grp": "gem", "_src": "rh", "stone": "Agate", "all stones": "Agate; Petrified wood; Jasper; Fossils", "region": "Eastern Oregon", "ground": "unverified", "likelihood": 2, "sources": 2, "notes": "Agate, plume agate,\u00a0 jasper, petrified wood, and fossil leaves. | OreRockOn: Beede Reservoir Agate - Entire area See Gem Trails & Rockhounding OR", "access": "verify"}, "geometry": {"type": "Point", "coordinates": [-118.47545, 43.75478]}}, {"type": "Feature", "properties": {"id": "rhfdbe4f9978", "name": "North Beede Reservoir - Site 2", "_cat": "agate", "_grp": "gem", "_src": "rh", "stone": "Agate", "all stones": "Agate; Petrified wood; Jasper; Fossils", "region": "Eastern Oregon", "ground": "unverified", "likelihood": 3, "sources": 2, "notes": "Agate, plume agate, jasper, petrified wood, and fossil leaves. | OreRockOn: Beede Reservoir Leaf fossils in cliff See Gem Trails & Rockhounding OR", "access": "verify"}, "geometry": {"type": "Point", "coordinates": [-118.4851, 43.76165]}}, {"type": "Feature", "properties": {"id": "rh630f159811", "name": "Warm Springs Reservoir - Site 2", "_cat": "agate", "_grp": "gem", "_src": "rh", "stone": "Agate", "all stones": "Agate; Petrified wood; Jasper; Fossils", "region": "SE / Owyhee", "ground": "unverified", "likelihood": 3, "sources": 1, "notes": "Agate, plume agate, jasper, petrified wood, and fossil leaves.", "access": "verify"}, "geometry": {"type": "Point", "coordinates": [-118.28547, 43.6395]}}, {"type": "Feature", "properties": {"id": "rhc98405a65d", "name": "Warm Springs Reservoir - Site 4", "_cat": "agate", "_grp": "gem", "_src": "rh", "stone": "Agate", "all stones": "Agate; Petrified wood; Jasper; Fossils", "region": "SE / Owyhee", "ground": "unverified", "likelihood": 3, "sources": 2, "notes": "Agate, plume agate, jasper, petrified wood, and fossil leaves.", "access": "verify"}, "geometry": {"type": "Point", "coordinates": [-118.14982, 43.60727]}}, {"type": "Feature", "properties": {"id": "rh239059542e", "name": "Warm Springs Reservoir (Site 1)", "_cat": "agate", "_grp": "gem", "_src": "rh", "stone": "Agate", "all stones": "Agate; Petrified wood; Jasper; Fossils", "region": "Eastern Oregon", "ground": "unverified", "likelihood": 4, "sources": 2, "notes": "Agate, plume agate, jasper, petrified wood, and fossil leaves. | OreRockOn: Warm Springs Reservoir Agate, jasper, rhyolite See Rockhounding OR", "access": "verify"}, "geometry": {"type": "Point", "coordinates": [-118.30517, 43.64502]}}, {"type": "Feature", "properties": {"id": "rh0ff3042a68", "name": "Warm Springs Reservoir - Site 3", "_cat": "obsidian", "_grp": "gem", "_src": "rh", "stone": "Obsidian", "all stones": "Obsidian; Agate; Petrified wood; Jasper; Fossils", "region": "SE / Owyhee", "ground": "public water, private banks", "likelihood": 3, "sources": 2, "notes": "Agate, plume agate, jasper, petrified wood, and fossil leaves. | OreRockOn: Riverside Apache tears See Rockhounding OR | OreRockOn: Riverside Petrified wood See Rockhounding OR", "access": "verify"}, "geometry": {"type": "Point", "coordinates": [-118.15028, 43.59988]}}, {"type": "Feature", "properties": {"id": "rhc22a311d4f", "name": "Glass Butte", "_cat": "obsidian", "_grp": "gem", "_src": "rh", "stone": "Obsidian", "all stones": "Obsidian", "region": "Central Oregon", "ground": "confirmed public", "likelihood": 5, "sources": 2, "notes": "Broad free obsidian collecting off Hwy 20: rainbow, mahogany, midnight lace, sheen. | Silver Sheen, Lace, Mahogany Obsidian in the area. | OreRockOn: Fire/Needle Obsidian | OreRockOn: Flame/Fire Obsidian I didn't locate | OreRockOn: Gold sheen \"Spiderweb\" & \"Lizardskin\" | OreRockOn: Fire, gold sheen obsidian", "access": "free"}, "geometry": {"type": "Point", "coordinates": [-120.00638, 43.56089]}}, {"type": "Feature", "properties": {"id": "rh9af8dc8dca", "name": "Mud Ridge", "_cat": "obsidian", "_grp": "gem", "_src": "rh", "stone": "Obsidian", "all stones": "Obsidian", "region": "Eastern Oregon", "ground": "confirmed public", "likelihood": 5, "sources": 1, "notes": "Obsidian area SE of Burns; quieter companion to Glass Butte. | Obsidian (black is the most common; green, greenish-blue, snowflake, and red)", "access": "free"}, "geometry": {"type": "Point", "coordinates": [-119.1602, 43.64273]}}, {"type": "Feature", "properties": {"id": "rh671e5d2675", "name": "John Day River at Cottonwood Canyon State Park", "_cat": "agate", "_grp": "gem", "_src": "rh", "stone": "Agate", "all stones": "Agate; Petrified wood; Jasper", "region": "Columbia Gorge", "ground": "confirmed public", "likelihood": 4, "sources": 1, "notes": "Agates, jasper, and petrified wood.", "access": "verify"}, "geometry": {"type": "Point", "coordinates": [-120.42929, 45.46987]}}, {"type": "Feature", "properties": {"id": "rhe4004350ab", "name": "Dry Creek", "_cat": "opal", "_grp": "gem", "_src": "rh", "stone": "Opal", "all stones": "Opal; Agate; Quartz; Jasper", "region": "Southern Oregon", "ground": "public water, private banks", "likelihood": 3, "sources": 2, "notes": "Red and tan jasper, black quartz, agate, common opal", "access": "verify"}, "geometry": {"type": "Point", "coordinates": [-120.6091, 42.0523]}}, {"type": "Feature", "properties": {"id": "rhf525e24920", "name": "Harney Lake", "_cat": "agate", "_grp": "gem", "_src": "rh", "stone": "Agate", "all stones": "Agate; Petrified wood; Jasper", "region": "Eastern Oregon", "ground": "unverified", "likelihood": 3, "sources": 2, "notes": "Agate, jasper, oolitic agates, petrified wood", "access": "verify"}, "geometry": {"type": "Point", "coordinates": [-118.9701, 43.2348]}}, {"type": "Feature", "properties": {"id": "rhb0ea616c80", "name": "Short Beach", "_cat": "agate", "_grp": "gem", "_src": "rh", "stone": "Agate", "all stones": "Agate; Quartz; Jasper; Zeolite", "region": "Oregon Coast", "ground": "public water, private banks", "likelihood": 3, "sources": 3, "notes": "Agate, Jasper, Zeolite Crystals. Can be difficult for mobility limited. Many stairs maintained by volunteers and used by many. Green jasper and clear agates found in abundance here | Agate & Jasper | OreRockOn: Short Beach zeolites Agate, jasper, quartz See Gem Trails & Rockhounding OR", "access": "verify"}, "geometry": {"type": "Point", "coordinates": [-123.96934, 45.47321]}}, {"type": "Feature", "properties": {"id": "rh5fd8720ed4", "name": "Carl G. Washburne Memorial State Park", "_cat": "agate", "_grp": "gem", "_src": "rh", "stone": "Agate", "all stones": "Agate; Jasper", "region": "Oregon Coast", "ground": "confirmed public", "likelihood": 3, "sources": 3, "notes": "Agate & Jasper", "access": "verify"}, "geometry": {"type": "Point", "coordinates": [-124.11691, 44.16029]}}, {"type": "Feature", "properties": {"id": "rh182b82bcbf", "name": "Coquille River Gravel Bars", "_cat": "agate", "_grp": "gem", "_src": "rh", "stone": "Agate", "all stones": "Agate; Quartz; Petrified wood; Jasper; Fossils", "region": "Oregon Coast", "ground": "public water, private banks", "likelihood": 3, "sources": 4, "notes": "Agate, Green Jasper, Gem Chert, Jasper, Petrified Wood | Petrified wood, jasper, agate, quartz, marine fossils | Rhea: Platinum | OreRockOn: Bullards Beach Agate, jasper, petrified wood See Rockhounding OR", "access": "verify"}, "geometry": {"type": "Point", "coordinates": [-124.40953, 43.14461]}}, {"type": "Feature", "properties": {"id": "rh72d6113c36", "name": "South Umpqua River \u2013 Rest Area", "_cat": "carnelian", "_grp": "gem", "_src": "rh", "stone": "Carnelian", "all stones": "Carnelian; Agate; Quartz; Petrified wood; Jasper", "region": "Southern Oregon", "ground": "public water, private banks", "likelihood": 2, "sources": 2, "notes": "Agate, jasper, carnelian, quartz, schist, petrified wood | OreRockOn: Tiller Agate, jasper, petrified wood See Rockhounding OR", "access": "verify"}, "geometry": {"type": "Point", "coordinates": [-122.99157, 42.93237]}}, {"type": "Feature", "properties": {"id": "rh216dea1d71", "name": "Quartzville Creek at Boulder Creek Bridge", "_cat": "thunderegg", "_grp": "gem", "_src": "rh", "stone": "Thundereggs", "all stones": "Thundereggs; Chalcedony; Agate; Gold; Quartz; Jasper", "region": "Willamette / Cascades", "ground": "confirmed public", "likelihood": 5, "sources": 2, "notes": "OPEN TO RECREATIONAL MINING - inside the BLM Quartzville corridor, Rocky Top Bridge to Galena Creek. No claim needed. || Quartzville Recreation Corridor; recreational gold panning & creek agate. | Gold, quartz, calcite, chalcedony, agate, jasper, andesite, basalt, rhyolite, breccia | OreRockOn: Yellowstone quarry Some pyrite, break fresh rock", "access": "free", "status": "proven"}, "geometry": {"type": "Point", "coordinates": [-122.40964, 44.56542]}}, {"type": "Feature", "properties": {"id": "rh3b47e6fa6a", "name": "Boulder Creek", "_cat": "agate", "_grp": "gem", "_src": "rh", "stone": "Agate", "all stones": "Agate", "region": "Willamette / Cascades", "ground": "public water, private banks", "likelihood": 3, "sources": 2, "notes": "Pyrite | OreRockOn: Boulder Creek pyrite in roadcut See Gem Trails & Rockhounding OR", "access": "verify"}, "geometry": {"type": "Point", "coordinates": [-122.3846, 44.5696]}}, {"type": "Feature", "properties": {"id": "rha156c41fca", "name": "Stayton Bridge - North Santiam River", "_cat": "agate", "_grp": "gem", "_src": "rh", "stone": "Agate", "all stones": "Agate; Petrified wood; Jasper", "region": "Willamette / Cascades", "ground": "public water, private banks", "likelihood": 3, "sources": 2, "notes": "Agate, jasper, petrified wood | OreRockOn: Stayton Agate, petrified wood In gravel See Gem Trails & Rockhounding OR", "access": "verify", "status": "dud"}, "geometry": {"type": "Point", "coordinates": [-122.79429, 44.79163]}}, {"type": "Feature", "properties": {"id": "rh0fbeaefdb5", "name": "Fishermen's Bend Site", "_cat": "agate", "_grp": "gem", "_src": "rh", "stone": "Agate", "all stones": "Agate; Petrified wood; Jasper", "region": "Willamette / Cascades", "ground": "unverified", "likelihood": 2, "sources": 1, "notes": "Agate, jasper, petrified wood", "access": "verify", "status": "dud"}, "geometry": {"type": "Point", "coordinates": [-122.513, 44.756]}}, {"type": "Feature", "properties": {"id": "rh5148f297c3", "name": "Rockville", "_cat": "opal", "_grp": "gem", "_src": "rh", "stone": "Opal", "all stones": "Opal; Thundereggs; Chalcedony; Agate; Petrified wood; Jasper", "region": "SE / Owyhee", "ground": "unverified", "likelihood": 3, "sources": 2, "notes": "Opalized petrified wood (often fluorescent), agatized petrified wood, chalcedony-filled geodes, agate, jasper, common opal | OreRockOn: Rockville Opalized petrified wood See Gem Trails & Rockhounding OR | OreRockOn: Rockville Petrified wood", "access": "verify"}, "geometry": {"type": "Point", "coordinates": [-117.11969, 43.32366]}}, {"type": "Feature", "properties": {"id": "rhc9c1f69ea0", "name": "BLM Sunstone Public Collection Area", "_cat": "sunstone", "_grp": "gem", "_src": "rh", "stone": "Sunstone", "all stones": "Sunstone", "region": "Southern Oregon", "ground": "confirmed public", "likelihood": 3, "sources": 1, "notes": "Free public sunstone collecting on BLM land; surface + shallow digging. Remote, no services 30+ mi.", "access": "free"}, "geometry": {"type": "Point", "coordinates": [-119.88, 42.78]}}, {"type": "Feature", "properties": {"id": "rh57224b8133", "name": "Richardson's Rock Ranch", "_cat": "thunderegg", "_grp": "gem", "_src": "rh", "stone": "Thundereggs", "all stones": "Thundereggs; Agate", "region": "Central Oregon", "ground": "private \u2014 do not enter", "likelihood": 2, "sources": 1, "notes": "Reportedly closed to public digging as of ~2022 (gift shop only) \u2014 verify current status. Fee thunderegg & Priday plume agate beds; dig your own.", "access": "verify", "status": "closed"}, "geometry": {"type": "Point", "coordinates": [-120.97, 44.86]}}, {"type": "Feature", "properties": {"id": "rh851cad1c72", "name": "Agate Beach", "_cat": "chalcedony", "_grp": "gem", "_src": "rh", "stone": "Chalcedony", "all stones": "Chalcedony; Agate; Jasper; Fossils", "region": "Oregon Coast", "ground": "confirmed public", "likelihood": 4, "sources": 3, "notes": "Snail and other Mollusk Fossils in cobbles | Free public beach; agates after winter storms at the high-tide line. | Rhea: Agate, Moonstone, Jasper, Chalcedony, etc.", "access": "free"}, "geometry": {"type": "Point", "coordinates": [-124.05935, 44.66507]}}, {"type": "Feature", "properties": {"id": "rh5e74f1f705", "name": "Hart Mountain area", "_cat": "agate", "_grp": "gem", "_src": "rh", "stone": "Agate", "all stones": "Agate", "region": "Southern Oregon", "ground": "confirmed public", "likelihood": 3, "sources": 1, "notes": "Lake County rock hunts. The Antelope Refuge itself PROHIBITS collecting; only surrounding BLM land may be open.", "access": "verify"}, "geometry": {"type": "Point", "coordinates": [-119.68, 42.55]}}, {"type": "Feature", "properties": {"id": "rhf9338cabf2", "name": "Bear Creek", "_cat": "limbcast", "_grp": "gem", "_src": "rh", "stone": "Limb casts", "all stones": "Limb casts; Petrified wood", "region": "Eastern Oregon", "ground": "confirmed public", "likelihood": 4, "sources": 1, "notes": "Petrified wood and limb casts; confirm BLM access.", "access": "verify"}, "geometry": {"type": "Point", "coordinates": [-119.2, 44.3]}}, {"type": "Feature", "properties": {"id": "rh305bf4111b", "name": "McDermitt area", "_cat": "limbcast", "_grp": "gem", "_src": "rh", "stone": "Limb casts", "all stones": "Limb casts; Petrified wood", "region": "SE / Owyhee", "ground": "unverified", "likelihood": 2, "sources": 1, "notes": "Limb casts and petrified wood; remote high desert.", "access": "verify"}, "geometry": {"type": "Point", "coordinates": [-117.72, 42.05]}}, {"type": "Feature", "properties": {"id": "rhdd12c42a75", "name": "Juntura / Bonanza", "_cat": "agate", "_grp": "gem", "_src": "rh", "stone": "Agate", "all stones": "Agate; Jasper", "region": "SE / Owyhee", "ground": "unverified", "likelihood": 3, "sources": 1, "notes": "Agate and jasper along the Malheur drainage.", "access": "verify"}, "geometry": {"type": "Point", "coordinates": [-118.08, 43.74]}}, {"type": "Feature", "properties": {"id": "rhbfba7df39d", "name": "Rome / Owyhee", "_cat": "wood", "_grp": "gem", "_src": "rh", "stone": "Petrified wood", "all stones": "Petrified wood", "region": "SE / Owyhee", "ground": "confirmed public", "likelihood": 4, "sources": 1, "notes": "Petrified wood near the Owyhee; remote BLM.", "access": "verify"}, "geometry": {"type": "Point", "coordinates": [-117.62, 42.84]}}, {"type": "Feature", "properties": {"id": "rhabc54cf338", "name": "Negro Rock", "_cat": "wood", "_grp": "gem", "_src": "rh", "stone": "Petrified wood", "all stones": "Petrified wood", "region": "SE / Owyhee", "ground": "unverified", "likelihood": 3, "sources": 1, "notes": "Documented limb-cast / petrified-wood locality (USGS name).", "access": "verify"}, "geometry": {"type": "Point", "coordinates": [-117.78, 43.95]}}, {"type": "Feature", "properties": {"id": "rhf65514eb85", "name": "Juniper / Leslie Gulch (Owyhee)", "_cat": "thunderegg", "_grp": "gem", "_src": "rh", "stone": "Thundereggs", "all stones": "Thundereggs; Agate; Petrified wood; Jasper", "region": "SE / Owyhee", "ground": "confirmed public", "likelihood": 4, "sources": 1, "notes": "Owyhee canyonlands; picture jasper, thundereggs, agate, petrified wood. Remote BLM.", "access": "verify"}, "geometry": {"type": "Point", "coordinates": [-117.32, 43.3]}}, {"type": "Feature", "properties": {"id": "rh3486ed123d", "name": "Polka Dot Agate Mine", "_cat": "thunderegg", "_grp": "gem", "_src": "rh", "stone": "Thundereggs", "all stones": "Thundereggs; Agate", "region": "Central Oregon", "ground": "private \u2014 do not enter", "likelihood": 2, "sources": 1, "notes": "Fee thunderegg / polka-dot agate mine near Ashwood; named as a Richardson's alternative.", "access": "fee", "status": "closed"}, "geometry": {"type": "Point", "coordinates": [-120.62, 44.73]}}, {"type": "Feature", "properties": {"id": "rh5763f3fee3", "name": "Canyon Rim public dig", "_cat": "thunderegg", "_grp": "gem", "_src": "rh", "stone": "Thundereggs", "all stones": "Thundereggs", "region": "Central Oregon", "ground": "private \u2014 do not enter", "likelihood": 2, "sources": 1, "notes": "Public thunderegg dig in the Priday/Ashwood area.", "access": "verify", "status": "closed"}, "geometry": {"type": "Point", "coordinates": [-120.6, 44.7]}}, {"type": "Feature", "properties": {"id": "rhe923d66bef", "name": "Nehalem River (Timber Rd)", "_cat": "carnelian", "_grp": "gem", "_src": "rh", "stone": "Carnelian", "all stones": "Carnelian; Agate", "region": "Oregon Coast", "ground": "private \u2014 do not enter", "likelihood": 1, "sources": 1, "notes": "Carnelian & plume agate in/along the river near Timber Rd and the Banks-Vernonia State Trail. Watch for private property.", "access": "verify"}, "geometry": {"type": "Point", "coordinates": [-123.29, 45.72]}}, {"type": "Feature", "properties": {"id": "rhbcbb22d6d4", "name": "DeGarmo Canyon", "_cat": "sunstone", "_grp": "gem", "_src": "rh", "stone": "Sunstone", "all stones": "Sunstone; Opal; Obsidian; Agate; Jasper", "region": "Southern Oregon", "ground": "unverified", "likelihood": 2, "sources": 1, "notes": "Lakeview-area site near Hart Mountain; verify refuge boundary before collecting. | OreRockOn: Awesome Hot Spring pool Warning: Clothing is optional!", "access": "verify"}, "geometry": {"type": "Point", "coordinates": [-119.6914, 42.5008]}}, {"type": "Feature", "properties": {"id": "rhac670ba465", "name": "Warner Mountains", "_cat": "obsidian", "_grp": "gem", "_src": "rh", "stone": "Obsidian", "all stones": "Obsidian; Agate; Jasper", "region": "Southern Oregon", "ground": "unverified", "likelihood": 2, "sources": 1, "notes": "Broad Lakeview-area collecting; agate, jasper, obsidian.", "access": "verify"}, "geometry": {"type": "Point", "coordinates": [-120.2, 42.2]}}, {"type": "Feature", "properties": {"id": "rh0e18935b2b", "name": "Arsenic Canyon", "_cat": "agate", "_grp": "gem", "_src": "rh", "stone": "Agate", "all stones": "Agate; Jasper", "region": "Southern Oregon", "ground": "unverified", "likelihood": 2, "sources": 1, "notes": "Lakeview-area canyon; approximate location \u2014 verify.", "access": "verify"}, "geometry": {"type": "Point", "coordinates": [-120.33, 42.28]}}, {"type": "Feature", "properties": {"id": "rh4b2ab61ada", "name": "Flook Lake (Hart Mtn NWR)", "_cat": "agate", "_grp": "gem", "_src": "rh", "stone": "Agate", "all stones": "Agate; Fossils", "region": "Southern Oregon", "ground": "unverified", "likelihood": 3, "sources": 1, "notes": "INSIDE Hart Mountain National Wildlife Refuge \u2014 rock collecting is PROHIBITED here. Listed for orientation only.", "access": "verify"}, "geometry": {"type": "Point", "coordinates": [-119.55, 42.45]}}, {"type": "Feature", "properties": {"id": "rh5633de951b", "name": "Opal Butte", "_cat": "opal_fire", "_grp": "gem", "_src": "rh", "stone": "Precious / fire opal", "all stones": "Precious / fire opal; Opal", "region": "Central Oregon", "ground": "private \u2014 do not enter", "likelihood": 2, "sources": 1, "notes": "Famous opal locality (fire, jelly, hyalite, rainbow, blue). Mostly PRIVATE timber land; access road is public \u2014 obey No Trespassing, no collecting without permission.", "access": "verify"}, "geometry": {"type": "Point", "coordinates": [-119.58, 45.02]}}, {"type": "Feature", "properties": {"id": "rh8a2558e110", "name": "Mt. Pisgah (Eugene)", "_cat": "malachite", "_grp": "gem", "_src": "rh", "stone": "Malachite / azurite", "all stones": "Malachite / azurite; Agate; Quartz; Jasper; Zeolite", "region": "Willamette / Cascades", "ground": "public water, private banks", "likelihood": 3, "sources": 1, "notes": "Popular Eugene arboretum/hike; surface agate, jasper, quartz, zeolites near stream banks. Check park collecting rules. | Rhea: Agate, Calcite, Heulandite, Jasper, Malachite, Mesolite, Quartz crystals", "access": "verify"}, "geometry": {"type": "Point", "coordinates": [-122.96454, 44.00567]}}, {"type": "Feature", "properties": {"id": "rh5b295b4bde", "name": "White Rock Springs", "_cat": "thunderegg", "_grp": "gem", "_src": "rh", "stone": "Thundereggs", "all stones": "Thundereggs", "region": "Central Oregon", "ground": "confirmed public", "likelihood": 4, "sources": 1, "notes": "Ochoco NF thunderegg site near White Fir; nearby Mill Creek Wilderness is closed to digging.", "access": "free"}, "geometry": {"type": "Point", "coordinates": [-120.33, 44.43]}}, {"type": "Feature", "properties": {"id": "rh10a7b38680", "name": "Nelscott Beach", "_cat": "agate", "_grp": "gem", "_src": "rh", "stone": "Agate", "all stones": "Agate; Quartz; Petrified wood; Jasper; Fossils", "region": "Oregon Coast", "ground": "confirmed public", "likelihood": 4, "sources": 2, "notes": "Agate, Jasper, Petrified Wood and Fossils. Agates include blue black agates, moss agates, plume agate and other fancy forms of cryptocrystalline quartz, Gold is known to occur on t | Lincoln City agate beach; best after storms at low tide.", "access": "free"}, "geometry": {"type": "Point", "coordinates": [-124.02393, 44.94267]}}, {"type": "Feature", "properties": {"id": "rh1163c5acbd", "name": "Powder River, area gravels", "_cat": "thunderegg", "_grp": "gem", "_src": "rh", "stone": "Thundereggs", "all stones": "Thundereggs; Chalcedony; Quartz", "region": "Eastern Oregon", "ground": "public water, private banks", "likelihood": 2, "sources": 1, "notes": "Chalcedony geodes w/ quartz crystals", "access": "verify"}, "geometry": {"type": "Point", "coordinates": [-117.21307, 44.75312]}}, {"type": "Feature", "properties": {"id": "rh6a2d80556a", "name": "Durkee, area washes & draws", "_cat": "gem_other", "_grp": "gem", "_src": "rh", "stone": "Quartz", "all stones": "Quartz", "region": "Eastern Oregon", "ground": "public water, private banks", "likelihood": 2, "sources": 1, "notes": "Quartz family gemstones", "access": "verify"}, "geometry": {"type": "Point", "coordinates": [-117.42248, 44.56183]}}, {"type": "Feature", "properties": {"id": "rh278dc0b7cf", "name": "Lower Inmaha River, area gravels", "_cat": "chalcedony", "_grp": "gem", "_src": "rh", "stone": "Chalcedony", "all stones": "Chalcedony; Agate", "region": "Eastern Oregon", "ground": "public water, private banks", "likelihood": 2, "sources": 1, "notes": "Agate, Prase", "access": "verify"}, "geometry": {"type": "Point", "coordinates": [-116.86702, 45.20361]}}, {"type": "Feature", "properties": {"id": "rh921eb1b3d8", "name": "Orofino Mine area and tailings", "_cat": "agate", "_grp": "gem", "_src": "rh", "stone": "Agate", "all stones": "Agate; Jasper", "region": "Eastern Oregon", "ground": "unverified", "likelihood": 2, "sources": 1, "notes": "GOLD TAG REMOVED - historic mine tailings, claim status unknown. Check MLRS before working anything. || Agate, Jasper, Gold", "access": "verify"}, "geometry": {"type": "Point", "coordinates": [-118.47679, 44.74789]}}, {"type": "Feature", "properties": {"id": "rh6e96968019", "name": "Buttes SE of Heppner", "_cat": "opal", "_grp": "gem", "_src": "rh", "stone": "Opal", "all stones": "Opal; Thundereggs", "region": "Central Oregon", "ground": "unverified", "likelihood": 2, "sources": 1, "notes": "Nodules filled with opal", "access": "verify"}, "geometry": {"type": "Point", "coordinates": [-119.51299, 45.3274]}}, {"type": "Feature", "properties": {"id": "rh0acf23508a", "name": "Opal Butte", "_cat": "opal_fire", "_grp": "gem", "_src": "rh", "stone": "Precious / fire opal", "all stones": "Precious / fire opal; Opal", "region": "Central Oregon", "ground": "unverified", "likelihood": 2, "sources": 2, "notes": "Hyalite opal", "access": "verify"}, "geometry": {"type": "Point", "coordinates": [-119.61342, 45.04372]}}, {"type": "Feature", "properties": {"id": "rh9e0082c5e3", "name": "Entire area on surface, E side of Steens Mts.", "_cat": "thunderegg", "_grp": "gem", "_src": "rh", "stone": "Thundereggs", "all stones": "Thundereggs; Agate; Quartz; Jasper", "region": "Southern Oregon", "ground": "unverified", "likelihood": 2, "sources": 1, "notes": "Moss Agate, Jasper, Thundereggs, Geodes, Quartz crystals, etc.", "access": "verify"}, "geometry": {"type": "Point", "coordinates": [-118.51803, 42.66871]}}, {"type": "Feature", "properties": {"id": "rhb1e87bbee6", "name": "W of Burns, broad area", "_cat": "thunderegg", "_grp": "gem", "_src": "rh", "stone": "Thundereggs", "all stones": "Thundereggs; Agate; Quartz; Jasper", "region": "Eastern Oregon", "ground": "unverified", "likelihood": 2, "sources": 1, "notes": "Moss Agate, Jasper, Thundereggs, Geodes, Quartz crystals, etc.", "access": "verify"}, "geometry": {"type": "Point", "coordinates": [-119.14655, 43.59445]}}, {"type": "Feature", "properties": {"id": "rh57b1861d78", "name": "Sylvies Canyon, 7 mi. W of US 395", "_cat": "opal", "_grp": "gem", "_src": "rh", "stone": "Opal", "all stones": "Opal", "region": "Eastern Oregon", "ground": "unverified", "likelihood": 2, "sources": 1, "notes": "Wood opal", "access": "verify"}, "geometry": {"type": "Point", "coordinates": [-119.11369, 43.85831]}}, {"type": "Feature", "properties": {"id": "rh1b94c9b16d", "name": "Area surfaces around Warm Springs Reservoir", "_cat": "chalcedony", "_grp": "gem", "_src": "rh", "stone": "Chalcedony", "all stones": "Chalcedony; Agate; Petrified wood; Jasper", "region": "SE / Owyhee", "ground": "unverified", "likelihood": 2, "sources": 1, "notes": "Agate, Chalcedony, Jasper, Petrified wood, Black Agate", "access": "verify"}, "geometry": {"type": "Point", "coordinates": [-118.24346, 43.62157]}}, {"type": "Feature", "properties": {"id": "rhfdf48ab6e6", "name": "Brogan, all surrounding area", "_cat": "chalcedony", "_grp": "gem", "_src": "rh", "stone": "Chalcedony", "all stones": "Chalcedony; Agate; Petrified wood; Jasper", "region": "Eastern Oregon", "ground": "unverified", "likelihood": 2, "sources": 1, "notes": "Agate, Chalcedony, Chert, Jasper, Petrified wood", "access": "verify"}, "geometry": {"type": "Point", "coordinates": [-117.51059, 44.23196]}}, {"type": "Feature", "properties": {"id": "rh651507613e", "name": "Area around Ironside and Malheur Reservoir", "_cat": "chalcedony", "_grp": "gem", "_src": "rh", "stone": "Chalcedony", "all stones": "Chalcedony; Agate; Petrified wood; Jasper", "region": "Eastern Oregon", "ground": "unverified", "likelihood": 2, "sources": 1, "notes": "Agate, Chalcedony, Chert, Jasper, Petrified wood", "access": "verify"}, "geometry": {"type": "Point", "coordinates": [-117.69807, 44.3624]}}, {"type": "Feature", "properties": {"id": "rha7d5ffdb48", "name": "10 mi. NW of Owyhee Reservoir Dam, area", "_cat": "chalcedony", "_grp": "gem", "_src": "rh", "stone": "Chalcedony", "all stones": "Chalcedony; Agate; Petrified wood; Jasper", "region": "SE / Owyhee", "ground": "unverified", "likelihood": 2, "sources": 1, "notes": "Agate, Chalcedony, Jasper, Petrified wood", "access": "verify"}, "geometry": {"type": "Point", "coordinates": [-117.39247, 43.7376]}}, {"type": "Feature", "properties": {"id": "rh99da9c9271", "name": "Entire length of Succor Creek, near Rockville", "_cat": "opal", "_grp": "gem", "_src": "rh", "stone": "Opal", "all stones": "Opal; Chalcedony; Agate; Jasper", "region": "SE / Owyhee", "ground": "public water, private banks", "likelihood": 3, "sources": 1, "notes": "Agate, Chalcedony, Chert, Jasper, Opalized wood", "access": "verify"}, "geometry": {"type": "Point", "coordinates": [-117.10935, 43.36004]}}, {"type": "Feature", "properties": {"id": "rhecebcf1760", "name": "13 mi. E of Dayville", "_cat": "wood", "_grp": "gem", "_src": "rh", "stone": "Petrified wood", "all stones": "Petrified wood; Fossils", "region": "Eastern Oregon", "ground": "unverified", "likelihood": 3, "sources": 1, "notes": "Fossilized bone, Petrified Wood", "access": "verify"}, "geometry": {"type": "Point", "coordinates": [-119.27808, 44.43976]}}, {"type": "Feature", "properties": {"id": "rh070361df7e", "name": "Gravels of John Day River, area", "_cat": "wood", "_grp": "gem", "_src": "rh", "stone": "Petrified wood", "all stones": "Petrified wood; Fossils", "region": "Central Oregon", "ground": "public water, private banks", "likelihood": 2, "sources": 1, "notes": "Fossils, Petrified wood", "access": "verify"}, "geometry": {"type": "Point", "coordinates": [-119.59538, 44.49678]}}, {"type": "Feature", "properties": {"id": "rhf68d5c00ea", "name": "Area just S of Clarno Fossil Beds", "_cat": "agate", "_grp": "gem", "_src": "rh", "stone": "Agate", "all stones": "Agate; Petrified wood; Jasper; Fossils", "region": "Central Oregon", "ground": "unverified", "likelihood": 4, "sources": 1, "notes": "Agate, jasper, Fossils, Petrified wood", "access": "verify"}, "geometry": {"type": "Point", "coordinates": [-120.41074, 44.91257]}}, {"type": "Feature", "properties": {"id": "rhc087ec5226", "name": "Area between Paulina and East Lakes", "_cat": "obsidian", "_grp": "gem", "_src": "rh", "stone": "Obsidian", "all stones": "Obsidian", "region": "Central Oregon", "ground": "unverified", "likelihood": 2, "sources": 1, "notes": "Obsidian", "access": "verify"}, "geometry": {"type": "Point", "coordinates": [-121.23457, 43.72549]}}, {"type": "Feature", "properties": {"id": "rheeb1a4654c", "name": "Ashwood, area", "_cat": "thunderegg", "_grp": "gem", "_src": "rh", "stone": "Thundereggs", "all stones": "Thundereggs; Chalcedony; Agate; Jasper", "region": "Central Oregon", "ground": "unverified", "likelihood": 2, "sources": 1, "notes": "Agate, Chalcedony, Geodes, Jasper, Thundereggs", "access": "verify"}, "geometry": {"type": "Point", "coordinates": [-120.75422, 44.73582]}}, {"type": "Feature", "properties": {"id": "rh3c0393cc89", "name": "Priday Agate Beds (fee)", "_cat": "opal", "_grp": "gem", "_src": "rh", "stone": "Opal", "all stones": "Opal; Thundereggs; Chalcedony; Agate; Jasper", "region": "Central Oregon", "ground": "private \u2014 do not enter", "likelihood": 2, "sources": 2, "notes": "Agate, Chalcedony, Jasper, Opal, Thundereggs | OreRockOn: Priday Blue Thundereggs | OreRockOn: Priday Flat Thundereggs", "access": "verify", "status": "closed"}, "geometry": {"type": "Point", "coordinates": [-120.90733, 44.73734]}}, {"type": "Feature", "properties": {"id": "rh4e301a336a", "name": "Willowdale, area", "_cat": "thunderegg", "_grp": "gem", "_src": "rh", "stone": "Thundereggs", "all stones": "Thundereggs; Chalcedony; Agate; Jasper", "region": "Central Oregon", "ground": "unverified", "likelihood": 2, "sources": 1, "notes": "Agate, Chalcedony, Geodes, Jasper, Thundereggs", "access": "verify"}, "geometry": {"type": "Point", "coordinates": [-120.94241, 44.80384]}}, {"type": "Feature", "properties": {"id": "rhd7912f6318", "name": "Antelope, area", "_cat": "jade", "_grp": "gem", "_src": "rh", "stone": "Jade", "all stones": "Jade; Thundereggs; Chalcedony; Agate; Jasper", "region": "Central Oregon", "ground": "unverified", "likelihood": 2, "sources": 1, "notes": "Agate, Chalcedony, Geodes, Jade, Jasper", "access": "verify"}, "geometry": {"type": "Point", "coordinates": [-120.73853, 44.90805]}}, {"type": "Feature", "properties": {"id": "rh0b52ddc1d9", "name": "Mosier, in area stream gravels", "_cat": "wood", "_grp": "gem", "_src": "rh", "stone": "Petrified wood", "all stones": "Petrified wood", "region": "Columbia Gorge", "ground": "public water, private banks", "likelihood": 2, "sources": 1, "notes": "Petrified wood, Silicified Pine Cones", "access": "verify"}, "geometry": {"type": "Point", "coordinates": [-121.3854, 45.67813]}}, {"type": "Feature", "properties": {"id": "rh4e07302d9f", "name": "Sunflower Flat, hillsides and gravels", "_cat": "thunderegg", "_grp": "gem", "_src": "rh", "stone": "Thundereggs", "all stones": "Thundereggs; Jasper", "region": "Central Oregon", "ground": "public water, private banks", "likelihood": 2, "sources": 1, "notes": "Jasper, Thundereggs", "access": "verify"}, "geometry": {"type": "Point", "coordinates": [-121.40298, 45.07459]}}, {"type": "Feature", "properties": {"id": "rh592e01c741", "name": "Chenowith Creek, gravels", "_cat": "opal", "_grp": "gem", "_src": "rh", "stone": "Opal", "all stones": "Opal", "region": "Columbia Gorge", "ground": "public water, private banks", "likelihood": 2, "sources": 1, "notes": "Opalized wood", "access": "verify"}, "geometry": {"type": "Point", "coordinates": [-121.24833, 45.62141]}}, {"type": "Feature", "properties": {"id": "rhd7afddfb21", "name": "Area gravels 5 mi. S of Rufus", "_cat": "agate", "_grp": "gem", "_src": "rh", "stone": "Agate", "all stones": "Agate; Jasper", "region": "Columbia Gorge", "ground": "public water, private banks", "likelihood": 2, "sources": 1, "notes": "Agate, Jasper", "access": "verify"}, "geometry": {"type": "Point", "coordinates": [-120.74523, 45.62278]}}, {"type": "Feature", "properties": {"id": "rh989527712d", "name": "S Fork Crooked River", "_cat": "limbcast", "_grp": "gem", "_src": "rh", "stone": "Limb casts", "all stones": "Limb casts", "region": "Central Oregon", "ground": "public water, private banks", "likelihood": 2, "sources": 1, "notes": "Agatized limb casts", "access": "verify"}, "geometry": {"type": "Point", "coordinates": [-120.0447, 44.0844]}}, {"type": "Feature", "properties": {"id": "rhb262ee0768", "name": "Sheep creek, area", "_cat": "agate", "_grp": "gem", "_src": "rh", "stone": "Agate", "all stones": "Agate", "region": "Central Oregon", "ground": "public water, private banks", "likelihood": 2, "sources": 1, "notes": "Moss Agate", "access": "verify"}, "geometry": {"type": "Point", "coordinates": [-120.46288, 44.30167]}}, {"type": "Feature", "properties": {"id": "rh6dca92befb", "name": "6.7 mi. N of E end of Ochoco Reservoir, area", "_cat": "thunderegg", "_grp": "gem", "_src": "rh", "stone": "Thundereggs", "all stones": "Thundereggs", "region": "Central Oregon", "ground": "unverified", "likelihood": 2, "sources": 1, "notes": "Thundereggs", "access": "verify"}, "geometry": {"type": "Point", "coordinates": [-120.67828, 44.41014]}}, {"type": "Feature", "properties": {"id": "rh3029ddd426", "name": "Harvey Creek, area", "_cat": "thunderegg", "_grp": "gem", "_src": "rh", "stone": "Thundereggs", "all stones": "Thundereggs", "region": "Central Oregon", "ground": "public water, private banks", "likelihood": 2, "sources": 1, "notes": "Thundereggs", "access": "verify"}, "geometry": {"type": "Point", "coordinates": [-120.59684, 44.45784]}}, {"type": "Feature", "properties": {"id": "rhdf25fba662", "name": "Forked Horn Butte, area", "_cat": "thunderegg", "_grp": "gem", "_src": "rh", "stone": "Thundereggs", "all stones": "Thundereggs", "region": "Central Oregon", "ground": "unverified", "likelihood": 4, "sources": 2, "notes": "Thundereggs | OreRockOn: Desolation Canyon thundereggs (Approx! - Colburn) Surface Collecting ONLY!", "access": "verify"}, "geometry": {"type": "Point", "coordinates": [-120.56096, 44.45525]}}, {"type": "Feature", "properties": {"id": "rhcb491e99e5", "name": "White Rock, area", "_cat": "opal", "_grp": "gem", "_src": "rh", "stone": "Opal", "all stones": "Opal; Thundereggs; Chalcedony; Agate; Quartz", "region": "Central Oregon", "ground": "unverified", "likelihood": 2, "sources": 2, "notes": "Thundereggs, Agate, Chalcedony, Opal | OreRockOn: Quartz crystal/banded agate in small to meduim size eggs See Gem Trails & Rockhounding OR", "access": "verify"}, "geometry": {"type": "Point", "coordinates": [-120.54655, 44.42449]}}, {"type": "Feature", "properties": {"id": "rh1e2d2e3e6a", "name": "Desolation Canyon, area", "_cat": "thunderegg", "_grp": "gem", "_src": "rh", "stone": "Thundereggs", "all stones": "Thundereggs", "region": "Central Oregon", "ground": "unverified", "likelihood": 2, "sources": 2, "notes": "Thundereggs", "access": "verify"}, "geometry": {"type": "Point", "coordinates": [-120.5074, 44.47571]}}, {"type": "Feature", "properties": {"id": "rhda99f7e981", "name": "Bear Creek, E side of Taylor Butte", "_cat": "chalcedony", "_grp": "gem", "_src": "rh", "stone": "Chalcedony", "all stones": "Chalcedony; Agate; Quartz", "region": "Central Oregon", "ground": "public water, private banks", "likelihood": 4, "sources": 2, "notes": "Moss Agate, Chalcedony, Drusy quartz", "access": "verify"}, "geometry": {"type": "Point", "coordinates": [-120.7454, 44.07241]}}, {"type": "Feature", "properties": {"id": "rhfcc6770dba", "name": "Carey Agate Beds, area", "_cat": "chalcedony", "_grp": "gem", "_src": "rh", "stone": "Chalcedony", "all stones": "Chalcedony; Agate; Jasper", "region": "Central Oregon", "ground": "unverified", "likelihood": 2, "sources": 1, "notes": "Agate, Chalcedony, Jasper", "access": "verify"}, "geometry": {"type": "Point", "coordinates": [-120.41853, 44.03301]}}, {"type": "Feature", "properties": {"id": "rh70e239770a", "name": "Area surrouding Crater Lake National Park", "_cat": "agate", "_grp": "gem", "_src": "rh", "stone": "Agate", "all stones": "Agate; Quartz; Petrified wood", "region": "Southern Oregon", "ground": "unverified", "likelihood": 2, "sources": 1, "notes": "Agate, Petrified wood, Quartz family gemstones", "access": "verify"}, "geometry": {"type": "Point", "coordinates": [-121.95519, 42.95083]}}, {"type": "Feature", "properties": {"id": "rh00a4a8b623", "name": "Glass Butte Recreational Rockhound Area", "_cat": "obsidian", "_grp": "gem", "_src": "rh", "stone": "Obsidian", "all stones": "Obsidian", "region": "Central Oregon", "ground": "unverified", "likelihood": 2, "sources": 1, "notes": "Obsidian (various types)", "access": "verify"}, "geometry": {"type": "Point", "coordinates": [-120.07451, 43.55732]}}, {"type": "Feature", "properties": {"id": "rh6a42262f8f", "name": "Lakeview, surrounding desert area", "_cat": "sunstone", "_grp": "gem", "_src": "rh", "stone": "Sunstone", "all stones": "Sunstone; Thundereggs; Agate; Jasper", "region": "Southern Oregon", "ground": "unverified", "likelihood": 2, "sources": 1, "notes": "Agate, Jasper, Geodes, Nodules, Sunstone", "access": "verify"}, "geometry": {"type": "Point", "coordinates": [-120.33033, 42.18387]}}, {"type": "Feature", "properties": {"id": "rh4d7034c3a1", "name": "Crane Mountain, area", "_cat": "thunderegg", "_grp": "gem", "_src": "rh", "stone": "Thundereggs", "all stones": "Thundereggs; Agate; Jasper", "region": "Southern Oregon", "ground": "unverified", "likelihood": 2, "sources": 1, "notes": "Agate, Jasper, Thundereggs", "access": "verify"}, "geometry": {"type": "Point", "coordinates": [-120.29014, 42.06875]}}, {"type": "Feature", "properties": {"id": "rh831fb8427d", "name": "Warner Canyon, area", "_cat": "gem_other", "_grp": "gem", "_src": "rh", "stone": "Quartz", "all stones": "Quartz; Petrified wood", "region": "Southern Oregon", "ground": "unverified", "likelihood": 2, "sources": 1, "notes": "Petrified wood, Quartz family gemstones", "access": "verify"}, "geometry": {"type": "Point", "coordinates": [-120.31008, 42.23872]}}, {"type": "Feature", "properties": {"id": "rh91b1feb78a", "name": "W flanks for Hart Mt / Warner Peak", "_cat": "opal", "_grp": "gem", "_src": "rh", "stone": "Opal", "all stones": "Opal; Thundereggs; Chalcedony; Agate; Jasper", "region": "Southern Oregon", "ground": "unverified", "likelihood": 3, "sources": 1, "notes": "Agate, Chalcedony, Geodes, Jasper, Opal, Thundereggs", "access": "verify"}, "geometry": {"type": "Point", "coordinates": [-119.78187, 42.46724]}}, {"type": "Feature", "properties": {"id": "rhe98478a149", "name": "Quartz Mountain Pass", "_cat": "opal", "_grp": "gem", "_src": "rh", "stone": "Opal", "all stones": "Opal; Chalcedony; Agate; Quartz; Jasper", "region": "Southern Oregon", "ground": "private \u2014 do not enter", "likelihood": 1, "sources": 2, "notes": "Agate, Chalcedony, Jasper, etc. | OreRockOn: Juniper Ridge Opal (Meeting point - Private Claim) Contact Ken Newnham Ken@juniperridgeopal.com 541-892-2219", "access": "verify"}, "geometry": {"type": "Point", "coordinates": [-120.81192, 42.32338]}}, {"type": "Feature", "properties": {"id": "rh3e2db62b51", "name": "Pacific Ocean beaches W of Astoria", "_cat": "bloodstone", "_grp": "gem", "_src": "rh", "stone": "Bloodstone", "all stones": "Bloodstone; Agate; Jasper", "region": "Oregon Coast", "ground": "public water, private banks", "likelihood": 2, "sources": 1, "notes": "Bloodstone, Jasper, Agate", "access": "verify"}, "geometry": {"type": "Point", "coordinates": [-123.96969, 46.15939]}}, {"type": "Feature", "properties": {"id": "rh22f9e00c09", "name": "Nehalem River gravels, all the way to ocean", "_cat": "carnelian", "_grp": "gem", "_src": "rh", "stone": "Carnelian", "all stones": "Carnelian; Agate; Jasper", "region": "Oregon Coast", "ground": "public water, private banks", "likelihood": 2, "sources": 1, "notes": "Agate, Carnelian, Jasper", "access": "verify"}, "geometry": {"type": "Point", "coordinates": [-123.55691, 45.89048]}}, {"type": "Feature", "properties": {"id": "rh3f7753705e", "name": "Columbia River shore gravels", "_cat": "agate", "_grp": "gem", "_src": "rh", "stone": "Agate", "all stones": "Agate; Quartz; Petrified wood; Jasper", "region": "Columbia Gorge", "ground": "public water, private banks", "likelihood": 2, "sources": 1, "notes": "Thomsonite", "access": "verify"}, "geometry": {"type": "Point", "coordinates": [-122.79258, 45.79934]}}, {"type": "Feature", "properties": {"id": "rh978cd0cf1d", "name": "Ocean beach gravels", "_cat": "bloodstone", "_grp": "gem", "_src": "rh", "stone": "Bloodstone", "all stones": "Bloodstone; Agate; Jasper", "region": "Oregon Coast", "ground": "public water, private banks", "likelihood": 3, "sources": 1, "notes": "Agate, Jasper, Bloodstone, Moonstone", "access": "verify"}, "geometry": {"type": "Point", "coordinates": [-123.9399, 45.69355]}}, {"type": "Feature", "properties": {"id": "rh94410c7fd9", "name": "Ocean beach gravels", "_cat": "bloodstone", "_grp": "gem", "_src": "rh", "stone": "Bloodstone", "all stones": "Bloodstone; Agate; Jasper", "region": "Oregon Coast", "ground": "public water, private banks", "likelihood": 3, "sources": 1, "notes": "Agate, Jasper, Bloodstone, Moonstone", "access": "verify"}, "geometry": {"type": "Point", "coordinates": [-123.94685, 45.60919]}}, {"type": "Feature", "properties": {"id": "rh2f0e64e2b4", "name": "Ocean beach gravels", "_cat": "bloodstone", "_grp": "gem", "_src": "rh", "stone": "Bloodstone", "all stones": "Bloodstone; Agate; Jasper", "region": "Oregon Coast", "ground": "public water, private banks", "likelihood": 3, "sources": 1, "notes": "Agate, Jasper, Bloodstone, Moonstone", "access": "verify"}, "geometry": {"type": "Point", "coordinates": [-123.9522, 45.53491]}}, {"type": "Feature", "properties": {"id": "rh6bcd8e39f1", "name": "Ocean beach gravels", "_cat": "bloodstone", "_grp": "gem", "_src": "rh", "stone": "Bloodstone", "all stones": "Bloodstone; Agate; Jasper", "region": "Oregon Coast", "ground": "public water, private banks", "likelihood": 3, "sources": 1, "notes": "Agate, Jasper, Bloodstone, Moonstone", "access": "verify"}, "geometry": {"type": "Point", "coordinates": [-123.96295, 45.40208]}}, {"type": "Feature", "properties": {"id": "rha1744128d8", "name": "Bob Straub State Park, Ocean beach gravels", "_cat": "bloodstone", "_grp": "gem", "_src": "rh", "stone": "Bloodstone", "all stones": "Bloodstone; Agate; Jasper", "region": "Oregon Coast", "ground": "confirmed public", "likelihood": 4, "sources": 1, "notes": "Agate, Jasper, Bloodstone, Moonstone", "access": "verify"}, "geometry": {"type": "Point", "coordinates": [-123.97048, 45.18212]}}, {"type": "Feature", "properties": {"id": "rh66d641520c", "name": "Shores of Calapooia River & Ames Creek", "_cat": "thunderegg", "_grp": "gem", "_src": "rh", "stone": "Thundereggs", "all stones": "Thundereggs; Agate", "region": "Willamette / Cascades", "ground": "public water, private banks", "likelihood": 3, "sources": 1, "notes": "Agate (banded), Geodes, Silicified wood", "access": "verify"}, "geometry": {"type": "Point", "coordinates": [-122.78895, 44.35142]}}, {"type": "Feature", "properties": {"id": "rh474fdc743d", "name": "Chandler Mt., area", "_cat": "carnelian", "_grp": "gem", "_src": "rh", "stone": "Carnelian", "all stones": "Carnelian; Agate", "region": "Willamette / Cascades", "ground": "unverified", "likelihood": 2, "sources": 1, "notes": "Agate (purple or blue), Carnelian", "access": "verify"}, "geometry": {"type": "Point", "coordinates": [-122.69762, 44.34034]}}, {"type": "Feature", "properties": {"id": "rhb6c8ea8a43", "name": "Willamette River, gravel bars and tributaries", "_cat": "bloodstone", "_grp": "gem", "_src": "rh", "stone": "Bloodstone", "all stones": "Bloodstone; Agate; Petrified wood; Jasper", "region": "Willamette / Cascades", "ground": "public water, private banks", "likelihood": 3, "sources": 1, "notes": "Agate, Jasper, Bloodstone, Petrified wood, etc.", "access": "verify"}, "geometry": {"type": "Point", "coordinates": [-123.24709, 44.53485]}}, {"type": "Feature", "properties": {"id": "rh2cb689ad5c", "name": "All area beach gravels near Newport", "_cat": "chalcedony", "_grp": "gem", "_src": "rh", "stone": "Chalcedony", "all stones": "Chalcedony; Agate; Petrified wood; Jasper; Fossils", "region": "Oregon Coast", "ground": "public water, private banks", "likelihood": 2, "sources": 2, "notes": "Agate, Jasper, Petrified Wood, Fossils. Agates include blue black agates. | Agate, Moonstone, Jasper, Chalcedony, etc.", "access": "verify"}, "geometry": {"type": "Point", "coordinates": [-124.068, 44.59352]}}, {"type": "Feature", "properties": {"id": "rhedca4b50d8", "name": "Cedar Springs Mt., area", "_cat": "malachite", "_grp": "gem", "_src": "rh", "stone": "Malachite / azurite", "all stones": "Malachite / azurite; Agate; Quartz; Petrified wood; Jasper", "region": "Southern Oregon", "ground": "unverified", "likelihood": 2, "sources": 1, "notes": "Azurite, Chalcolite", "access": "verify"}, "geometry": {"type": "Point", "coordinates": [-123.12226, 42.76191]}}, {"type": "Feature", "properties": {"id": "rhd8214429db", "name": "All area beach gravels N of WInchester Bay", "_cat": "agate", "_grp": "gem", "_src": "rh", "stone": "Agate", "all stones": "Agate; Petrified wood; Jasper", "region": "Oregon Coast", "ground": "public water, private banks", "likelihood": 2, "sources": 2, "notes": "Agate, Green Jasper, Gem Chert, Jasper, Petrified Wood | Agate", "access": "verify"}, "geometry": {"type": "Point", "coordinates": [-124.18277, 43.74553]}}, {"type": "Feature", "properties": {"id": "rh079f81cf13", "name": "All area beach gravels S of WInchester Bay", "_cat": "agate", "_grp": "gem", "_src": "rh", "stone": "Agate", "all stones": "Agate", "region": "Oregon Coast", "ground": "public water, private banks", "likelihood": 2, "sources": 1, "notes": "Agate", "access": "verify"}, "geometry": {"type": "Point", "coordinates": [-124.25071, 43.51225]}}, {"type": "Feature", "properties": {"id": "rh55296b0664", "name": "Umpqua River, area gravels and bars", "_cat": "jade", "_grp": "gem", "_src": "rh", "stone": "Jade", "all stones": "Jade; Garnet", "region": "Oregon Coast", "ground": "public water, private banks", "likelihood": 2, "sources": 1, "notes": "\u2018Oregon Jade\u2019 (massive grossularite garnet)", "access": "verify"}, "geometry": {"type": "Point", "coordinates": [-123.38922, 43.22118]}}, {"type": "Feature", "properties": {"id": "rh162437acff", "name": "N Umpqua River, area gravels and bars", "_cat": "carnelian", "_grp": "gem", "_src": "rh", "stone": "Carnelian", "all stones": "Carnelian; Chalcedony; Agate; Petrified wood; Jasper", "region": "Southern Oregon", "ground": "public water, private banks", "likelihood": 2, "sources": 1, "notes": "Agate, Chalcedony, Carnelian, Jasper, Petrified wood, Silicified wood", "access": "verify"}, "geometry": {"type": "Point", "coordinates": [-122.93905, 43.29774]}}, {"type": "Feature", "properties": {"id": "rh820bd712a0", "name": "S Umpqua River, area gravels and bars", "_cat": "carnelian", "_grp": "gem", "_src": "rh", "stone": "Carnelian", "all stones": "Carnelian; Chalcedony; Agate; Petrified wood; Jasper", "region": "Oregon Coast", "ground": "public water, private banks", "likelihood": 2, "sources": 1, "notes": "Agate, Chalcedony, Carnelian, Jasper, Petrified wood, Silicified wood", "access": "verify"}, "geometry": {"type": "Point", "coordinates": [-123.3945, 43.16493]}}, {"type": "Feature", "properties": {"id": "rhfb298087ce", "name": "Ocean beach gravels, length of Coos County", "_cat": "agate", "_grp": "gem", "_src": "rh", "stone": "Agate", "all stones": "Agate; Petrified wood; Jasper; Fossils", "region": "Oregon Coast", "ground": "confirmed public", "likelihood": 4, "sources": 3, "notes": "Park here for Yoakam Point | Clam Fossils in concretions and rocks on beach | Agate, Green Jasper, Gem Chert, Jasper, Petrified Wood | Agate, Petrified wood | OreRockOn: Coos Bay marine fossils in old sea cliffs Coos Head S to Tunnel Point", "access": "verify"}, "geometry": {"type": "Point", "coordinates": [-124.34829, 43.34576]}}, {"type": "Feature", "properties": {"id": "rha8ad5d999e", "name": "Gravel bars in Rogue R., entire county", "_cat": "agate", "_grp": "gem", "_src": "rh", "stone": "Agate", "all stones": "Agate; Quartz; Petrified wood; Jasper", "region": "Oregon Coast", "ground": "public water, private banks", "likelihood": 2, "sources": 1, "notes": "GOLD TAG REMOVED - a whole-county listing is not an access statement. Use the mapped Rogue recreation sites instead. || Agate, Garnets, Gold, Jasper, Petrified wood, Quartz crystals", "access": "verify"}, "geometry": {"type": "Point", "coordinates": [-124.23192, 42.50067]}}, {"type": "Feature", "properties": {"id": "rh1cb366160c", "name": "Port Orford, area ocean beach sands", "_cat": "agate", "_grp": "gem", "_src": "rh", "stone": "Agate", "all stones": "Agate; Quartz; Petrified wood; Jasper", "region": "Oregon Coast", "ground": "public water, private banks", "likelihood": 2, "sources": 2, "notes": "Agate, Green Jasper, Gem Chert, Jasper, Petrified Wood | Platinum", "access": "verify"}, "geometry": {"type": "Point", "coordinates": [-124.49115, 42.74195]}}, {"type": "Feature", "properties": {"id": "rh3aa8bd5768", "name": "Sugarloaf Mt., area slopes", "_cat": "jade", "_grp": "gem", "_src": "rh", "stone": "Jade", "all stones": "Jade", "region": "Oregon Coast", "ground": "unverified", "likelihood": 2, "sources": 1, "notes": "Nephrite, Serpentine", "access": "verify"}, "geometry": {"type": "Point", "coordinates": [-124.24016, 42.8375]}}, {"type": "Feature", "properties": {"id": "rh441875bc4c", "name": "Stream gravels around Oregon Caves", "_cat": "rhodonite", "_grp": "gem", "_src": "rh", "stone": "Rhodonite", "all stones": "Rhodonite; Chalcedony; Agate; Petrified wood; Jasper", "region": "Oregon Coast", "ground": "public water, private banks", "likelihood": 3, "sources": 1, "notes": "GOLD TAG REMOVED - Oregon Caves is NPS ground, withdrawn from mineral entry. No panning. || Agate, Chalcedony, Gold, Jasper, Petrified wood, Rhodonite", "access": "verify"}, "geometry": {"type": "Point", "coordinates": [-123.4085, 42.10773]}}, {"type": "Feature", "properties": {"id": "rhe5b54da68c", "name": "Many old mines near Galice", "_cat": "malachite", "_grp": "gem", "_src": "rh", "stone": "Malachite / azurite", "all stones": "Malachite / azurite", "region": "Oregon Coast", "ground": "unverified", "likelihood": 4, "sources": 1, "notes": "GOLD TAG REMOVED - Galice is old workings on claimed ground. Surface specimens only. || Arsenopyrite, Azurite, Calcite, Chalcopyrite, Chrysocolla, Galena, Gold, Malachite, Pyrite, etc.", "access": "verify"}, "geometry": {"type": "Point", "coordinates": [-123.59528, 42.56926]}}, {"type": "Feature", "properties": {"id": "rhb549917a76", "name": "Green Springs Mt., area slopes", "_cat": "thunderegg", "_grp": "gem", "_src": "rh", "stone": "Thundereggs", "all stones": "Thundereggs; Carnelian; Chalcedony; Agate; Jasper", "region": "Southern Oregon", "ground": "unverified", "likelihood": 2, "sources": 2, "notes": "Agate nodules, Carnelian, Chalcedony, Jasper", "access": "verify"}, "geometry": {"type": "Point", "coordinates": [-122.51044, 42.13169]}}, {"type": "Feature", "properties": {"id": "rh66e2cb4fe0", "name": "Butte Falls, area stream gravels", "_cat": "bloodstone", "_grp": "gem", "_src": "rh", "stone": "Bloodstone", "all stones": "Bloodstone; Agate; Quartz; Petrified wood; Jasper", "region": "Southern Oregon", "ground": "public water, private banks", "likelihood": 2, "sources": 1, "notes": "Bloodstone", "access": "verify"}, "geometry": {"type": "Point", "coordinates": [-122.55497, 42.53596]}}, {"type": "Feature", "properties": {"id": "rhb17a6151ca", "name": "Eagle Point, area stream gravels", "_cat": "bloodstone", "_grp": "gem", "_src": "rh", "stone": "Bloodstone", "all stones": "Bloodstone; Agate", "region": "Southern Oregon", "ground": "public water, private banks", "likelihood": 2, "sources": 1, "notes": "Moss Agate, Bloodstone", "access": "verify"}, "geometry": {"type": "Point", "coordinates": [-122.77968, 42.44978]}}, {"type": "Feature", "properties": {"id": "rh67f123309a", "name": "Eagle Rock (Ochoco NF)", "_cat": "agate", "_grp": "gem", "_src": "rh", "stone": "Agate", "all stones": "Agate", "region": "Central Oregon", "ground": "confirmed public", "likelihood": 4, "sources": 1, "notes": "Ochoco National Forest agate site (USFS-listed). Forest collecting rules apply.", "access": "free"}, "geometry": {"type": "Point", "coordinates": [-120.25, 44.4]}}, {"type": "Feature", "properties": {"id": "rh18f8786ad1", "name": "North Ochoco Reservoir", "_cat": "agate", "_grp": "gem", "_src": "rh", "stone": "Agate", "all stones": "Agate", "region": "Central Oregon", "ground": "confirmed public", "likelihood": 4, "sources": 1, "notes": "Agate float near Ochoco Reservoir (USFS-listed).", "access": "free"}, "geometry": {"type": "Point", "coordinates": [-120.58, 44.32]}}, {"type": "Feature", "properties": {"id": "rh237d60bc09", "name": "Fischer Canyon (Ochoco)", "_cat": "agate", "_grp": "gem", "_src": "rh", "stone": "Agate", "all stones": "Agate; Petrified wood; Jasper", "region": "Central Oregon", "ground": "confirmed public", "likelihood": 3, "sources": 1, "notes": "Ochoco/Maury-area canyon: agate, jasper, petrified wood (USFS-listed).", "access": "free"}, "geometry": {"type": "Point", "coordinates": [-120.06, 43.96]}}, {"type": "Feature", "properties": {"id": "rhd247e0b2ec", "name": "Tierra Del Mar Beach", "_cat": "agate", "_grp": "gem", "_src": "rh", "stone": "Agate", "all stones": "Agate; Petrified wood; Jasper; Fossils", "region": "Oregon Coast", "ground": "confirmed public", "likelihood": 4, "sources": 1, "notes": "Agates, Jasper, Petrified Wood, Fossils. One of the Only beaches in Oregon you can drive on heading south.", "access": "free"}, "geometry": {"type": "Point", "coordinates": [-123.96778, 45.24614]}}, {"type": "Feature", "properties": {"id": "rh99620fe07a", "name": "Roads End Cove (Secret Beach)", "_cat": "agate", "_grp": "gem", "_src": "rh", "stone": "Agate", "all stones": "Agate; Quartz; Jasper; Zeolite; Fossils", "region": "Oregon Coast", "ground": "confirmed public", "likelihood": 4, "sources": 2, "notes": "Agate, Jasper, Zeolite Crystals, Fossils. LOW TIDE ONLY. MELLOW WEATHER ONLY. Expert Location. Not for the mobility limited. Varies from tide to tide.", "access": "free"}, "geometry": {"type": "Point", "coordinates": [-124.01237, 45.02641]}}, {"type": "Feature", "properties": {"id": "rh054385787e", "name": "Fishing Rock", "_cat": "agate", "_grp": "gem", "_src": "rh", "stone": "Agate", "all stones": "Agate; Quartz; Petrified wood; Jasper; Fossils", "region": "Oregon Coast", "ground": "confirmed public", "likelihood": 4, "sources": 2, "notes": "Agate, Jasper, Petrified Wood, Fossils. Agates include blue black agates, moss agates, plume agate and other fancy forms of cryptocrystalline quartz, Gold is known to occur on the ", "access": "free"}, "geometry": {"type": "Point", "coordinates": [-124.04747, 44.85042]}}, {"type": "Feature", "properties": {"id": "rh583263e19e", "name": "Jump Off Joe", "_cat": "agate", "_grp": "gem", "_src": "rh", "stone": "Agate", "all stones": "Agate; Petrified wood; Jasper; Fossils", "region": "Oregon Coast", "ground": "confirmed public", "likelihood": 4, "sources": 2, "notes": "Agate, Jasper, Petrified Wood, Fossils. Agates include blue black agates. | Crab Fossil Concretions in cobbles on beach", "access": "free"}, "geometry": {"type": "Point", "coordinates": [-124.0613, 44.64614]}}, {"type": "Feature", "properties": {"id": "rh21e1fd0700", "name": "Thiel Creek Parking", "_cat": "agate", "_grp": "gem", "_src": "rh", "stone": "Agate", "all stones": "Agate; Fossils", "region": "Oregon Coast", "ground": "confirmed public", "likelihood": 4, "sources": 2, "notes": "Fossils in rocks and cobbles on beach | Park Here to Access Holiday Beach at Thiel Creek | OreRockOn: Holiday Beach Fossil crab concretions Loc. approx. | OreRockOn: Holiday Beach park here & take gravel path to beach | OreRockOn: Holiday Beach Marine fossils", "access": "free"}, "geometry": {"type": "Point", "coordinates": [-124.06982, 44.56313]}}, {"type": "Feature", "properties": {"id": "rhc8ec6643bb", "name": "Lost Creek", "_cat": "carnelian", "_grp": "gem", "_src": "rh", "stone": "Carnelian", "all stones": "Carnelian; Agate; Petrified wood; Jasper; Fossils", "region": "Oregon Coast", "ground": "confirmed public", "likelihood": 4, "sources": 2, "notes": "Agate, Jasper, Petrified Wood, Fossils. Agates include blue black agates. | OreRockOn: Lost Creek Marine fossils Agate, carnelian Petrified wood, jasper Here & to S See Gem Trails of OR", "access": "free"}, "geometry": {"type": "Point", "coordinates": [-124.07393, 44.54548]}}, {"type": "Feature", "properties": {"id": "rh3de42daff3", "name": "Seal Rock North", "_cat": "agate", "_grp": "gem", "_src": "rh", "stone": "Agate", "all stones": "Agate; Petrified wood; Jasper; Fossils", "region": "Oregon Coast", "ground": "confirmed public", "likelihood": 4, "sources": 2, "notes": "Agate, Jasper, Petrified Wood, Fossils. Agates include blue black agates. | OreRockOn: Seal Rock Marine fossils Loc. approx.", "access": "free"}, "geometry": {"type": "Point", "coordinates": [-124.08032, 44.50878]}}, {"type": "Feature", "properties": {"id": "rhf43b36c800", "name": "Cape Cove Beach", "_cat": "agate", "_grp": "gem", "_src": "rh", "stone": "Agate", "all stones": "Agate; Quartz; Petrified wood; Jasper", "region": "Oregon Coast", "ground": "confirmed public", "likelihood": 4, "sources": 2, "notes": "Agate, Jasper, Petrified Wood, Quartz Crystals. Park at Trailhead to the south. | OreRockOn: Cape Perpetua Beach agates", "access": "free"}, "geometry": {"type": "Point", "coordinates": [-124.1098, 44.28224]}}, {"type": "Feature", "properties": {"id": "rh0da70b0d2a", "name": "Tokatee Creek", "_cat": "agate", "_grp": "gem", "_src": "rh", "stone": "Agate", "all stones": "Agate; Quartz; Petrified wood; Jasper", "region": "Oregon Coast", "ground": "confirmed public", "likelihood": 4, "sources": 2, "notes": "Agate, Jasper, Petrified Wood, Quartz Crystals", "access": "free"}, "geometry": {"type": "Point", "coordinates": [-124.11535, 44.20777]}}, {"type": "Feature", "properties": {"id": "rh47163ff7e2", "name": "Winchester Bay Beach", "_cat": "agate", "_grp": "gem", "_src": "rh", "stone": "Agate", "all stones": "Agate; Petrified wood; Jasper", "region": "Oregon Coast", "ground": "confirmed public", "likelihood": 4, "sources": 1, "notes": "Agate, Green Jasper, Gem Chert, Jasper, Petrified Wood", "access": "free"}, "geometry": {"type": "Point", "coordinates": [-124.21217, 43.63595]}}, {"type": "Feature", "properties": {"id": "rha5dff00ee3", "name": "Cape Blanco", "_cat": "agate", "_grp": "gem", "_src": "rh", "stone": "Agate", "all stones": "Agate; Fossils", "region": "Oregon Coast", "ground": "confirmed public", "likelihood": 4, "sources": 2, "notes": "Park here for Cape Blanco | Fossil Mussels in rocks on beach", "access": "free"}, "geometry": {"type": "Point", "coordinates": [-124.55276, 42.83058]}}, {"type": "Feature", "properties": {"id": "rh4e7ae962e8", "name": "Agate Beach - Scott Creek", "_cat": "agate", "_grp": "gem", "_src": "rh", "stone": "Agate", "all stones": "Agate; Petrified wood; Jasper", "region": "Oregon Coast", "ground": "confirmed public", "likelihood": 4, "sources": 2, "notes": "Agate, Gem Chert, Jasper, Petrified Wood", "access": "free"}, "geometry": {"type": "Point", "coordinates": [-124.42171, 42.46993]}}, {"type": "Feature", "properties": {"id": "rh06851ea5cc", "name": "Gold Beach", "_cat": "agate", "_grp": "gem", "_src": "rh", "stone": "Agate", "all stones": "Agate; Quartz; Jasper", "region": "Oregon Coast", "ground": "confirmed public", "likelihood": 4, "sources": 1, "notes": "Agate, Jasper, Quartz, Gem Chert", "access": "free"}, "geometry": {"type": "Point", "coordinates": [-124.42357, 42.38682]}}, {"type": "Feature", "properties": {"id": "rh8940de1fb6", "name": "Wind River", "_cat": "opal", "_grp": "gem", "_src": "rh", "stone": "Opal", "all stones": "Opal; Quartz", "region": "Columbia Gorge", "ground": "public water, private banks", "likelihood": 3, "sources": 2, "notes": "Wind River Quartz & opal in slide | OreRockOn: Wind River Quartz &amp; opal in slide", "access": "verify"}, "geometry": {"type": "Point", "coordinates": [-121.9534, 45.9029]}}, {"type": "Feature", "properties": {"id": "rhc043b8a13e", "name": "Table Mountain", "_cat": "carnelian", "_grp": "gem", "_src": "rh", "stone": "Carnelian", "all stones": "Carnelian; Agate; Jasper", "region": "Columbia Gorge", "ground": "unverified", "likelihood": 2, "sources": 2, "notes": "Table Mountain agate, carnelian, jasper very general area!", "access": "verify"}, "geometry": {"type": "Point", "coordinates": [-121.9861, 45.6973]}}, {"type": "Feature", "properties": {"id": "rh02c520635c", "name": "Green Spring Mtn", "_cat": "agate", "_grp": "gem", "_src": "rh", "stone": "Agate", "all stones": "Agate", "region": "Southern Oregon", "ground": "unverified", "likelihood": 3, "sources": 1, "notes": "Green Spring Mtn. agate in roadcut 9 mi upgrade fr. jct. @ foot of mtn. (loc VERY approx.!)", "access": "verify"}, "geometry": {"type": "Point", "coordinates": [-122.543, 42.133]}}, {"type": "Feature", "properties": {"id": "rh9ffd0a63bc", "name": "Petrified Wood \"quite a ways", "_cat": "wood", "_grp": "gem", "_src": "rh", "stone": "Petrified wood", "all stones": "Petrified wood; Fossils", "region": "Willamette / Cascades", "ground": "unverified", "likelihood": 3, "sources": 1, "notes": "Petrified Wood \"quite a ways up\" in Fish Cr. & tribs.", "access": "verify"}, "geometry": {"type": "Point", "coordinates": [-122.1681, 45.0988]}}, {"type": "Feature", "properties": {"id": "rh1835a5db31", "name": "Desolation Canyon", "_cat": "thunderegg", "_grp": "gem", "_src": "rh", "stone": "Thundereggs", "all stones": "Thundereggs", "region": "Central Oregon", "ground": "unverified", "likelihood": 3, "sources": 2, "notes": "Desolation Canyon thundereggs (Approx! - Colburn) Surface Collecting ONLY!", "access": "verify"}, "geometry": {"type": "Point", "coordinates": [-120.5583, 44.4651]}}, {"type": "Feature", "properties": {"id": "rh83f6352f27", "name": "Skull Spring", "_cat": "obsidian", "_grp": "gem", "_src": "rh", "stone": "Obsidian", "all stones": "Obsidian; Agate; Jasper", "region": "SE / Owyhee", "ground": "unverified", "likelihood": 3, "sources": 1, "notes": "Skull Spring obsidian, agate, t-eggs, jasper See Rockhounding OR", "access": "verify"}, "geometry": {"type": "Point", "coordinates": [-117.7858, 43.4501]}}, {"type": "Feature", "properties": {"id": "rh5e7ffe2aa1", "name": "Lookout Creek", "_cat": "wood", "_grp": "gem", "_src": "rh", "stone": "Petrified wood", "all stones": "Petrified wood", "region": "Willamette / Cascades", "ground": "public water, private banks", "likelihood": 3, "sources": 1, "notes": "Lookout Creek Petrified wood in valley Loc. unknown!", "access": "verify"}, "geometry": {"type": "Point", "coordinates": [-122.2566, 44.2112]}}, {"type": "Feature", "properties": {"id": "rhf9ce78d6fc", "name": "Green", "_cat": "agate", "_grp": "gem", "_src": "rh", "stone": "Agate", "all stones": "Agate; Jasper", "region": "Central Oregon", "ground": "unverified", "likelihood": 3, "sources": 1, "notes": "Green jasper? | OreRockOn: Ochoco Tube Agate In clay dirt in meadow late spring - early summer VAN CURA Claim Active 2013", "access": "verify"}, "geometry": {"type": "Point", "coordinates": [-120.3829, 44.4485]}}, {"type": "Feature", "properties": {"id": "rh212d7d8a07", "name": "McDowell Creek", "_cat": "wood", "_grp": "gem", "_src": "rh", "stone": "Petrified wood", "all stones": "Petrified wood", "region": "Willamette / Cascades", "ground": "public water, private banks", "likelihood": 3, "sources": 1, "notes": "McDowell Creek Petrified wood \"2 mi S of Berlin\" Loc. unknown!", "access": "verify"}, "geometry": {"type": "Point", "coordinates": [-122.7491, 44.469]}}, {"type": "Feature", "properties": {"id": "rh328ccb511b", "name": "Scott Mountain Jasp", "_cat": "agate", "_grp": "gem", "_src": "rh", "stone": "Agate", "all stones": "Agate", "region": "Southern Oregon", "ground": "unverified", "likelihood": 3, "sources": 1, "notes": "Scott Mountain Jasp-agate Loc. unknown!", "access": "verify"}, "geometry": {"type": "Point", "coordinates": [-123.0642, 43.3724]}}, {"type": "Feature", "properties": {"id": "rhb10a9c5ee5", "name": "Nickel Mountain Serpentinite (Oregon", "_cat": "jade", "_grp": "gem", "_src": "rh", "stone": "Jade", "all stones": "Jade", "region": "Oregon Coast", "ground": "unverified", "likelihood": 2, "sources": 1, "notes": "Nickel Mountain Serpentinite (Oregon jade) claim in area Loc. unknown!", "access": "verify"}, "geometry": {"type": "Point", "coordinates": [-123.4381, 42.9677]}}, {"type": "Feature", "properties": {"id": "rhcaa82f566e", "name": "Dog Mountain", "_cat": "amethyst", "_grp": "gem", "_src": "rh", "stone": "Amethyst", "all stones": "Amethyst; Quartz", "region": "Columbia Gorge", "ground": "unverified", "likelihood": 3, "sources": 1, "notes": "Dog Mountain Amethyst Loc. unknown!", "access": "verify"}, "geometry": {"type": "Point", "coordinates": [-121.702, 45.7007]}}, {"type": "Feature", "properties": {"id": "rh2910251635", "name": "Pony Butte", "_cat": "thunderegg", "_grp": "gem", "_src": "rh", "stone": "Thundereggs", "all stones": "Thundereggs", "region": "Central Oregon", "ground": "unverified", "likelihood": 4, "sources": 1, "notes": "Pony Butte thundereggs (aka Lawson, Schneider Bros., Gullickson) | OreRockOn: New Egg Bed", "access": "verify"}, "geometry": {"type": "Point", "coordinates": [-120.8956, 44.7498]}}, {"type": "Feature", "properties": {"id": "rh193bea8b8b", "name": "Sevenmile Hill", "_cat": "wood", "_grp": "gem", "_src": "rh", "stone": "Petrified wood", "all stones": "Petrified wood", "region": "Columbia Gorge", "ground": "unverified", "likelihood": 2, "sources": 1, "notes": "Sevenmile Hill bog wood", "access": "verify"}, "geometry": {"type": "Point", "coordinates": [-121.2692, 45.6346]}}, {"type": "Feature", "properties": {"id": "rhb1a748fb15", "name": "Sevenmile Hill", "_cat": "wood", "_grp": "gem", "_src": "rh", "stone": "Petrified wood", "all stones": "Petrified wood", "region": "Columbia Gorge", "ground": "unverified", "likelihood": 2, "sources": 1, "notes": "Sevenmile Hill bog wood", "access": "verify"}, "geometry": {"type": "Point", "coordinates": [-121.2512, 45.6415]}}, {"type": "Feature", "properties": {"id": "rhe19378a554", "name": "Ames Creek Vast", "_cat": "wood", "_grp": "gem", "_src": "rh", "stone": "Petrified wood", "all stones": "Petrified wood", "region": "Willamette / Cascades", "ground": "public water, private banks", "likelihood": 2, "sources": 1, "notes": "Ames Creek Vast wood area Mark is one place I found wood See Gem Trails of OR", "access": "verify"}, "geometry": {"type": "Point", "coordinates": [-122.6832, 44.3606]}}, {"type": "Feature", "properties": {"id": "rh1010630c16", "name": "Wilson River augite", "_cat": "gem_other", "_grp": "gem", "_src": "rh", "stone": "Quartz", "all stones": "Quartz", "region": "Oregon Coast", "ground": "private \u2014 do not enter", "likelihood": 1, "sources": 1, "notes": "Wilson River augite crystals in talus Loc. approx. See Gem Trails & Rockhounding OR", "access": "verify", "status": "closed"}, "geometry": {"type": "Point", "coordinates": [-123.6494, 45.5857]}}, {"type": "Feature", "properties": {"id": "rh595ff26e9d", "name": "Aurora Borealis Good Rainbow", "_cat": "obsidian", "_grp": "gem", "_src": "rh", "stone": "Obsidian", "all stones": "Obsidian", "region": "Central Oregon", "ground": "unverified", "likelihood": 3, "sources": 1, "notes": "Aurora Borealis Good Rainbow Obsidian Blue, gold, purple solid sheen See Gem Trails & Rockhounding OR | OreRockOn: Rainbow/Gunmetal Sheen Obsidian (Old Mitchell claim)", "access": "verify"}, "geometry": {"type": "Point", "coordinates": [-120.0181, 43.5427]}}, {"type": "Feature", "properties": {"id": "rh5bdf4b3394", "name": "Sunstone area basanite", "_cat": "sunstone", "_grp": "gem", "_src": "rh", "stone": "Sunstone", "all stones": "Sunstone; Jasper", "region": "Southern Oregon", "ground": "unverified", "likelihood": 2, "sources": 1, "notes": "Sunstone area basanite", "access": "verify"}, "geometry": {"type": "Point", "coordinates": [-119.9153, 42.7448]}}, {"type": "Feature", "properties": {"id": "rh3e91198d1c", "name": "Glass Buttes Black", "_cat": "obsidian", "_grp": "gem", "_src": "rh", "stone": "Obsidian", "all stones": "Obsidian", "region": "Central Oregon", "ground": "unverified", "likelihood": 4, "sources": 1, "notes": "Glass Buttes Black Obsidian Flow (some opaque) | OreRockOn: Gold Sheen Obsidian | OreRockOn: Black Obsidian Flow Some opaque", "access": "verify"}, "geometry": {"type": "Point", "coordinates": [-119.9725, 43.5624]}}, {"type": "Feature", "properties": {"id": "rhc63f578bf5", "name": "Glass Buttes Black/red/double flow", "_cat": "obsidian", "_grp": "gem", "_src": "rh", "stone": "Obsidian", "all stones": "Obsidian", "region": "Central Oregon", "ground": "public water, private banks", "likelihood": 4, "sources": 1, "notes": "Glass Buttes Black/red/double flow obsidian float | OreRockOn: Float by road", "access": "verify"}, "geometry": {"type": "Point", "coordinates": [-119.9347, 43.5605]}}, {"type": "Feature", "properties": {"id": "rhf7e2200d39", "name": "Blue", "_cat": "agate", "_grp": "gem", "_src": "rh", "stone": "Agate", "all stones": "Agate", "region": "Central Oregon", "ground": "unverified", "likelihood": 3, "sources": 1, "notes": "Blue Agate | OreRockOn: Chief Paulina Agate See Madras Pow-wow for trips", "access": "verify"}, "geometry": {"type": "Point", "coordinates": [-120.8051, 44.7698]}}, {"type": "Feature", "properties": {"id": "rha3c2b479a6", "name": "Blue Moon", "_cat": "thunderegg", "_grp": "gem", "_src": "rh", "stone": "Thundereggs", "all stones": "Thundereggs", "region": "Central Oregon", "ground": "unverified", "likelihood": 3, "sources": 1, "notes": "Blue Moon Thundereggs Not accessible", "access": "verify"}, "geometry": {"type": "Point", "coordinates": [-120.8731, 44.7304]}}, {"type": "Feature", "properties": {"id": "rh57008d8255", "name": "Bog", "_cat": "agate", "_grp": "gem", "_src": "rh", "stone": "Agate", "all stones": "Agate; Petrified wood; Jasper", "region": "SE / Owyhee", "ground": "unverified", "likelihood": 3, "sources": 1, "notes": "Bog Agate See Rockhounding OR | OreRockOn: Serena Green Jasper See Rockhounding OR | OreRockOn: McDermitt Wood | OreRockOn: Orange & Red Bog Wood", "access": "verify"}, "geometry": {"type": "Point", "coordinates": [-117.966, 42.0736]}}, {"type": "Feature", "properties": {"id": "rh7e40895092", "name": "Bog wood area?", "_cat": "wood", "_grp": "gem", "_src": "rh", "stone": "Petrified wood", "all stones": "Petrified wood", "region": "SE / Owyhee", "ground": "unverified", "likelihood": 2, "sources": 1, "notes": "Bog wood area? | OreRockOn: McDermitt Wood area?", "access": "verify"}, "geometry": {"type": "Point", "coordinates": [-118.021, 42.0607]}}, {"type": "Feature", "properties": {"id": "rhff15168059", "name": "Calapooia River blue", "_cat": "agate", "_grp": "gem", "_src": "rh", "stone": "Agate", "all stones": "Agate; Jasper", "region": "Willamette / Cascades", "ground": "public water, private banks", "likelihood": 3, "sources": 1, "notes": "Calapooia River blue agate in roadcut See Gem Trails of OR | OreRockOn: Calapooia River jasper", "access": "verify"}, "geometry": {"type": "Point", "coordinates": [-122.6182, 44.2857]}}, {"type": "Feature", "properties": {"id": "rh8edfb4e151", "name": "Calapooia", "_cat": "thunderegg", "_grp": "gem", "_src": "rh", "stone": "Thundereggs", "all stones": "Thundereggs", "region": "Willamette / Cascades", "ground": "unverified", "likelihood": 2, "sources": 1, "notes": "Calapooia Thundereggs", "access": "verify"}, "geometry": {"type": "Point", "coordinates": [-122.5902, 44.2682]}}, {"type": "Feature", "properties": {"id": "rhd1bdb7ddad", "name": "Carey Ranch", "_cat": "agate", "_grp": "gem", "_src": "rh", "stone": "Agate", "all stones": "Agate", "region": "Central Oregon", "ground": "private \u2014 do not enter", "likelihood": 1, "sources": 1, "notes": "Carey Ranch Plume Agate Private property Permission needed!", "access": "verify"}, "geometry": {"type": "Point", "coordinates": [-120.6958, 44.1611]}}, {"type": "Feature", "properties": {"id": "rh9ca532e745", "name": "Old Chief Paulina", "_cat": "agate", "_grp": "gem", "_src": "rh", "stone": "Agate", "all stones": "Agate", "region": "Central Oregon", "ground": "unverified", "likelihood": 2, "sources": 1, "notes": "Old Chief Paulina Agate", "access": "verify"}, "geometry": {"type": "Point", "coordinates": [-120.8091, 44.7625]}}, {"type": "Feature", "properties": {"id": "rh4b26e84803", "name": "Quartz Crystal Hill Quartz crystals", "_cat": "amethyst", "_grp": "gem", "_src": "rh", "stone": "Amethyst", "all stones": "Amethyst; Quartz", "region": "Willamette / Cascades", "ground": "private \u2014 do not enter", "likelihood": 2, "sources": 1, "notes": "Quartz Crystal Hill Quartz crystals, amethyst Under claim (2008) permission needed See Gem Trails of OR | OreRockOn: Poorman Mine Quartz crystals See Gem Trails & Rockhounding OR", "access": "verify"}, "geometry": {"type": "Point", "coordinates": [-122.3494, 44.2216]}}, {"type": "Feature", "properties": {"id": "rh766bfe0a50", "name": "Donnybrook", "_cat": "thunderegg", "_grp": "gem", "_src": "rh", "stone": "Thundereggs", "all stones": "Thundereggs", "region": "Central Oregon", "ground": "unverified", "likelihood": 3, "sources": 1, "notes": "Donnybrook Thundereggs Don't go across the fence! | OreRockOn: Donnybrook Small thundereggs Beside road", "access": "verify"}, "geometry": {"type": "Point", "coordinates": [-120.6541, 44.8183]}}, {"type": "Feature", "properties": {"id": "rhe345d3a26d", "name": "Eagle Point (Frieda", "_cat": "thunderegg", "_grp": "gem", "_src": "rh", "stone": "Thundereggs", "all stones": "Thundereggs", "region": "Central Oregon", "ground": "unverified", "likelihood": 3, "sources": 1, "notes": "Eagle Point (Frieda) thundereggs", "access": "verify"}, "geometry": {"type": "Point", "coordinates": [-121.1195, 45.0376]}}, {"type": "Feature", "properties": {"id": "rh008b241efc", "name": "Fish Creek Calcite, zeolites, quartz", "_cat": "agate", "_grp": "gem", "_src": "rh", "stone": "Agate", "all stones": "Agate; Quartz; Petrified wood; Jasper; Zeolite; Fossils", "region": "Willamette / Cascades", "ground": "public water, private banks", "likelihood": 3, "sources": 1, "notes": "Fish Creek Calcite, zeolites, quartz in road cut & debris Jasper, agate, petrified wood In river gravel across bridge See Gem Trails & Rockhounding OR", "access": "verify"}, "geometry": {"type": "Point", "coordinates": [-122.1499, 45.1605]}}, {"type": "Feature", "properties": {"id": "rhc2099b5993", "name": "Fallen Tree", "_cat": "thunderegg", "_grp": "gem", "_src": "rh", "stone": "Thundereggs", "all stones": "Thundereggs", "region": "Central Oregon", "ground": "private \u2014 do not enter", "likelihood": 1, "sources": 1, "notes": "Fallen Tree Thundereggs Private Claim (2014) | OreRockOn: Harvey Gap Thundereggs AKA Hash Rock Pits below Rd. 33", "access": "verify"}, "geometry": {"type": "Point", "coordinates": [-120.6168, 44.4735]}}, {"type": "Feature", "properties": {"id": "rh9c22008aeb", "name": "Friend Green", "_cat": "agate", "_grp": "gem", "_src": "rh", "stone": "Agate", "all stones": "Agate", "region": "Central Oregon", "ground": "unverified", "likelihood": 3, "sources": 1, "notes": "Friend Green Moss Agate | OreRockOn: Little Trout Agate", "access": "verify"}, "geometry": {"type": "Point", "coordinates": [-120.6971, 44.7786]}}, {"type": "Feature", "properties": {"id": "rhb366dc5b7a", "name": "Friend", "_cat": "thunderegg", "_grp": "gem", "_src": "rh", "stone": "Thundereggs", "all stones": "Thundereggs", "region": "Central Oregon", "ground": "unverified", "likelihood": 3, "sources": 1, "notes": "Friend Thundereggs See Madras Pow-wow for trips", "access": "verify"}, "geometry": {"type": "Point", "coordinates": [-120.7881, 44.7718]}}, {"type": "Feature", "properties": {"id": "rh2f42080777", "name": "Friend Ranch", "_cat": "wood", "_grp": "gem", "_src": "rh", "stone": "Petrified wood", "all stones": "Petrified wood", "region": "Central Oregon", "ground": "private \u2014 do not enter", "likelihood": 1, "sources": 1, "notes": "Friend Ranch Wood", "access": "verify"}, "geometry": {"type": "Point", "coordinates": [-120.7311, 44.7804]}}, {"type": "Feature", "properties": {"id": "rh089ecf492d", "name": "Red", "_cat": "agate", "_grp": "gem", "_src": "rh", "stone": "Agate", "all stones": "Agate", "region": "SE / Owyhee", "ground": "unverified", "likelihood": 2, "sources": 1, "notes": "Red Moss Agate (not located)", "access": "verify"}, "geometry": {"type": "Point", "coordinates": [-117.038, 43.5314]}}, {"type": "Feature", "properties": {"id": "rha74138ed61", "name": "Plume Agate", "_cat": "agate", "_grp": "gem", "_src": "rh", "stone": "Agate", "all stones": "Agate", "region": "SE / Owyhee", "ground": "unverified", "likelihood": 3, "sources": 1, "notes": "Plume Agate | OreRockOn: Red Moss Agate", "access": "verify"}, "geometry": {"type": "Point", "coordinates": [-117.079, 43.5694]}}, {"type": "Feature", "properties": {"id": "rhc3ec9bfdda", "name": "Tube", "_cat": "agate", "_grp": "gem", "_src": "rh", "stone": "Agate", "all stones": "Agate", "region": "SE / Owyhee", "ground": "unverified", "likelihood": 3, "sources": 1, "notes": "Tube Agate | OreRockOn: Plume Agate? (not located) | OreRockOn: Old White plume Agate | OreRockOn: Northridge (Graveyard Point) Plume Agate Schultz (active 2014) | OreRockOn: Green & red moss agate On road and slope See Rockhounding ID & OR", "access": "verify"}, "geometry": {"type": "Point", "coordinates": [-117.063, 43.5529]}}, {"type": "Feature", "properties": {"id": "rhaa1d4bdcae", "name": "Agate pit in the road", "_cat": "agate", "_grp": "gem", "_src": "rh", "stone": "Agate", "all stones": "Agate", "region": "SE / Owyhee", "ground": "unverified", "likelihood": 4, "sources": 1, "notes": "Agate pit in the road (not located) | OreRockOn: Red Moss Agate area ( not located)", "access": "verify"}, "geometry": {"type": "Point", "coordinates": [-117.031, 43.5397]}}, {"type": "Feature", "properties": {"id": "rha23ae9d34d", "name": "Grey & red", "_cat": "agate", "_grp": "gem", "_src": "rh", "stone": "Agate", "all stones": "Agate", "region": "SE / Owyhee", "ground": "unverified", "likelihood": 4, "sources": 1, "notes": "Grey & red agate(?) in tailings", "access": "verify"}, "geometry": {"type": "Point", "coordinates": [-118.061, 42.0319]}}, {"type": "Feature", "properties": {"id": "rhef880bb9b6", "name": "Green", "_cat": "limbcast", "_grp": "gem", "_src": "rh", "stone": "Limb casts", "all stones": "Limb casts", "region": "Central Oregon", "ground": "unverified", "likelihood": 2, "sources": 2, "notes": "Green Limbs Uphill from road See Gem Trails & Rockhounding OR | OreRockOn: Lots of scrapes and pits - pink limbs | OreRockOn: Pink Limb Area Camp", "access": "verify"}, "geometry": {"type": "Point", "coordinates": [-120.0231, 44.0512]}}, {"type": "Feature", "properties": {"id": "rh524e87e960", "name": "Green", "_cat": "limbcast", "_grp": "gem", "_src": "rh", "stone": "Limb casts", "all stones": "Limb casts", "region": "Central Oregon", "ground": "unverified", "likelihood": 3, "sources": 1, "notes": "Green limbs in pyroclast concrete | OreRockOn: Large scrape - pink limbs", "access": "verify"}, "geometry": {"type": "Point", "coordinates": [-120.0321, 44.0413]}}, {"type": "Feature", "properties": {"id": "rh0af15e78cc", "name": "Green", "_cat": "agate", "_grp": "gem", "_src": "rh", "stone": "Agate", "all stones": "Agate", "region": "SE / Owyhee", "ground": "unverified", "likelihood": 3, "sources": 1, "notes": "Green Moss Agate (not located)", "access": "verify"}, "geometry": {"type": "Point", "coordinates": [-117.048, 43.515]}}, {"type": "Feature", "properties": {"id": "rhfb8e5b7890", "name": "Float in wash", "_cat": "obsidian", "_grp": "gem", "_src": "rh", "stone": "Obsidian", "all stones": "Obsidian", "region": "Central Oregon", "ground": "public water, private banks", "likelihood": 3, "sources": 1, "notes": "Float in wash | OreRockOn: Gold Sheen Obsidian", "access": "verify"}, "geometry": {"type": "Point", "coordinates": [-119.9971, 43.5735]}}, {"type": "Feature", "properties": {"id": "rhf41f1225e9", "name": "Green/Green Sheen", "_cat": "obsidian", "_grp": "gem", "_src": "rh", "stone": "Obsidian", "all stones": "Obsidian", "region": "Central Oregon", "ground": "unverified", "likelihood": 3, "sources": 1, "notes": "Green/Green Sheen Obsidian | OreRockOn: Gold Sheen Obsidian", "access": "verify"}, "geometry": {"type": "Point", "coordinates": [-119.9971, 43.5455]}}, {"type": "Feature", "properties": {"id": "rh55d28d1931", "name": "Gold Sheen/Mahogany Obsidian See Rockhound", "_cat": "obsidian", "_grp": "gem", "_src": "rh", "stone": "Obsidian", "all stones": "Obsidian", "region": "Central Oregon", "ground": "unverified", "likelihood": 4, "sources": 1, "notes": "Gold Sheen/Mahogany Obsidian See Rockhounding OR | OreRockOn: Gold sheen \"Crazy\" | OreRockOn: Obsidian Pit Type unknown | OreRockOn: Silver Sheen Obsidian | OreRockOn: Opaque black banded obsidian Here to OPAQU1 | OreRockOn: Opaque banded obsidian Here to OAPQUE", "access": "verify"}, "geometry": {"type": "Point", "coordinates": [-119.9921, 43.5524]}}, {"type": "Feature", "properties": {"id": "rh59010f573f", "name": "Haystack Rock Jasp", "_cat": "agate", "_grp": "gem", "_src": "rh", "stone": "Agate", "all stones": "Agate", "region": "SE / Owyhee", "ground": "public water, private banks", "likelihood": 3, "sources": 1, "notes": "Haystack Rock Jasp-agate in washes & gullies on road up steep hill and in pits at top High Clearance 4WD ONLY! See Gem Trails & Rockhounding OR", "access": "verify"}, "geometry": {"type": "Point", "coordinates": [-117.2458, 43.7149]}}, {"type": "Feature", "properties": {"id": "rha7513c6813", "name": "Turn to Site A", "_cat": "obsidian", "_grp": "gem", "_src": "rh", "stone": "Obsidian", "all stones": "Obsidian", "region": "Eastern Oregon", "ground": "public water, private banks", "likelihood": 3, "sources": 1, "notes": "Turn to Site A | OreRockOn: Burns Green, rainbow obsidian in float", "access": "verify"}, "geometry": {"type": "Point", "coordinates": [-119.1607, 43.5821]}}, {"type": "Feature", "properties": {"id": "rh12d0ff8fe3", "name": "Turn to Sites B, C, D", "_cat": "obsidian", "_grp": "gem", "_src": "rh", "stone": "Obsidian", "all stones": "Obsidian", "region": "Eastern Oregon", "ground": "public water, private banks", "likelihood": 3, "sources": 1, "notes": "Turn to Sites B, C, D | OreRockOn: Burns Obsidian along road See Gem Trails of OR Green, opaque black float", "access": "verify"}, "geometry": {"type": "Point", "coordinates": [-119.1542, 43.5764]}}, {"type": "Feature", "properties": {"id": "rh984bea1ef6", "name": "Some small green", "_cat": "wood", "_grp": "gem", "_src": "rh", "stone": "Petrified wood", "all stones": "Petrified wood", "region": "Central Oregon", "ground": "public water, private banks", "likelihood": 2, "sources": 1, "notes": "Some small green wood in wash", "access": "verify"}, "geometry": {"type": "Point", "coordinates": [-120.2697, 43.861]}}, {"type": "Feature", "properties": {"id": "rhf6b4357e84", "name": "Holley Blue", "_cat": "agate", "_grp": "gem", "_src": "rh", "stone": "Agate", "all stones": "Agate", "region": "Willamette / Cascades", "ground": "unverified", "likelihood": 3, "sources": 1, "notes": "Holley Blue agate SITE CLOSED Here for reference", "access": "verify"}, "geometry": {"type": "Point", "coordinates": [-122.8373, 44.3853]}}, {"type": "Feature", "properties": {"id": "rhadb6add185", "name": "Lolo Pass", "_cat": "wood", "_grp": "gem", "_src": "rh", "stone": "Petrified wood", "all stones": "Petrified wood", "region": "Willamette / Cascades", "ground": "unverified", "likelihood": 2, "sources": 1, "notes": "Lolo Pass Petrified wood Streams and roadcuts this area See Rockhounding OR", "access": "verify"}, "geometry": {"type": "Point", "coordinates": [-121.8354, 45.4167]}}, {"type": "Feature", "properties": {"id": "rhe81d7a0a99", "name": "Mahogany Obsidian", "_cat": "obsidian", "_grp": "gem", "_src": "rh", "stone": "Obsidian", "all stones": "Obsidian", "region": "Central Oregon", "ground": "unverified", "likelihood": 2, "sources": 1, "notes": "Mahogany Obsidian", "access": "verify"}, "geometry": {"type": "Point", "coordinates": [-119.9831, 43.5605]}}, {"type": "Feature", "properties": {"id": "rh5ddd1e7fd4", "name": "Mahogany in road Shortcut to", "_cat": "obsidian", "_grp": "gem", "_src": "rh", "stone": "Obsidian", "all stones": "Obsidian", "region": "Central Oregon", "ground": "unverified", "likelihood": 3, "sources": 1, "notes": "Mahogany in road Shortcut to the purple pits is a narty road! | OreRockOn: Mahogany obsidian & other varieties Tons on the ground Here to MAHOG4", "access": "verify"}, "geometry": {"type": "Point", "coordinates": [-119.9786, 43.5319]}}, {"type": "Feature", "properties": {"id": "rh2c5c104217", "name": "Marston", "_cat": "agate", "_grp": "gem", "_src": "rh", "stone": "Agate", "all stones": "Agate; Jasper", "region": "Central Oregon", "ground": "unverified", "likelihood": 2, "sources": 1, "notes": "Marston Agate & Jasper", "access": "verify"}, "geometry": {"type": "Point", "coordinates": [-120.7391, 44.6942]}}, {"type": "Feature", "properties": {"id": "rh33aa5cbf63", "name": "McDonald Ranch Green Eggs 'n' Ham Green", "_cat": "opal", "_grp": "gem", "_src": "rh", "stone": "Opal", "all stones": "Opal; Thundereggs; Agate", "region": "Central Oregon", "ground": "private \u2014 do not enter", "likelihood": 1, "sources": 1, "notes": "McDonald Ranch Green Eggs 'n' Ham Green Opal Thundereggs | OreRockOn: McDonald Ranch Angelwing/Tube Agate", "access": "verify"}, "geometry": {"type": "Point", "coordinates": [-120.8014, 44.7026]}}, {"type": "Feature", "properties": {"id": "rh821d61ed46", "name": "McDonald Ranch Jasp", "_cat": "agate", "_grp": "gem", "_src": "rh", "stone": "Agate", "all stones": "Agate", "region": "Central Oregon", "ground": "private \u2014 do not enter", "likelihood": 1, "sources": 1, "notes": "McDonald Ranch Jasp-Agate Pit", "access": "verify"}, "geometry": {"type": "Point", "coordinates": [-120.8372, 44.7113]}}, {"type": "Feature", "properties": {"id": "rh4e3fcee22d", "name": "McDonald Ranch", "_cat": "thunderegg", "_grp": "gem", "_src": "rh", "stone": "Thundereggs", "all stones": "Thundereggs", "region": "Central Oregon", "ground": "private \u2014 do not enter", "likelihood": 1, "sources": 1, "notes": "McDonald Ranch Thundereggs Probably nothing here now", "access": "verify"}, "geometry": {"type": "Point", "coordinates": [-120.8632, 44.7078]}}, {"type": "Feature", "properties": {"id": "rhc7a05b7c9e", "name": "McDonald Ranch", "_cat": "wood", "_grp": "gem", "_src": "rh", "stone": "Petrified wood", "all stones": "Petrified wood", "region": "Central Oregon", "ground": "private \u2014 do not enter", "likelihood": 1, "sources": 1, "notes": "McDonald Ranch Wood", "access": "verify"}, "geometry": {"type": "Point", "coordinates": [-120.8011, 44.7117]}}, {"type": "Feature", "properties": {"id": "rha141060379", "name": "McDermitt", "_cat": "limbcast", "_grp": "gem", "_src": "rh", "stone": "Limb casts", "all stones": "Limb casts; Petrified wood", "region": "SE / Owyhee", "ground": "unverified", "likelihood": 2, "sources": 1, "notes": "McDermitt Wood & Limbs", "access": "verify"}, "geometry": {"type": "Point", "coordinates": [-117.898, 42.0185]}}, {"type": "Feature", "properties": {"id": "rh33ae3c13b3", "name": "McDermitt", "_cat": "limbcast", "_grp": "gem", "_src": "rh", "stone": "Limb casts", "all stones": "Limb casts; Petrified wood", "region": "SE / Owyhee", "ground": "unverified", "likelihood": 2, "sources": 1, "notes": "McDermitt Wood & Limbs | OreRockOn: Old Airstrip Best camping area!", "access": "verify"}, "geometry": {"type": "Point", "coordinates": [-117.91, 42.0231]}}, {"type": "Feature", "properties": {"id": "rhf0380eb4a4", "name": "Red", "_cat": "limbcast", "_grp": "gem", "_src": "rh", "stone": "Limb casts", "all stones": "Limb casts", "region": "SE / Owyhee", "ground": "private \u2014 do not enter", "likelihood": 1, "sources": 1, "notes": "Red Limbs & logs | OreRockOn: Turner Ranch Red Limbs & logs", "access": "verify"}, "geometry": {"type": "Point", "coordinates": [-118.145, 42.0109]}}, {"type": "Feature", "properties": {"id": "rh510ef5c5bc", "name": "McDermitt", "_cat": "opal", "_grp": "gem", "_src": "rh", "stone": "Opal", "all stones": "Opal; Cinnabar (agate indicator); Limb casts; Petrified wood; Jasper", "region": "SE / Owyhee", "ground": "private \u2014 do not enter", "likelihood": 1, "sources": 1, "notes": "McDermitt wood area Leaves, bark, & limbs - could not locate!) But other people have... | OreRockOn: \"Myrickite\" (opalite w/ cinnabar) Loc. exact | OreRockOn: Gary Green Jasper Private property Ask at Caldera Rock Shop in McDermitt", "access": "verify"}, "geometry": {"type": "Point", "coordinates": [-118.0423, 42.0551]}}, {"type": "Feature", "properties": {"id": "rha9b09f5f5d", "name": "Mack's Canyon", "_cat": "wood", "_grp": "gem", "_src": "rh", "stone": "Petrified wood", "all stones": "Petrified wood", "region": "Central Oregon", "ground": "unverified", "likelihood": 2, "sources": 1, "notes": "Mack's Canyon Petrified Wood", "access": "verify"}, "geometry": {"type": "Point", "coordinates": [-120.8612, 45.3763]}}, {"type": "Feature", "properties": {"id": "rhada739f1d6", "name": "Midnite Lace Double/Triple Flow", "_cat": "obsidian", "_grp": "gem", "_src": "rh", "stone": "Obsidian", "all stones": "Obsidian; Jasper", "region": "Central Oregon", "ground": "unverified", "likelihood": 4, "sources": 1, "notes": "Midnite Lace Double/Triple Flow Leopardskin Gold Sheen Obsidian See Gem Trails & Rockhounding OR | OreRockOn: \"Tri-flow & Lizardskin\" Loc. approx.", "access": "verify"}, "geometry": {"type": "Point", "coordinates": [-119.9763, 43.549]}}, {"type": "Feature", "properties": {"id": "rhfe64b2a1f9", "name": "Priday Moss", "_cat": "thunderegg", "_grp": "gem", "_src": "rh", "stone": "Thundereggs", "all stones": "Thundereggs", "region": "Central Oregon", "ground": "private \u2014 do not enter", "likelihood": 1, "sources": 2, "notes": "Priday Moss Thundereggs", "access": "verify", "status": "closed"}, "geometry": {"type": "Point", "coordinates": [-120.9109, 44.7477]}}, {"type": "Feature", "properties": {"id": "rh06488ed72c", "name": "Negro Rock", "_cat": "wood", "_grp": "gem", "_src": "rh", "stone": "Petrified wood", "all stones": "Petrified wood", "region": "SE / Owyhee", "ground": "unverified", "likelihood": 2, "sources": 1, "notes": "Negro Rock petrified wood here & to SE (general area) See Gem Trails & Rockhounding OR", "access": "verify"}, "geometry": {"type": "Point", "coordinates": [-117.3931, 43.6963]}}, {"type": "Feature", "properties": {"id": "rh5c6014d874", "name": "Burns Green, opaque black", "_cat": "obsidian", "_grp": "gem", "_src": "rh", "stone": "Obsidian", "all stones": "Obsidian", "region": "Eastern Oregon", "ground": "public water, private banks", "likelihood": 3, "sources": 1, "notes": "Burns Green, opaque black obsidian in float", "access": "verify"}, "geometry": {"type": "Point", "coordinates": [-119.1437, 43.58]}}, {"type": "Feature", "properties": {"id": "rhcf2c35c275", "name": "Burns", "_cat": "obsidian", "_grp": "gem", "_src": "rh", "stone": "Obsidian", "all stones": "Obsidian", "region": "Eastern Oregon", "ground": "confirmed public", "likelihood": 4, "sources": 1, "notes": "Burns Obsidian in wash Black, some sheen | OreRockOn: Road closed in winter! Call Burns BLM Office first", "access": "verify"}, "geometry": {"type": "Point", "coordinates": [-119.113, 43.6077]}}, {"type": "Feature", "properties": {"id": "rh1d423a6eb4", "name": "Light blue/clear/green", "_cat": "agate", "_grp": "gem", "_src": "rh", "stone": "Agate", "all stones": "Agate", "region": "Central Oregon", "ground": "unverified", "likelihood": 2, "sources": 1, "notes": "Light blue/clear/green moss agate in roadcut & surrounding area See Rockhounding OR", "access": "verify"}, "geometry": {"type": "Point", "coordinates": [-120.4905, 44.5327]}}, {"type": "Feature", "properties": {"id": "rh339bd07556", "name": "Ochoco", "_cat": "thunderegg", "_grp": "gem", "_src": "rh", "stone": "Thundereggs", "all stones": "Thundereggs; Agate; Jasper", "region": "Central Oregon", "ground": "private \u2014 do not enter", "likelihood": 2, "sources": 1, "notes": "Ochoco Agate Bed Thundereggs Mt. Hood RC Claim Permission needed! Contact Me! | OreRockOn: Viewpoint mine - thundereggs Filled in but eggs have been found | OreRockOn: Jasper thunderggs In old pits | OreRockOn: Ochoco Agate eggs New pit on road Permission needed!", "access": "verify"}, "geometry": {"type": "Point", "coordinates": [-120.4574, 44.4995]}}, {"type": "Feature", "properties": {"id": "rh5471e74de6", "name": "Ona Beach", "_cat": "agate", "_grp": "gem", "_src": "rh", "stone": "Agate", "all stones": "Agate; Fossils", "region": "Oregon Coast", "ground": "public water, private banks", "likelihood": 3, "sources": 3, "notes": "Ona Beach agates | OreRockOn: Ona Beach Marine fossils Loc. approx.", "access": "verify", "status": "dud"}, "geometry": {"type": "Point", "coordinates": [-124.0752, 44.5311]}}, {"type": "Feature", "properties": {"id": "rhd837e8bb58", "name": "Priday", "_cat": "opal", "_grp": "gem", "_src": "rh", "stone": "Opal", "all stones": "Opal; Thundereggs", "region": "Central Oregon", "ground": "private \u2014 do not enter", "likelihood": 1, "sources": 2, "notes": "Priday Opal Thundereggs", "access": "verify", "status": "closed"}, "geometry": {"type": "Point", "coordinates": [-120.9042, 44.7272]}}, {"type": "Feature", "properties": {"id": "rh5e3bee5a4f", "name": "Opal Butte Thundereggs Timber Co", "_cat": "opal", "_grp": "gem", "_src": "rh", "stone": "Opal", "all stones": "Opal; Thundereggs", "region": "Central Oregon", "ground": "unverified", "likelihood": 4, "sources": 2, "notes": "Opal Butte Thundereggs Timber Co. land (it has changed hands at least twice) The is (was) a hunting/flshing club that has access.", "access": "verify"}, "geometry": {"type": "Point", "coordinates": [-119.6241, 45.0367]}}, {"type": "Feature", "properties": {"id": "rh0a6161600d", "name": "Opalite", "_cat": "opal", "_grp": "gem", "_src": "rh", "stone": "Opal", "all stones": "Opal", "region": "Central Oregon", "ground": "unverified", "likelihood": 2, "sources": 1, "notes": "Opalite", "access": "verify"}, "geometry": {"type": "Point", "coordinates": [-119.953, 43.5451]}}, {"type": "Feature", "properties": {"id": "rhc755c4e5de", "name": "Lots of pink", "_cat": "limbcast", "_grp": "gem", "_src": "rh", "stone": "Limb casts", "all stones": "Limb casts", "region": "Central Oregon", "ground": "unverified", "likelihood": 2, "sources": 1, "notes": "Lots of pink limbs", "access": "verify"}, "geometry": {"type": "Point", "coordinates": [-120.0291, 44.0305]}}, {"type": "Feature", "properties": {"id": "rh237cc21f6f", "name": "Scrapes", "_cat": "limbcast", "_grp": "gem", "_src": "rh", "stone": "Limb casts", "all stones": "Limb casts", "region": "Central Oregon", "ground": "unverified", "likelihood": 2, "sources": 1, "notes": "Scrapes - limbs?", "access": "verify"}, "geometry": {"type": "Point", "coordinates": [-120.0361, 44.0213]}}, {"type": "Feature", "properties": {"id": "rh8b829749fe", "name": "Pink", "_cat": "limbcast", "_grp": "gem", "_src": "rh", "stone": "Limb casts", "all stones": "Limb casts", "region": "Central Oregon", "ground": "unverified", "likelihood": 2, "sources": 1, "notes": "Pink limbs", "access": "verify"}, "geometry": {"type": "Point", "coordinates": [-119.9921, 44.0579]}}, {"type": "Feature", "properties": {"id": "rha9e67dfe64", "name": "Pony Creek", "_cat": "thunderegg", "_grp": "gem", "_src": "rh", "stone": "Thundereggs", "all stones": "Thundereggs", "region": "Central Oregon", "ground": "public water, private banks", "likelihood": 3, "sources": 1, "notes": "Pony Creek Thundereggs See Madras Pow-wow for trips", "access": "verify"}, "geometry": {"type": "Point", "coordinates": [-120.8572, 44.779]}}, {"type": "Feature", "properties": {"id": "rh9892c5bced", "name": "Purple Sage (hole in the wall", "_cat": "agate", "_grp": "gem", "_src": "rh", "stone": "Agate", "all stones": "Agate", "region": "SE / Owyhee", "ground": "private \u2014 do not enter", "likelihood": 2, "sources": 1, "notes": "Purple Sage (hole in the wall) Plume Agate | OreRockOn: Purple Sage #3 NOT a claim Plume Agate See Rockhounding Oregon & Idaho | OreRockOn: Regency Rose Red Plume Agate Pit filled in | OreRockOn: Graveyard Point Plume Agate Boise Rock & Gem Club Claim Permission needed! | OreRockOn: More agate See Rockhounding OR", "access": "verify"}, "geometry": {"type": "Point", "coordinates": [-117.053, 43.5442]}}, {"type": "Feature", "properties": {"id": "rh6885547fc9", "name": "Rainbow/Purple Sheen", "_cat": "obsidian", "_grp": "gem", "_src": "rh", "stone": "Obsidian", "all stones": "Obsidian", "region": "Central Oregon", "ground": "unverified", "likelihood": 3, "sources": 1, "notes": "Rainbow/Purple Sheen Obsidian See Gem Trails & Rockhounding OR | OreRockOn: Pumpkin Obsidian \"Tomato Soup\" Some sheen", "access": "verify"}, "geometry": {"type": "Point", "coordinates": [-119.9893, 43.5236]}}, {"type": "Feature", "properties": {"id": "rhe462f43db5", "name": "Purple, Gunmetal & Silver sheen See Gem Tr", "_cat": "obsidian", "_grp": "gem", "_src": "rh", "stone": "Obsidian", "all stones": "Obsidian", "region": "Central Oregon", "ground": "unverified", "likelihood": 3, "sources": 1, "notes": "Purple, Gunmetal & Silver sheen See Gem Trails & Rockhounding OR", "access": "verify"}, "geometry": {"type": "Point", "coordinates": [-119.9783, 43.5696]}}, {"type": "Feature", "properties": {"id": "rhf329b5dbaa", "name": "Queen's Pt", "_cat": "opal", "_grp": "gem", "_src": "rh", "stone": "Opal", "all stones": "Opal; Thundereggs; Agate; Petrified wood; Jasper", "region": "Central Oregon", "ground": "public water, private banks", "likelihood": 4, "sources": 1, "notes": "Queen's Pt. Thundereggs Old pit - tailings only | OreRockOn: King Spring Jasper, opal, agate & jasper eggs, banded/orbicular rhyolite in float uphill of road, petrified wood at top of ridge | OreRockOn: Park here | OreRockOn: Queen's Point More thundereggs", "access": "verify"}, "geometry": {"type": "Point", "coordinates": [-120.5784, 44.4091]}}, {"type": "Feature", "properties": {"id": "rh5a518bc346", "name": "Priday Red", "_cat": "thunderegg", "_grp": "gem", "_src": "rh", "stone": "Thundereggs", "all stones": "Thundereggs", "region": "Central Oregon", "ground": "private \u2014 do not enter", "likelihood": 1, "sources": 2, "notes": "Priday Red Thundereggs", "access": "verify", "status": "closed"}, "geometry": {"type": "Point", "coordinates": [-120.9202, 44.7422]}}, {"type": "Feature", "properties": {"id": "rh5754d80a74", "name": "Red", "_cat": "wood", "_grp": "gem", "_src": "rh", "stone": "Petrified wood", "all stones": "Petrified wood", "region": "SE / Owyhee", "ground": "unverified", "likelihood": 2, "sources": 1, "notes": "Red bog wood area", "access": "verify"}, "geometry": {"type": "Point", "coordinates": [-117.09, 43.3744]}}, {"type": "Feature", "properties": {"id": "rhae134ffe66", "name": "Red/Black", "_cat": "obsidian", "_grp": "gem", "_src": "rh", "stone": "Obsidian", "all stones": "Obsidian", "region": "Central Oregon", "ground": "unverified", "likelihood": 4, "sources": 1, "notes": "Red/Black Obsidian (old pit) See Rockhounding OR", "access": "verify"}, "geometry": {"type": "Point", "coordinates": [-120.0011, 43.5144]}}, {"type": "Feature", "properties": {"id": "rh8273cab8f5", "name": "Rogers Mountain", "_cat": "wood", "_grp": "gem", "_src": "rh", "stone": "Petrified wood", "all stones": "Petrified wood", "region": "Willamette / Cascades", "ground": "unverified", "likelihood": 3, "sources": 1, "notes": "Rogers Mountain wood Road may be gated & signed", "access": "verify"}, "geometry": {"type": "Point", "coordinates": [-122.7352, 44.6626]}}, {"type": "Feature", "properties": {"id": "rh94ce348454", "name": "McDermitt", "_cat": "sagenite", "_grp": "gem", "_src": "rh", "stone": "Sagenite agate", "all stones": "Sagenite agate; Agate", "region": "SE / Owyhee", "ground": "unverified", "likelihood": 2, "sources": 2, "notes": "McDermitt Sagenite", "access": "verify"}, "geometry": {"type": "Point", "coordinates": [-117.8684, 42.0144]}}, {"type": "Feature", "properties": {"id": "rh3cbaa240f2", "name": "Sheep Creek", "_cat": "agate", "_grp": "gem", "_src": "rh", "stone": "Agate", "all stones": "Agate", "region": "Central Oregon", "ground": "private \u2014 do not enter", "likelihood": 1, "sources": 1, "notes": "Sheep Creek Plume Agate Now part of Les Schwab Ranch Permission needed! (loc approx.!)", "access": "verify"}, "geometry": {"type": "Point", "coordinates": [-120.4612, 44.2833]}}, {"type": "Feature", "properties": {"id": "rh7dc93aac8c", "name": "Snakeskin", "_cat": "agate", "_grp": "gem", "_src": "rh", "stone": "Agate", "all stones": "Agate", "region": "SE / Owyhee", "ground": "unverified", "likelihood": 3, "sources": 1, "notes": "Snakeskin Agate Here & to east See Rockhounding OR", "access": "verify"}, "geometry": {"type": "Point", "coordinates": [-117.7317, 42.7593]}}, {"type": "Feature", "properties": {"id": "rhd23c04fd2d", "name": "Gem Trails Stinkingwater", "_cat": "wood", "_grp": "gem", "_src": "rh", "stone": "Petrified wood", "all stones": "Petrified wood", "region": "Eastern Oregon", "ground": "unverified", "likelihood": 2, "sources": 2, "notes": "Gem Trails Stinkingwater wood area", "access": "verify"}, "geometry": {"type": "Point", "coordinates": [-118.475, 43.6581]}}, {"type": "Feature", "properties": {"id": "rhb2f496bc7f", "name": "Stringer", "_cat": "thunderegg", "_grp": "gem", "_src": "rh", "stone": "Thundereggs", "all stones": "Thundereggs", "region": "Central Oregon", "ground": "unverified", "likelihood": 4, "sources": 3, "notes": "Stringer Thundereggs See Gem Trails of OR | OreRockOn: White Fir Spring Thundereggs | OreRockOn: Old pits past end of road to spring, good water! | OreRockOn: Mudball Bed Thundereggs Lots of duds, dig in the dirt", "access": "verify"}, "geometry": {"type": "Point", "coordinates": [-120.5521, 44.4072]}}, {"type": "Feature", "properties": {"id": "rh4ef1e62b0d", "name": "Teepee Mine", "_cat": "agate", "_grp": "gem", "_src": "rh", "stone": "Agate", "all stones": "Agate", "region": "SE / Owyhee", "ground": "unverified", "likelihood": 4, "sources": 1, "notes": "Teepee Mine Plume & moss agate See Rockhounding Idaho", "access": "verify"}, "geometry": {"type": "Point", "coordinates": [-117.037, 43.5497]}}, {"type": "Feature", "properties": {"id": "rh064cc147d4", "name": "Thistle Creek", "_cat": "sagenite", "_grp": "gem", "_src": "rh", "stone": "Sagenite agate", "all stones": "Sagenite agate; Thundereggs; Agate", "region": "Willamette / Cascades", "ground": "public water, private banks", "likelihood": 4, "sources": 1, "notes": "Thistle Creek geodes, sagenite, agate Above quarry", "access": "verify"}, "geometry": {"type": "Point", "coordinates": [-122.5402, 44.5036]}}, {"type": "Feature", "properties": {"id": "rh214dee9d4f", "name": "Tygh Valley", "_cat": "opal", "_grp": "gem", "_src": "rh", "stone": "Opal", "all stones": "Opal", "region": "Central Oregon", "ground": "unverified", "likelihood": 2, "sources": 1, "notes": "Tygh Valley opal", "access": "verify"}, "geometry": {"type": "Point", "coordinates": [-121.1649, 45.2985]}}, {"type": "Feature", "properties": {"id": "rhf4670bdc26", "name": "Valley View Mine", "_cat": "thunderegg", "_grp": "gem", "_src": "rh", "stone": "Thundereggs", "all stones": "Thundereggs", "region": "Central Oregon", "ground": "private \u2014 do not enter", "likelihood": 2, "sources": 1, "notes": "Valley View Mine Thundereggs Private - ask at Lucky Strike", "access": "verify"}, "geometry": {"type": "Point", "coordinates": [-120.4621, 44.5087]}}, {"type": "Feature", "properties": {"id": "rh2ead23d9dc", "name": "Wascoite jasp", "_cat": "agate", "_grp": "gem", "_src": "rh", "stone": "Agate", "all stones": "Agate", "region": "Columbia Gorge", "ground": "unverified", "likelihood": 2, "sources": 1, "notes": "Wascoite jasp-agate", "access": "verify"}, "geometry": {"type": "Point", "coordinates": [-120.7402, 45.6464]}}, {"type": "Feature", "properties": {"id": "rhc12e307513", "name": "Hancock nut beds No collecting For tour ca", "_cat": "wood", "_grp": "gem", "_src": "rh", "stone": "Petrified wood", "all stones": "Petrified wood", "region": "Central Oregon", "ground": "unverified", "likelihood": 4, "sources": 1, "notes": "Hancock nut beds No collecting For tour call 503 763-4691 | OreRockOn: Hancock mammal quarry No collecting For tour call 503 763-4691 | OreRockOn: Hancock Ginko wood", "access": "verify"}, "geometry": {"type": "Point", "coordinates": [-120.4327, 44.9233]}}, {"type": "Feature", "properties": {"id": "rhfb5d41dc31", "name": "Apache tears", "_cat": "obsidian", "_grp": "gem", "_src": "rh", "stone": "Obsidian", "all stones": "Obsidian; Agate; Petrified wood; Jasper", "region": "SE / Owyhee", "ground": "unverified", "likelihood": 3, "sources": 1, "notes": "Apache tears | OreRockOn: Apache tears See Gem Trails of OR | OreRockOn: Apache Tears, agate, jasper, petrified wood, etc. See Gem Trails & Rockhounding OR", "access": "verify"}, "geometry": {"type": "Point", "coordinates": [-117.7327, 42.7882]}}, {"type": "Feature", "properties": {"id": "rh28f34996f3", "name": "Snakeskin", "_cat": "agate", "_grp": "gem", "_src": "rh", "stone": "Agate", "all stones": "Agate", "region": "SE / Owyhee", "ground": "unverified", "likelihood": 2, "sources": 1, "notes": "Snakeskin agate area", "access": "verify"}, "geometry": {"type": "Point", "coordinates": [-117.747, 42.773]}}, {"type": "Feature", "properties": {"id": "rh4a30cbed23", "name": "Poor Quality", "_cat": "opal", "_grp": "gem", "_src": "rh", "stone": "Opal", "all stones": "Opal", "region": "Central Oregon", "ground": "unverified", "likelihood": 3, "sources": 2, "notes": "Poor Quality opalite pits (unconfirmed!)", "access": "verify"}, "geometry": {"type": "Point", "coordinates": [-120.2592, 43.8584]}}, {"type": "Feature", "properties": {"id": "rh768679f507", "name": "Metasequoia Creek", "_cat": "wood", "_grp": "gem", "_src": "rh", "stone": "Petrified wood", "all stones": "Petrified wood; Fossils", "region": "Columbia Gorge", "ground": "public water, private banks", "likelihood": 2, "sources": 1, "notes": "Metasequoia Creek Leaf fossils & pet. wood Between I-80 & RR tracks Hazardous area - I did not find anything", "access": "verify"}, "geometry": {"type": "Point", "coordinates": [-121.9845, 45.621]}}, {"type": "Feature", "properties": {"id": "rhcb4beb31c7", "name": "Cape Arago", "_cat": "wood", "_grp": "gem", "_src": "rh", "stone": "Petrified wood", "all stones": "Petrified wood; Fossils", "region": "Oregon Coast", "ground": "confirmed public", "likelihood": 4, "sources": 1, "notes": "Cape Arago marine fossils State Park | OreRockOn: Middle Cove Petrified wood State Park Collect below high tide mark", "access": "verify"}, "geometry": {"type": "Point", "coordinates": [-124.4003, 43.3079]}}, {"type": "Feature", "properties": {"id": "rh8e21f13fca", "name": "marine fossils in roadcut", "_cat": "carnelian", "_grp": "gem", "_src": "rh", "stone": "Carnelian", "all stones": "Carnelian; Agate; Petrified wood; Jasper; Fossils", "region": "Southern Oregon", "ground": "public water, private banks", "likelihood": 3, "sources": 1, "notes": "marine fossils in roadcut | OreRockOn: Little River Marine fossils E bank above bridge loc. approx. | OreRockOn: Little River Teredo wood, carnelian, agate, jasper See Gem Trails of OR", "access": "verify"}, "geometry": {"type": "Point", "coordinates": [-123.1014, 43.2971]}}, {"type": "Feature", "properties": {"id": "rhe597dbb5b8", "name": "Petrified wood logs", "_cat": "wood", "_grp": "gem", "_src": "rh", "stone": "Petrified wood", "all stones": "Petrified wood", "region": "Southern Oregon", "ground": "unverified", "likelihood": 2, "sources": 1, "notes": "Petrified wood logs", "access": "verify"}, "geometry": {"type": "Point", "coordinates": [-122.4701, 43.294]}}, {"type": "Feature", "properties": {"id": "rh7fd29b510d", "name": "Calapooia River", "_cat": "wood", "_grp": "gem", "_src": "rh", "stone": "Petrified wood", "all stones": "Petrified wood", "region": "Willamette / Cascades", "ground": "public water, private banks", "likelihood": 3, "sources": 1, "notes": "Calapooia River Petrified wood in bank \u00bc mi. DS of old covered bridge on old RR tracks (loc unverified)", "access": "verify"}, "geometry": {"type": "Point", "coordinates": [-122.7329, 44.3208]}}, {"type": "Feature", "properties": {"id": "rh7e1138c0a1", "name": "Thundereggs E side river high", "_cat": "thunderegg", "_grp": "gem", "_src": "rh", "stone": "Thundereggs", "all stones": "Thundereggs", "region": "Central Oregon", "ground": "public water, private banks", "likelihood": 3, "sources": 1, "notes": "Thundereggs E side river high on canyon wall (loc unverified!)", "access": "verify"}, "geometry": {"type": "Point", "coordinates": [-121.1217, 45.081]}}, {"type": "Feature", "properties": {"id": "rhf2f2b02887", "name": "Tygh Ridge", "_cat": "wood", "_grp": "gem", "_src": "rh", "stone": "Petrified wood", "all stones": "Petrified wood", "region": "Central Oregon", "ground": "unverified", "likelihood": 3, "sources": 1, "notes": "Tygh Ridge petrified wood high on ridge 4-5 mi. E of Tygh Valley (loc VERY approx.)", "access": "verify"}, "geometry": {"type": "Point", "coordinates": [-121.1001, 45.2987]}}, {"type": "Feature", "properties": {"id": "rh831dd26875", "name": "Bear Creek", "_cat": "agate", "_grp": "gem", "_src": "rh", "stone": "Agate", "all stones": "Agate", "region": "Central Oregon", "ground": "confirmed public", "likelihood": 5, "sources": 1, "notes": "Bear Creek Agate Beds loc unverified! | OreRockOn: Bear Creek agate? 0.5 mi US & 0.5 mi W of camp on top of rimrock (loc unverified) | OreRockOn: BLM Prineville Reservoir Public Rockhounding Area For Agate & Moss Agate", "access": "verify"}, "geometry": {"type": "Point", "coordinates": [-120.7588, 44.08167]}}, {"type": "Feature", "properties": {"id": "rh59a45bab90", "name": "Bear Creek camp old camping area", "_cat": "agate", "_grp": "gem", "_src": "rh", "stone": "Agate", "all stones": "Agate", "region": "Central Oregon", "ground": "public water, private banks", "likelihood": 2, "sources": 2, "notes": "Bear Creek camp old camping area, loc unverified! | OreRockOn: Bear Creek agate? 0.25 mi up ravine from camping area (loc unverified)", "access": "verify"}, "geometry": {"type": "Point", "coordinates": [-120.7472, 44.0808]}}, {"type": "Feature", "properties": {"id": "rhd560612cb3", "name": "Bear Creek white", "_cat": "agate", "_grp": "gem", "_src": "rh", "stone": "Agate", "all stones": "Agate", "region": "Central Oregon", "ground": "public water, private banks", "likelihood": 4, "sources": 1, "notes": "Bear Creek white plume mine near top of ridge (loc unverified)", "access": "verify"}, "geometry": {"type": "Point", "coordinates": [-120.7651, 44.0933]}}, {"type": "Feature", "properties": {"id": "rh65c306ca0c", "name": "Silvies River", "_cat": "opal", "_grp": "gem", "_src": "rh", "stone": "Opal", "all stones": "Opal; Petrified wood", "region": "Eastern Oregon", "ground": "public water, private banks", "likelihood": 3, "sources": 1, "notes": "Silvies River opalized wood small dirt hill few hundered ft. S of road (loc approx!) (loc unverified)", "access": "verify"}, "geometry": {"type": "Point", "coordinates": [-119.0288, 43.8886]}}, {"type": "Feature", "properties": {"id": "rhdacf9e9589", "name": "China Creek", "_cat": "bloodstone", "_grp": "gem", "_src": "rh", "stone": "Bloodstone", "all stones": "Bloodstone; Jasper", "region": "Oregon Coast", "ground": "public water, private banks", "likelihood": 2, "sources": 1, "notes": "China Creek bloodstone", "access": "verify"}, "geometry": {"type": "Point", "coordinates": [-124.1061, 44.147]}}, {"type": "Feature", "properties": {"id": "rh6628348cc6", "name": "Jenny Creek", "_cat": "agate", "_grp": "gem", "_src": "rh", "stone": "Agate", "all stones": "Agate", "region": "Southern Oregon", "ground": "public water, private banks", "likelihood": 3, "sources": 1, "notes": "Jenny Creek agate in gravels \"near Pinehurst\" (loc VERY approx.!) agate in gravels", "access": "verify"}, "geometry": {"type": "Point", "coordinates": [-122.3561, 42.1261]}}, {"type": "Feature", "properties": {"id": "rh02670688d8", "name": "Big Cliff", "_cat": "agate", "_grp": "gem", "_src": "rh", "stone": "Agate", "all stones": "Agate; Jasper; Zeolite", "region": "Willamette / Cascades", "ground": "public water, private banks", "likelihood": 3, "sources": 1, "notes": "Big Cliff Zeolites & agate, jasper etc. in river See Rockhounding OR", "access": "verify"}, "geometry": {"type": "Point", "coordinates": [-122.2256, 45.2007]}}, {"type": "Feature", "properties": {"id": "rh6f6214c1d1", "name": "Crowley jasp", "_cat": "agate", "_grp": "gem", "_src": "rh", "stone": "Agate", "all stones": "Agate", "region": "SE / Owyhee", "ground": "unverified", "likelihood": 3, "sources": 1, "notes": "Crowley jasp-agate (loc approx.!)", "access": "verify"}, "geometry": {"type": "Point", "coordinates": [-117.9642, 43.3082]}}, {"type": "Feature", "properties": {"id": "rh3e6d135815", "name": "Crowley", "_cat": "thunderegg", "_grp": "gem", "_src": "rh", "stone": "Thundereggs", "all stones": "Thundereggs", "region": "SE / Owyhee", "ground": "unverified", "likelihood": 3, "sources": 1, "notes": "Crowley thundereggs (loc approx.!)", "access": "verify"}, "geometry": {"type": "Point", "coordinates": [-117.9736, 43.3007]}}, {"type": "Feature", "properties": {"id": "rhd9b0529eec", "name": "Crowley", "_cat": "agate", "_grp": "gem", "_src": "rh", "stone": "Agate", "all stones": "Agate", "region": "SE / Owyhee", "ground": "unverified", "likelihood": 2, "sources": 1, "notes": "Crowley agate (loc approx.!)", "access": "verify"}, "geometry": {"type": "Point", "coordinates": [-117.9989, 43.2948]}}, {"type": "Feature", "properties": {"id": "rha70fcee839", "name": "Crowley", "_cat": "thunderegg", "_grp": "gem", "_src": "rh", "stone": "Thundereggs", "all stones": "Thundereggs", "region": "SE / Owyhee", "ground": "unverified", "likelihood": 3, "sources": 1, "notes": "Crowley thundereggs faint rd. to right (loc approx.!) | OreRockOn: Crowley thundereggs? (loc approx.!)", "access": "verify"}, "geometry": {"type": "Point", "coordinates": [-118.0182, 43.3059]}}, {"type": "Feature", "properties": {"id": "rhc5daebf4fe", "name": "Crowley", "_cat": "agate", "_grp": "gem", "_src": "rh", "stone": "Agate", "all stones": "Agate", "region": "SE / Owyhee", "ground": "unverified", "likelihood": 2, "sources": 1, "notes": "Crowley agate? (general area!)", "access": "verify"}, "geometry": {"type": "Point", "coordinates": [-118.0325, 43.3143]}}, {"type": "Feature", "properties": {"id": "rhd575c0dc2e", "name": "Crowley", "_cat": "thunderegg", "_grp": "gem", "_src": "rh", "stone": "Thundereggs", "all stones": "Thundereggs", "region": "SE / Owyhee", "ground": "public water, private banks", "likelihood": 3, "sources": 1, "notes": "Crowley thundereggs? (in washes - guessed at loc!)", "access": "verify"}, "geometry": {"type": "Point", "coordinates": [-117.9777, 43.3662]}}, {"type": "Feature", "properties": {"id": "rh80f12e99b5", "name": "Lucky Star Mine Copper minerals", "_cat": "malachite", "_grp": "gem", "_src": "rh", "stone": "Malachite / azurite", "all stones": "Malachite / azurite", "region": "Southern Oregon", "ground": "unverified", "likelihood": 4, "sources": 1, "notes": "Lucky Star Mine Copper minerals", "access": "verify"}, "geometry": {"type": "Point", "coordinates": [-118.6768, 42.3222]}}, {"type": "Feature", "properties": {"id": "rhcd37d0066b", "name": "Tule Springs", "_cat": "agate", "_grp": "gem", "_src": "rh", "stone": "Agate", "all stones": "Agate", "region": "Southern Oregon", "ground": "unverified", "likelihood": 3, "sources": 1, "notes": "Tule Springs agate (loc approx!)", "access": "verify"}, "geometry": {"type": "Point", "coordinates": [-118.475, 42.3867]}}, {"type": "Feature", "properties": {"id": "rh25378001e5", "name": "Little Alvord Creek", "_cat": "thunderegg", "_grp": "gem", "_src": "rh", "stone": "Thundereggs", "all stones": "Thundereggs", "region": "Southern Oregon", "ground": "public water, private banks", "likelihood": 3, "sources": 1, "notes": "Little Alvord Creek thundereggs", "access": "verify"}, "geometry": {"type": "Point", "coordinates": [-118.5445, 42.6]}}, {"type": "Feature", "properties": {"id": "rh951fd83cb3", "name": "Pike Creek", "_cat": "thunderegg", "_grp": "gem", "_src": "rh", "stone": "Thundereggs", "all stones": "Thundereggs", "region": "Southern Oregon", "ground": "public water, private banks", "likelihood": 3, "sources": 1, "notes": "Pike Creek thundereggs See Gem Trails of OR | OreRockOn: Pike Creek thundereggs (loc approx!)", "access": "verify"}, "geometry": {"type": "Point", "coordinates": [-118.5556, 42.5911]}}, {"type": "Feature", "properties": {"id": "rhdfe2fc0c4c", "name": "Dry Creek", "_cat": "opal", "_grp": "gem", "_src": "rh", "stone": "Opal", "all stones": "Opal; Cinnabar (agate indicator); Thundereggs; Quartz", "region": "Southern Oregon", "ground": "public water, private banks", "likelihood": 4, "sources": 1, "notes": "Dry Creek thundereggs (loc approx!) | OreRockOn: Horse Heaven Mine Cinnabar in opal & quartz (?) (guess!)", "access": "verify"}, "geometry": {"type": "Point", "coordinates": [-118.5512, 42.5737]}}, {"type": "Feature", "properties": {"id": "rh9fd6a43cf9", "name": "Agate (loc approx!", "_cat": "thunderegg", "_grp": "gem", "_src": "rh", "stone": "Thundereggs", "all stones": "Thundereggs; Agate", "region": "Southern Oregon", "ground": "unverified", "likelihood": 3, "sources": 1, "notes": "Agate (loc approx!) | OreRockOn: Thundereggs (loc approx!)", "access": "verify"}, "geometry": {"type": "Point", "coordinates": [-118.5597, 42.5545]}}, {"type": "Feature", "properties": {"id": "rhffc2ad55f3", "name": "Agate (loc approx!", "_cat": "thunderegg", "_grp": "gem", "_src": "rh", "stone": "Thundereggs", "all stones": "Thundereggs; Agate", "region": "Southern Oregon", "ground": "unverified", "likelihood": 3, "sources": 1, "notes": "Agate (loc approx!) | OreRockOn: Thundereggs (loc approx!)", "access": "verify"}, "geometry": {"type": "Point", "coordinates": [-118.5662, 42.5647]}}, {"type": "Feature", "properties": {"id": "rh3ecbab078c", "name": "Agate, calcite, quartz (loc approx!", "_cat": "agate", "_grp": "gem", "_src": "rh", "stone": "Agate", "all stones": "Agate; Quartz", "region": "Southern Oregon", "ground": "unverified", "likelihood": 3, "sources": 1, "notes": "Agate, calcite, quartz (loc approx!)", "access": "verify"}, "geometry": {"type": "Point", "coordinates": [-118.5515, 42.5437]}}, {"type": "Feature", "properties": {"id": "rhe69b673e31", "name": "Holley", "_cat": "wood", "_grp": "gem", "_src": "rh", "stone": "Petrified wood", "all stones": "Petrified wood", "region": "Willamette / Cascades", "ground": "private \u2014 do not enter", "likelihood": 2, "sources": 1, "notes": "Holleywood Ranch petrified wood Fee dig - See Rockhounding OR", "access": "verify"}, "geometry": {"type": "Point", "coordinates": [-122.755, 44.3635]}}, {"type": "Feature", "properties": {"id": "rhbb4d5e88ab", "name": "Petrified wood (general loc.!", "_cat": "wood", "_grp": "gem", "_src": "rh", "stone": "Petrified wood", "all stones": "Petrified wood", "region": "Central Oregon", "ground": "unverified", "likelihood": 2, "sources": 1, "notes": "Petrified wood (general loc.!)", "access": "verify"}, "geometry": {"type": "Point", "coordinates": [-120.3256, 44.1615]}}, {"type": "Feature", "properties": {"id": "rh7826619137", "name": "Petrified wood (VERY general loc.!", "_cat": "wood", "_grp": "gem", "_src": "rh", "stone": "Petrified wood", "all stones": "Petrified wood", "region": "Central Oregon", "ground": "unverified", "likelihood": 2, "sources": 1, "notes": "Petrified wood (VERY general loc.!)", "access": "verify"}, "geometry": {"type": "Point", "coordinates": [-120.3242, 44.2037]}}, {"type": "Feature", "properties": {"id": "rh546ff9911e", "name": "Marine fossils in quarry 5.8", "_cat": "carnelian", "_grp": "gem", "_src": "rh", "stone": "Carnelian", "all stones": "Carnelian; Agate; Jasper; Fossils", "region": "Oregon Coast", "ground": "public water, private banks", "likelihood": 4, "sources": 2, "notes": "Marine fossils in quarry 5.8 Mi. N Hwy. 26 1/8 mi. up rd. In conglomerate above basalt (loc approx.!) | OreRockOn: Jasper, agate, carnelian in river See Rockhounding OR", "access": "verify"}, "geometry": {"type": "Point", "coordinates": [-123.2813, 45.815]}}, {"type": "Feature", "properties": {"id": "rhd61665e7a4", "name": "Darrell's", "_cat": "agate", "_grp": "gem", "_src": "rh", "stone": "Agate", "all stones": "Agate", "region": "Central Oregon", "ground": "unverified", "likelihood": 4, "sources": 1, "notes": "Darrell's Agate White/brown jasp-agate in road rock quarry", "access": "verify"}, "geometry": {"type": "Point", "coordinates": [-120.82, 44.7491]}}, {"type": "Feature", "properties": {"id": "rh87a6a0a981", "name": "Dry Creek", "_cat": "thunderegg", "_grp": "gem", "_src": "rh", "stone": "Thundereggs", "all stones": "Thundereggs", "region": "SE / Owyhee", "ground": "public water, private banks", "likelihood": 3, "sources": 1, "notes": "Dry Creek thundereggs Under claim 2014 Contact Don Esch donesch@msn.com Has hosted rock club field trips | OreRockOn: Dry Creek thundereggs (Approx.! - Colburn)", "access": "verify"}, "geometry": {"type": "Point", "coordinates": [-117.6769, 43.5175]}}, {"type": "Feature", "properties": {"id": "rh9e6d358872", "name": "Desolation Canyon", "_cat": "thunderegg", "_grp": "gem", "_src": "rh", "stone": "Thundereggs", "all stones": "Thundereggs", "region": "Central Oregon", "ground": "unverified", "likelihood": 3, "sources": 1, "notes": "Desolation Canyon thundereggs (Approx! - Colburn)", "access": "verify"}, "geometry": {"type": "Point", "coordinates": [-120.5076, 44.5011]}}, {"type": "Feature", "properties": {"id": "rh0534e96325", "name": "Desolation Canyon", "_cat": "thunderegg", "_grp": "gem", "_src": "rh", "stone": "Thundereggs", "all stones": "Thundereggs", "region": "Central Oregon", "ground": "unverified", "likelihood": 3, "sources": 2, "notes": "Desolation Canyon thundereggs (Approx! - Colburn)", "access": "verify"}, "geometry": {"type": "Point", "coordinates": [-120.505, 44.4838]}}, {"type": "Feature", "properties": {"id": "rh4598142315", "name": "Stephenson Mtn", "_cat": "opal_fire", "_grp": "gem", "_src": "rh", "stone": "Precious / fire opal", "all stones": "Precious / fire opal; Opal; Thundereggs", "region": "Central Oregon", "ground": "private \u2014 do not enter", "likelihood": 1, "sources": 1, "notes": "Stephenson Mtn. Fire Opal Thundereggs (Approx! - Coburn) Private Property! Rd. gated & locked!", "access": "verify"}, "geometry": {"type": "Point", "coordinates": [-120.5064, 44.5888]}}, {"type": "Feature", "properties": {"id": "rh7bec4f8bc2", "name": "Stephenson Mtn", "_cat": "opal_fire", "_grp": "gem", "_src": "rh", "stone": "Precious / fire opal", "all stones": "Precious / fire opal; Opal; Thundereggs", "region": "Central Oregon", "ground": "private \u2014 do not enter", "likelihood": 1, "sources": 1, "notes": "Stephenson Mtn. Fire Opal Thundereggs 2 claims lapsed in 2000 (Approx! - Coburn)", "access": "verify"}, "geometry": {"type": "Point", "coordinates": [-120.4998, 44.5955]}}, {"type": "Feature", "properties": {"id": "rh6c04c2d9f5", "name": "Narrrows Birch", "_cat": "limbcast", "_grp": "gem", "_src": "rh", "stone": "Limb casts", "all stones": "Limb casts", "region": "Eastern Oregon", "ground": "unverified", "likelihood": 3, "sources": 1, "notes": "Narrrows Birch Limbs (Unverified - Coburn)", "access": "verify"}, "geometry": {"type": "Point", "coordinates": [-119.0433, 43.1974]}}, {"type": "Feature", "properties": {"id": "rh4862e9c842", "name": "Succor Creek", "_cat": "thunderegg", "_grp": "gem", "_src": "rh", "stone": "Thundereggs", "all stones": "Thundereggs", "region": "SE / Owyhee", "ground": "public water, private banks", "likelihood": 3, "sources": 2, "notes": "Succor Creek Thundereggs (Approx. - Colburn)", "access": "verify"}, "geometry": {"type": "Point", "coordinates": [-117.1178, 43.4459]}}, {"type": "Feature", "properties": {"id": "rh23ecb9062f", "name": "Succor Creek", "_cat": "thunderegg", "_grp": "gem", "_src": "rh", "stone": "Thundereggs", "all stones": "Thundereggs", "region": "SE / Owyhee", "ground": "public water, private banks", "likelihood": 3, "sources": 2, "notes": "Succor Creek Thundereggs (Approx. - Colburn)", "access": "verify"}, "geometry": {"type": "Point", "coordinates": [-117.1243, 43.463]}}, {"type": "Feature", "properties": {"id": "rh02b70024ea", "name": "McDermitt", "_cat": "thunderegg", "_grp": "gem", "_src": "rh", "stone": "Thundereggs", "all stones": "Thundereggs", "region": "SE / Owyhee", "ground": "unverified", "likelihood": 4, "sources": 1, "notes": "McDermitt Thundereggs Gary McIntosh Claim (dropped) \"Baby Doe\" (Loc. approx.) | OreRockOn: McDermitt Thundereggs (Upper Bed) (Approx.! - Colburn)", "access": "verify"}, "geometry": {"type": "Point", "coordinates": [-117.4852, 42.0105]}}, {"type": "Feature", "properties": {"id": "rh4d9170d9bf", "name": "Brogan", "_cat": "wood", "_grp": "gem", "_src": "rh", "stone": "Petrified wood", "all stones": "Petrified wood", "region": "Eastern Oregon", "ground": "unverified", "likelihood": 2, "sources": 1, "notes": "Brogan (aka Jameison) Bog Wood area Extends N & E - Unverified!", "access": "verify"}, "geometry": {"type": "Point", "coordinates": [-117.4681, 44.2577]}}, {"type": "Feature", "properties": {"id": "rha01da1d9ef", "name": "Gooseberry Mtn", "_cat": "wood", "_grp": "gem", "_src": "rh", "stone": "Petrified wood", "all stones": "Petrified wood", "region": "Central Oregon", "ground": "unverified", "likelihood": 3, "sources": 1, "notes": "Gooseberry Mtn. Petrified Wood Unverified!", "access": "verify"}, "geometry": {"type": "Point", "coordinates": [-120.6009, 44.6636]}}, {"type": "Feature", "properties": {"id": "rh649e9f32f8", "name": "Polly Drummond", "_cat": "carnelian", "_grp": "gem", "_src": "rh", "stone": "Carnelian", "all stones": "Carnelian; Agate", "region": "Willamette / Cascades", "ground": "unverified", "likelihood": 4, "sources": 1, "notes": "Polly Drummond agate beds (carnelian) active in 1970s 37290 Rock Hill Drive Lebanon OR 97355 Entire hill to the S is the source", "access": "verify"}, "geometry": {"type": "Point", "coordinates": [-122.904, 44.4948]}}, {"type": "Feature", "properties": {"id": "rh26c15b0956", "name": "Renner Lake", "_cat": "thunderegg", "_grp": "gem", "_src": "rh", "stone": "Thundereggs", "all stones": "Thundereggs; Agate", "region": "Southern Oregon", "ground": "unverified", "likelihood": 3, "sources": 1, "notes": "Renner Lake Thundereggs Within 500' red plume eggs may be underwater until late fall (Colburn)", "access": "verify"}, "geometry": {"type": "Point", "coordinates": [-120.6174, 42.0022]}}, {"type": "Feature", "properties": {"id": "rh33605c93a5", "name": "Shearing Corral", "_cat": "thunderegg", "_grp": "gem", "_src": "rh", "stone": "Thundereggs", "all stones": "Thundereggs", "region": "SE / Owyhee", "ground": "unverified", "likelihood": 4, "sources": 1, "notes": "Shearing Corral Thundereggs (similar to Quinn R. eggs) Please dig here they are nice!", "access": "verify"}, "geometry": {"type": "Point", "coordinates": [-117.6156, 42.0613]}}, {"type": "Feature", "properties": {"id": "rh613aba5966", "name": "Gary McIntosh Claim See Rockhounding OR", "_cat": "thunderegg", "_grp": "gem", "_src": "rh", "stone": "Thundereggs", "all stones": "Thundereggs; Agate", "region": "SE / Owyhee", "ground": "public water, private banks", "likelihood": 4, "sources": 1, "notes": "Gary McIntosh Claim See Rockhounding OR | OreRockOn: Thundereggs Large pit look in tailings | OreRockOn: Quinn River Thundereggs? Scrape on aerial | OreRockOn: Cliff Bed Thundereggs | OreRockOn: McDermitt Thundereggs Small eggs | OreRockOn: Blue Ridge Thundereggs some small red plumes | OreRockOn: McDermitt Thundereggs (most snake-like blue agate lenses)", "access": "verify"}, "geometry": {"type": "Point", "coordinates": [-117.4958, 42.0042]}}, {"type": "Feature", "properties": {"id": "rhfbf2977549", "name": "Lookout Point Lake", "_cat": "agate", "_grp": "gem", "_src": "rh", "stone": "Agate", "all stones": "Agate; Petrified wood; Jasper", "region": "Willamette / Cascades", "ground": "public water, private banks", "likelihood": 3, "sources": 1, "notes": "Lookout Point Lake Petrified wood, jasper, agate Look on shoreline at low water (location unknown!) Access From Lowell", "access": "verify"}, "geometry": {"type": "Point", "coordinates": [-122.6824, 43.8827]}}, {"type": "Feature", "properties": {"id": "rh0e9484aa4d", "name": "Thomas Creek", "_cat": "opal", "_grp": "gem", "_src": "rh", "stone": "Opal", "all stones": "Opal; Agate; Petrified wood; Fossils", "region": "Willamette / Cascades", "ground": "private \u2014 do not enter", "likelihood": 2, "sources": 1, "notes": "Thomas Creek opalized leaf imprints, agate, petrified wood In creek bed & clearcut on hillside (location unknown!)", "access": "verify", "status": "closed"}, "geometry": {"type": "Point", "coordinates": [-122.4373, 44.6604]}}, {"type": "Feature", "properties": {"id": "rhbed347c6c1", "name": "Childer's Creek", "_cat": "wood", "_grp": "gem", "_src": "rh", "stone": "Petrified wood", "all stones": "Petrified wood", "region": "Willamette / Cascades", "ground": "public water, private banks", "likelihood": 3, "sources": 1, "notes": "Childer's Creek petrified wood walk creekbed", "access": "verify"}, "geometry": {"type": "Point", "coordinates": [-122.8019, 44.3053]}}, {"type": "Feature", "properties": {"id": "rh9e9e5e4976", "name": "MP 41 Quarry", "_cat": "amethyst", "_grp": "gem", "_src": "rh", "stone": "Amethyst", "all stones": "Amethyst; Thundereggs; Agate; Quartz", "region": "Central Oregon", "ground": "unverified", "likelihood": 4, "sources": 1, "notes": "MP 41 Quarry - agate in seams halfway up on left, walk up 3 switchbacks on cat road, agate/quartz/amethyst nodules", "access": "verify"}, "geometry": {"type": "Point", "coordinates": [-120.5127, 44.4022]}}, {"type": "Feature", "properties": {"id": "rh5d577ae5f4", "name": "Scattered", "_cat": "thunderegg", "_grp": "gem", "_src": "rh", "stone": "Thundereggs", "all stones": "Thundereggs", "region": "Central Oregon", "ground": "unverified", "likelihood": 3, "sources": 1, "notes": "Scattered thundereggs around humps, similar to White Fir Spring", "access": "verify"}, "geometry": {"type": "Point", "coordinates": [-120.6073, 44.4189]}}, {"type": "Feature", "properties": {"id": "rh407f0abe90", "name": "Fred's Bed", "_cat": "thunderegg", "_grp": "gem", "_src": "rh", "stone": "Thundereggs", "all stones": "Thundereggs", "region": "Central Oregon", "ground": "private \u2014 do not enter", "likelihood": 2, "sources": 1, "notes": "Fred's Bed thundereggs Private property! general area", "access": "verify"}, "geometry": {"type": "Point", "coordinates": [-120.5977, 44.4225]}}, {"type": "Feature", "properties": {"id": "rhf1e0e482bc", "name": "Purple", "_cat": "agate", "_grp": "gem", "_src": "rh", "stone": "Agate", "all stones": "Agate", "region": "SE / Owyhee", "ground": "public water, private banks", "likelihood": 4, "sources": 1, "notes": "Purple sageniteic agate? In gravel pit Didn't see any", "access": "verify"}, "geometry": {"type": "Point", "coordinates": [-117.8067, 41.9996]}}, {"type": "Feature", "properties": {"id": "rhfe05c90957", "name": "Molalla River quarry blue/white", "_cat": "agate", "_grp": "gem", "_src": "rh", "stone": "Agate", "all stones": "Agate; Zeolite", "region": "Willamette / Cascades", "ground": "private \u2014 do not enter", "likelihood": 2, "sources": 1, "notes": "Molalla River quarry blue/white agate seams & zeolites", "access": "verify", "status": "closed"}, "geometry": {"type": "Point", "coordinates": [-122.3427, 44.9267]}}, {"type": "Feature", "properties": {"id": "rh1bc4c4f317", "name": "Obsidian nodules in Bear Valley", "_cat": "thunderegg", "_grp": "gem", "_src": "rh", "stone": "Thundereggs", "all stones": "Thundereggs; Obsidian", "region": "Eastern Oregon", "ground": "public water, private banks", "likelihood": 3, "sources": 1, "notes": "Obsidian nodules in Bear Valley Cr. gravels, terraces Loc. unknown!", "access": "verify"}, "geometry": {"type": "Point", "coordinates": [-118.834, 44.1666]}}, {"type": "Feature", "properties": {"id": "rhc20b72552d", "name": "Amity Creek Norton Ranch", "_cat": "agate", "_grp": "gem", "_src": "rh", "stone": "Agate", "all stones": "Agate; Petrified wood", "region": "Central Oregon", "ground": "private \u2014 do not enter", "likelihood": 1, "sources": 1, "notes": "Amity Creek Norton Ranch Plume agate, petrified wood Closed?", "access": "verify"}, "geometry": {"type": "Point", "coordinates": [-120.669, 44.6427]}}, {"type": "Feature", "properties": {"id": "rh357745feeb", "name": "Eagle Point", "_cat": "sagenite", "_grp": "gem", "_src": "rh", "stone": "Sagenite agate", "all stones": "Sagenite agate; Agate", "region": "Southern Oregon", "ground": "unverified", "likelihood": 3, "sources": 1, "notes": "Eagle Point sagenite agate loc. unknown!", "access": "verify"}, "geometry": {"type": "Point", "coordinates": [-122.7906, 42.4708]}}, {"type": "Feature", "properties": {"id": "rha959a3c5a1", "name": "Possible Succor Cr egg pit From aerial pho", "_cat": "thunderegg", "_grp": "gem", "_src": "rh", "stone": "Thundereggs", "all stones": "Thundereggs", "region": "SE / Owyhee", "ground": "unverified", "likelihood": 4, "sources": 1, "notes": "Possible Succor Cr egg pit From aerial photo", "access": "verify"}, "geometry": {"type": "Point", "coordinates": [-117.1031, 43.4595]}}, {"type": "Feature", "properties": {"id": "rh3b8727eba5", "name": "Jasper, jasp-agate, agate in float", "_cat": "agate", "_grp": "gem", "_src": "rh", "stone": "Agate", "all stones": "Agate; Jasper", "region": "Central Oregon", "ground": "confirmed public", "likelihood": 4, "sources": 1, "notes": "Jasper, jasp-agate, agate in float \"Bat Cave jasper\" came from a cave above See Gem Trails of OR | OreRockOn: Park here to access BLM land (all of sec. 32) See Gem Trails & Rockhounding OR", "access": "verify"}, "geometry": {"type": "Point", "coordinates": [-120.7119, 44.3072]}}, {"type": "Feature", "properties": {"id": "rh74e4cfc073", "name": "Succor Creek", "_cat": "wood", "_grp": "gem", "_src": "rh", "stone": "Petrified wood", "all stones": "Petrified wood; Fossils", "region": "SE / Owyhee", "ground": "public water, private banks", "likelihood": 2, "sources": 1, "notes": "Succor Creek Petrified wood In conglomerate layer near top of hill General area | OreRockOn: Succor Creek leaf fossils 2WD park here! Across gully on ridge Corrected location | OreRockOn: Succor Creek Leaf & fish fossils On ridge Corrected location", "access": "verify"}, "geometry": {"type": "Point", "coordinates": [-117.1299, 43.5248]}}, {"type": "Feature", "properties": {"id": "rh8c57b1b172", "name": "Hancock tree", "_cat": "wood", "_grp": "gem", "_src": "rh", "stone": "Petrified wood", "all stones": "Petrified wood", "region": "Central Oregon", "ground": "unverified", "likelihood": 3, "sources": 1, "notes": "Hancock tree Petrified wood No collecting For tour call 503 763-4691", "access": "verify"}, "geometry": {"type": "Point", "coordinates": [-120.4176, 44.9292]}}, {"type": "Feature", "properties": {"id": "rh9e80a5e41d", "name": "Durkee Precious", "_cat": "opal_fire", "_grp": "gem", "_src": "rh", "stone": "Precious / fire opal", "all stones": "Precious / fire opal; Opal", "region": "Eastern Oregon", "ground": "unverified", "likelihood": 4, "sources": 1, "notes": "Durkee Precious opal mine Not much left here loc. unverified!", "access": "verify"}, "geometry": {"type": "Point", "coordinates": [-117.4014, 44.5584]}}, {"type": "Feature", "properties": {"id": "rhb11f0c43bb", "name": "Winston", "_cat": "garnet", "_grp": "gem", "_src": "rh", "stone": "Garnet", "all stones": "Garnet", "region": "Oregon Coast", "ground": "unverified", "likelihood": 3, "sources": 1, "notes": "Winston Garnet On hill loc. unknown!", "access": "verify"}, "geometry": {"type": "Point", "coordinates": [-123.3893, 43.1335]}}, {"type": "Feature", "properties": {"id": "rhe35593e1bf", "name": "Pistol River", "_cat": "agate", "_grp": "gem", "_src": "rh", "stone": "Agate", "all stones": "Agate; Petrified wood; Jasper", "region": "Oregon Coast", "ground": "public water, private banks", "likelihood": 3, "sources": 1, "notes": "Pistol River Agate, jasper, petrified myrtle wood In gravel bars upstream from tidewater to ?", "access": "verify"}, "geometry": {"type": "Point", "coordinates": [-124.3781, 42.2682]}}, {"type": "Feature", "properties": {"id": "rh34383f76e4", "name": "Greenhorn", "_cat": "wood", "_grp": "gem", "_src": "rh", "stone": "Petrified wood", "all stones": "Petrified wood", "region": "Eastern Oregon", "ground": "unverified", "likelihood": 3, "sources": 1, "notes": "Greenhorn Petrified Tempskya wood See Gem Trails & Rockhounding OR", "access": "verify"}, "geometry": {"type": "Point", "coordinates": [-118.4987, 44.718]}}, {"type": "Feature", "properties": {"id": "rh99452b871c", "name": "Alvord Desert Black", "_cat": "wood", "_grp": "gem", "_src": "rh", "stone": "Petrified wood", "all stones": "Petrified wood", "region": "Southern Oregon", "ground": "unverified", "likelihood": 3, "sources": 1, "notes": "Alvord Desert Black petrified wood Along this road (guess!)", "access": "verify"}, "geometry": {"type": "Point", "coordinates": [-118.3197, 42.5545]}}, {"type": "Feature", "properties": {"id": "rh284cb9ca94", "name": "Dayton area Mammal", "_cat": "agate", "_grp": "gem", "_src": "rh", "stone": "Agate", "all stones": "Agate; Petrified wood; Jasper; Fossils", "region": "Willamette / Cascades", "ground": "public water, private banks", "likelihood": 2, "sources": 1, "notes": "Dayton area Mammal fossils, agate, jasper, petrified wood In any gravel bar on this map Launch here at low water in late summer Canoes & small boats! See Gem Trails of OR", "access": "verify"}, "geometry": {"type": "Point", "coordinates": [-123.0272, 45.2225]}}, {"type": "Feature", "properties": {"id": "rh0d398eb887", "name": "Vines Hill", "_cat": "obsidian", "_grp": "gem", "_src": "rh", "stone": "Obsidian", "all stones": "Obsidian", "region": "SE / Owyhee", "ground": "unverified", "likelihood": 3, "sources": 1, "notes": "Vines Hill Apache Tears See Rockhounding OR", "access": "verify"}, "geometry": {"type": "Point", "coordinates": [-117.4332, 43.901]}}, {"type": "Feature", "properties": {"id": "rh05447a7ac7", "name": "Harper Junction", "_cat": "obsidian", "_grp": "gem", "_src": "rh", "stone": "Obsidian", "all stones": "Obsidian", "region": "SE / Owyhee", "ground": "unverified", "likelihood": 3, "sources": 1, "notes": "Harper Junction Apache Tears near road at corral on E side loc. approx.!", "access": "verify"}, "geometry": {"type": "Point", "coordinates": [-117.6105, 43.8437]}}, {"type": "Feature", "properties": {"id": "rh2a23445025", "name": "Franklin Butte Petriffied", "_cat": "wood", "_grp": "gem", "_src": "rh", "stone": "Petrified wood", "all stones": "Petrified wood", "region": "Willamette / Cascades", "ground": "unverified", "likelihood": 4, "sources": 1, "notes": "Franklin Butte Petriffied wood Location unknown!", "access": "verify"}, "geometry": {"type": "Point", "coordinates": [-122.8297, 44.6857]}}, {"type": "Feature", "properties": {"id": "rha9bfdcbcc5", "name": "Quartz Mountain Carnelian, agate &", "_cat": "carnelian", "_grp": "gem", "_src": "rh", "stone": "Carnelian", "all stones": "Carnelian; Agate; Quartz", "region": "Southern Oregon", "ground": "unverified", "likelihood": 3, "sources": 1, "notes": "Quartz Mountain Carnelian, agate & jasp-agate near top in old clearcut Loc. unknown!", "access": "verify"}, "geometry": {"type": "Point", "coordinates": [-122.6735, 43.1636]}}, {"type": "Feature", "properties": {"id": "rh2654e73465", "name": "Zinc Creek", "_cat": "carnelian", "_grp": "gem", "_src": "rh", "stone": "Carnelian", "all stones": "Carnelian; Agate; Petrified wood; Jasper", "region": "Southern Oregon", "ground": "public water, private banks", "likelihood": 3, "sources": 1, "notes": "Zinc Creek Carnelian (confirmed) Carnelian agate, jasper, petrified wood See Gem Trails & Rockhounding OR", "access": "verify"}, "geometry": {"type": "Point", "coordinates": [-122.7719, 43.033]}}, {"type": "Feature", "properties": {"id": "rha3bb6f900c", "name": "Painted Hills", "_cat": "wood", "_grp": "gem", "_src": "rh", "stone": "Petrified wood", "all stones": "Petrified wood; Fossils", "region": "Central Oregon", "ground": "unverified", "likelihood": 3, "sources": 1, "notes": "Painted Hills leaf fossils outside of NM - collecting OK here & entire length of ridge Some decent petrified wood hill to east", "access": "verify"}, "geometry": {"type": "Point", "coordinates": [-120.294, 44.6464]}}, {"type": "Feature", "properties": {"id": "rha328a81797", "name": "Burnt Ranch Jasp", "_cat": "agate", "_grp": "gem", "_src": "rh", "stone": "Agate", "all stones": "Agate", "region": "Central Oregon", "ground": "private \u2014 do not enter", "likelihood": 1, "sources": 1, "notes": "Burnt Ranch Jasp-agate On point Loc. exact", "access": "verify"}, "geometry": {"type": "Point", "coordinates": [-120.2805, 44.7284]}}, {"type": "Feature", "properties": {"id": "rhcd4e416b60", "name": "Wild", "_cat": "wood", "_grp": "gem", "_src": "rh", "stone": "Petrified wood", "all stones": "Petrified wood; Fossils", "region": "Central Oregon", "ground": "unverified", "likelihood": 3, "sources": 1, "notes": "Wildwood Camp Fossil leaf imprints In roadcut Loc. exact", "access": "verify"}, "geometry": {"type": "Point", "coordinates": [-120.3172, 44.4944]}}, {"type": "Feature", "properties": {"id": "rh7ba85b1642", "name": "Blitzen Valley", "_cat": "limbcast", "_grp": "gem", "_src": "rh", "stone": "Limb casts", "all stones": "Limb casts; Petrified wood", "region": "Eastern Oregon", "ground": "unverified", "likelihood": 3, "sources": 1, "notes": "Blitzen Valley Petrified wood limbs 50 ft. from hwy here or at BLITZ1 or BLITZ2 (Colburn)", "access": "verify"}, "geometry": {"type": "Point", "coordinates": [-118.9479, 43.2216]}}, {"type": "Feature", "properties": {"id": "rh8dbc910b7f", "name": "Blitzen Valley", "_cat": "limbcast", "_grp": "gem", "_src": "rh", "stone": "Limb casts", "all stones": "Limb casts; Petrified wood", "region": "Eastern Oregon", "ground": "unverified", "likelihood": 3, "sources": 1, "notes": "Blitzen Valley Petrified wood limbs 50 ft. from hwy here or at BLITZE or BLITZ2 (Colburn)", "access": "verify"}, "geometry": {"type": "Point", "coordinates": [-118.9474, 43.2114]}}, {"type": "Feature", "properties": {"id": "rhd80abeaefd", "name": "Blitzen Valley", "_cat": "limbcast", "_grp": "gem", "_src": "rh", "stone": "Limb casts", "all stones": "Limb casts; Petrified wood", "region": "Eastern Oregon", "ground": "unverified", "likelihood": 3, "sources": 1, "notes": "Blitzen Valley Petrified wood limbs 50 ft. from hwy here or at BLITZE or BLITZ1 (Colburn)", "access": "verify"}, "geometry": {"type": "Point", "coordinates": [-118.9465, 43.202]}}, {"type": "Feature", "properties": {"id": "rh4b81f70bc8", "name": "Natal Turn", "_cat": "carnelian", "_grp": "gem", "_src": "rh", "stone": "Carnelian", "all stones": "Carnelian; Agate; Petrified wood; Jasper; Fossils", "region": "Oregon Coast", "ground": "private \u2014 do not enter", "likelihood": 1, "sources": 1, "notes": "Natal Turn | OreRockOn: Natal Agate, jasper, pet. wood, carnelian Upstream in river Concretions downstream in slides Wade in low water Permission required to access here!", "access": "verify"}, "geometry": {"type": "Point", "coordinates": [-123.238, 45.9823]}}, {"type": "Feature", "properties": {"id": "rhcb32c531d7", "name": "McDonald Ranch", "_cat": "agate", "_grp": "gem", "_src": "rh", "stone": "Agate", "all stones": "Agate", "region": "Central Oregon", "ground": "private \u2014 do not enter", "likelihood": 1, "sources": 1, "notes": "McDonald Ranch Moss Agate", "access": "verify"}, "geometry": {"type": "Point", "coordinates": [-120.8189, 44.7207]}}, {"type": "Feature", "properties": {"id": "rh2762234e01", "name": "Metasequoia Creek", "_cat": "wood", "_grp": "gem", "_src": "rh", "stone": "Petrified wood", "all stones": "Petrified wood; Fossils", "region": "Columbia Gorge", "ground": "public water, private banks", "likelihood": 3, "sources": 1, "notes": "Metasequoia Creek Leaf Fossils & petrified wood Old Hwy 30 roadcut W of Tanner Creek bridge Loc. unverified", "access": "verify"}, "geometry": {"type": "Point", "coordinates": [-121.9568, 45.6317]}}, {"type": "Feature", "properties": {"id": "rh77ef1e3899", "name": "Forest Road 17", "_cat": "opal", "_grp": "gem", "_src": "rh", "stone": "Opal", "all stones": "Opal; Petrified wood; Jasper", "region": "Eastern Oregon", "ground": "unverified", "likelihood": 3, "sources": 1, "notes": "Forest Road 17 petrified wood, opal & jasper In ash in roadcuts 5-10 mi. E of Hwy 395 Here to FR17W1", "access": "verify"}, "geometry": {"type": "Point", "coordinates": [-118.8392, 44.0054]}}, {"type": "Feature", "properties": {"id": "rh895e568313", "name": "Forest Rd 17", "_cat": "wood", "_grp": "gem", "_src": "rh", "stone": "Petrified wood", "all stones": "Petrified wood", "region": "Eastern Oregon", "ground": "unverified", "likelihood": 3, "sources": 1, "notes": "Forest Rd 17 Wood here to west", "access": "verify"}, "geometry": {"type": "Point", "coordinates": [-118.7591, 44.017]}}, {"type": "Feature", "properties": {"id": "rh5145a1e138", "name": "Lick Creek", "_cat": "wood", "_grp": "gem", "_src": "rh", "stone": "Petrified wood", "all stones": "Petrified wood", "region": "Eastern Oregon", "ground": "public water, private banks", "likelihood": 4, "sources": 1, "notes": "Lick Creek Petrified wood Roads 3670 & 3675 In conglomerate and breccia outcrops along creek & on ridges including both forks VERY general area!", "access": "verify"}, "geometry": {"type": "Point", "coordinates": [-118.8095, 44.6631]}}, {"type": "Feature", "properties": {"id": "rh71ee39caf4", "name": "Big & Little Rivers", "_cat": "wood", "_grp": "gem", "_src": "rh", "stone": "Petrified wood", "all stones": "Petrified wood; Jasper", "region": "Willamette / Cascades", "ground": "public water, private banks", "likelihood": 3, "sources": 1, "notes": "Big & Little Rivers Jasper & petrified wood on gravel bars at low water", "access": "verify"}, "geometry": {"type": "Point", "coordinates": [-123.069, 43.596]}}, {"type": "Feature", "properties": {"id": "rhd0b9d16aa2", "name": "Lost Creek SP Black", "_cat": "agate", "_grp": "gem", "_src": "rh", "stone": "Agate", "all stones": "Agate", "region": "Oregon Coast", "ground": "public water, private banks", "likelihood": 2, "sources": 2, "notes": "Lost Creek SP Black agates on beach Here S to parking area when gravels are exposed usually after big storms thru spring", "access": "verify"}, "geometry": {"type": "Point", "coordinates": [-124.0726, 44.5543]}}, {"type": "Feature", "properties": {"id": "rhd204459faf", "name": "Frieda Mine", "_cat": "thunderegg", "_grp": "gem", "_src": "rh", "stone": "Thundereggs", "all stones": "Thundereggs", "region": "Central Oregon", "ground": "unverified", "likelihood": 4, "sources": 1, "notes": "Frieda Mine Thundereggs (Colburn) Loc. unverified", "access": "verify"}, "geometry": {"type": "Point", "coordinates": [-121.0983, 45.0301]}}, {"type": "Feature", "properties": {"id": "rh52b9cfba56", "name": "Cape Meares Beach", "_cat": "agate", "_grp": "gem", "_src": "rh", "stone": "Agate", "all stones": "Agate", "region": "Oregon Coast", "ground": "public water, private banks", "likelihood": 2, "sources": 2, "notes": "Cape Meares Beach agates", "access": "verify"}, "geometry": {"type": "Point", "coordinates": [-123.9726, 45.4836]}}, {"type": "Feature", "properties": {"id": "rh725168d7cb", "name": "Petrified wood close to hwy", "_cat": "wood", "_grp": "gem", "_src": "rh", "stone": "Petrified wood", "all stones": "Petrified wood", "region": "Central Oregon", "ground": "unverified", "likelihood": 2, "sources": 1, "notes": "Petrified wood close to hwy General area", "access": "verify"}, "geometry": {"type": "Point", "coordinates": [-120.3535, 44.1341]}}, {"type": "Feature", "properties": {"id": "rheba51d5e3a", "name": "Oregon Tech Institute", "_cat": "opal", "_grp": "gem", "_src": "rh", "stone": "Opal", "all stones": "Opal; Cinnabar (agate indicator); Chalcedony", "region": "Southern Oregon", "ground": "unverified", "likelihood": 3, "sources": 1, "notes": "Oregon Tech Institute Cinnabar in opal and chalcedony Loc. unverified!", "access": "verify"}, "geometry": {"type": "Point", "coordinates": [-121.7831, 42.2554]}}, {"type": "Feature", "properties": {"id": "rh4370606e86", "name": "Brownsboro Rock Pit", "_cat": "bloodstone", "_grp": "gem", "_src": "rh", "stone": "Bloodstone", "all stones": "Bloodstone; Jasper", "region": "Southern Oregon", "ground": "unverified", "likelihood": 4, "sources": 1, "notes": "Brownsboro Rock Pit Bloodstone The Mineralogist, v.4,no.7,p.18. Loc. assumed!", "access": "verify"}, "geometry": {"type": "Point", "coordinates": [-122.7248, 42.4721]}}, {"type": "Feature", "properties": {"id": "rh2d529dffcd", "name": "McNamee Gulch", "_cat": "wood", "_grp": "gem", "_src": "rh", "stone": "Petrified wood", "all stones": "Petrified wood", "region": "Eastern Oregon", "ground": "unverified", "likelihood": 4, "sources": 1, "notes": "McNamee Gulch Petrified Tempskya wood in tailings Probably entire area is good", "access": "verify"}, "geometry": {"type": "Point", "coordinates": [-118.4546, 44.6811]}}, {"type": "Feature", "properties": {"id": "rh41e37a8032", "name": "Parkerville", "_cat": "wood", "_grp": "gem", "_src": "rh", "stone": "Petrified wood", "all stones": "Petrified wood", "region": "Eastern Oregon", "ground": "unverified", "likelihood": 3, "sources": 1, "notes": "Parkerville Petrified Tempskya wood in gulch Loc. unverified", "access": "verify"}, "geometry": {"type": "Point", "coordinates": [-118.4241, 44.6889]}}, {"type": "Feature", "properties": {"id": "rh63347943de", "name": "Winterville Creek", "_cat": "wood", "_grp": "gem", "_src": "rh", "stone": "Petrified wood", "all stones": "Petrified wood", "region": "Eastern Oregon", "ground": "public water, private banks", "likelihood": 3, "sources": 1, "notes": "Winterville Creek Petrified Tempskya wood In stream gravels Loc. unverified", "access": "verify"}, "geometry": {"type": "Point", "coordinates": [-118.3858, 44.6879]}}, {"type": "Feature", "properties": {"id": "rh2727211963", "name": "Crowfoot Road", "_cat": "agate", "_grp": "gem", "_src": "rh", "stone": "Agate", "all stones": "Agate; Petrified wood; Zeolite", "region": "Southern Oregon", "ground": "unverified", "likelihood": 4, "sources": 1, "notes": "Crowfoot Road Agate & zeolites in basalt quarry at MP 7 (guess!) petrified wood elsewhere on road", "access": "verify"}, "geometry": {"type": "Point", "coordinates": [-122.6995, 42.5914]}}, {"type": "Feature", "properties": {"id": "rh0220f49f6b", "name": "Cedar Creek Canyon", "_cat": "thunderegg", "_grp": "gem", "_src": "rh", "stone": "Thundereggs", "all stones": "Thundereggs", "region": "Oregon Coast", "ground": "public water, private banks", "likelihood": 3, "sources": 1, "notes": "Cedar Creek Canyon Geodes in stream See Rockhounding OR", "access": "verify"}, "geometry": {"type": "Point", "coordinates": [-123.6112, 45.5988]}}, {"type": "Feature", "properties": {"id": "rh37233c84a7", "name": "Million Dollar Hill", "_cat": "sagenite", "_grp": "gem", "_src": "rh", "stone": "Sagenite agate", "all stones": "Sagenite agate; Agate", "region": "SE / Owyhee", "ground": "public water, private banks", "likelihood": 4, "sources": 1, "notes": "Million Dollar Hill Sagenite agate in seams and float | OreRockOn: Agate in road | OreRockOn: Sagenite agate Pits on top of hill", "access": "verify"}, "geometry": {"type": "Point", "coordinates": [-117.0699, 43.5743]}}, {"type": "Feature", "properties": {"id": "rh4c13233a2a", "name": "Blitzen Valley", "_cat": "agate", "_grp": "gem", "_src": "rh", "stone": "Agate", "all stones": "Agate; Petrified wood", "region": "Eastern Oregon", "ground": "unverified", "likelihood": 3, "sources": 2, "notes": "Blitzen Valley Petrified wood & agate (Highland Rock Shop)", "access": "verify"}, "geometry": {"type": "Point", "coordinates": [-118.9612, 43.2313]}}, {"type": "Feature", "properties": {"id": "rhbd5f826d9a", "name": "Thomas Creek", "_cat": "wood", "_grp": "gem", "_src": "rh", "stone": "Petrified wood", "all stones": "Petrified wood", "region": "SE / Owyhee", "ground": "public water, private banks", "likelihood": 3, "sources": 1, "notes": "Thomas Creek Petrified Wood Cross 2 cattle guards (Stallknecht) Loc. unknown!", "access": "verify"}, "geometry": {"type": "Point", "coordinates": [-117.0723, 43.1284]}}, {"type": "Feature", "properties": {"id": "rh3bc3ce3cbf", "name": "Mcintyre Ridge Blue", "_cat": "opal", "_grp": "gem", "_src": "rh", "stone": "Opal", "all stones": "Opal; Thundereggs", "region": "SE / Owyhee", "ground": "unverified", "likelihood": 3, "sources": 1, "notes": "Mcintyre Ridge Blue opal thundereggs Current claim - Steve Schultz", "access": "verify"}, "geometry": {"type": "Point", "coordinates": [-117.1708, 43.4609]}}, {"type": "Feature", "properties": {"id": "rhbbe1bfc7b3", "name": "Red bed", "_cat": "thunderegg", "_grp": "gem", "_src": "rh", "stone": "Thundereggs", "all stones": "Thundereggs", "region": "SE / Owyhee", "ground": "private \u2014 do not enter", "likelihood": 2, "sources": 1, "notes": "Red bed thundereggs Mcintyre Reservoir Very rough road! Current claim - dig with permission Margaret Stallknecht 208 365-1653", "access": "verify"}, "geometry": {"type": "Point", "coordinates": [-117.1509, 43.4639]}}, {"type": "Feature", "properties": {"id": "rh43023c4042", "name": "Clackamette Park", "_cat": "agate", "_grp": "gem", "_src": "rh", "stone": "Agate", "all stones": "Agate; Petrified wood; Jasper", "region": "Willamette / Cascades", "ground": "private \u2014 do not enter", "likelihood": 1, "sources": 1, "notes": "Clackamette Park Agate, jasper, etc. in river gravels here to Mamaloose on Clackamas River map See Gem Trails & Rockhounding OR | OreRockOn: Dahl Park Agate jasper petrified wood Occasional gravel bars Many bars can be sanded in or exposed", "access": "verify", "status": "closed"}, "geometry": {"type": "Point", "coordinates": [-122.6044, 45.3721]}}, {"type": "Feature", "properties": {"id": "rhdb4372298a", "name": "Buster Creek", "_cat": "agate", "_grp": "gem", "_src": "rh", "stone": "Agate", "all stones": "Agate; Zeolite", "region": "Oregon Coast", "ground": "public water, private banks", "likelihood": 4, "sources": 1, "notes": "Buster Creek Agate, zeolite minerals in quarry & creek See Gem Trails of OR", "access": "verify"}, "geometry": {"type": "Point", "coordinates": [-123.4957, 45.8888]}}, {"type": "Feature", "properties": {"id": "rhaad51490c8", "name": "Five Islands", "_cat": "carnelian", "_grp": "gem", "_src": "rh", "stone": "Carnelian", "all stones": "Carnelian; Agate; Petrified wood; Fossils", "region": "Willamette / Cascades", "ground": "public water, private banks", "likelihood": 3, "sources": 1, "notes": "Five Islands Agate, ajsper, carnelian, petirfied wood Mammal fossils In gravel bars See Gem Trails of OR", "access": "verify"}, "geometry": {"type": "Point", "coordinates": [-123.0156, 45.176]}}, {"type": "Feature", "properties": {"id": "rh18f2f1ea4d", "name": "Independence", "_cat": "agate", "_grp": "gem", "_src": "rh", "stone": "Agate", "all stones": "Agate; Petrified wood; Jasper", "region": "Willamette / Cascades", "ground": "public water, private banks", "likelihood": 3, "sources": 1, "notes": "Independence Agate, jasper, petrified wood In river gravel See Gem Trails of OR", "access": "verify"}, "geometry": {"type": "Point", "coordinates": [-123.183, 44.8442]}}, {"type": "Feature", "properties": {"id": "rhe5fe8f613c", "name": "Thomas Creek", "_cat": "agate", "_grp": "gem", "_src": "rh", "stone": "Agate", "all stones": "Agate; Petrified wood", "region": "Willamette / Cascades", "ground": "private \u2014 do not enter", "likelihood": 1, "sources": 1, "notes": "Thomas Creek Agate, petrified wood In gravel See Gem Trails & Rockhounding OR", "access": "verify", "status": "closed"}, "geometry": {"type": "Point", "coordinates": [-122.7211, 44.712]}}, {"type": "Feature", "properties": {"id": "rh244c6607bf", "name": "Thomas Creek", "_cat": "agate", "_grp": "gem", "_src": "rh", "stone": "Agate", "all stones": "Agate; Petrified wood", "region": "Willamette / Cascades", "ground": "private \u2014 do not enter", "likelihood": 1, "sources": 1, "notes": "Thomas Creek Agate, petrified wood In gravel Entire Creek this area See Gem Trails & Rockhounding OR", "access": "verify", "status": "closed"}, "geometry": {"type": "Point", "coordinates": [-122.8469, 44.7045]}}, {"type": "Feature", "properties": {"id": "rh11fec509fb", "name": "Bohemia Tourmaline in", "_cat": "tourmaline", "_grp": "gem", "_src": "rh", "stone": "Tourmaline", "all stones": "Tourmaline", "region": "Willamette / Cascades", "ground": "unverified", "likelihood": 4, "sources": 1, "notes": "Bohemia Tourmaline in roadcut See Gem Trails & Rockhounding OR | OreRockOn: Bohemia Pyrite, galena, etc. In ore dump See Gem Trails & Rockhounding OR", "access": "verify"}, "geometry": {"type": "Point", "coordinates": [-122.6472, 43.5816]}}, {"type": "Feature", "properties": {"id": "rh7db96ca5dd", "name": "Calapooia River", "_cat": "agate", "_grp": "gem", "_src": "rh", "stone": "Agate", "all stones": "Agate; Petrified wood; Jasper", "region": "Willamette / Cascades", "ground": "public water, private banks", "likelihood": 3, "sources": 1, "notes": "Calapooia River Agate, jasper, petrified wood In gravel See Gem Trails & Rockhounding OR", "access": "verify"}, "geometry": {"type": "Point", "coordinates": [-122.7096, 44.3112]}}, {"type": "Feature", "properties": {"id": "rh3f6e428fe0", "name": "Calapooia River", "_cat": "gem_other", "_grp": "gem", "_src": "rh", "stone": "Quartz", "all stones": "Quartz", "region": "Willamette / Cascades", "ground": "public water, private banks", "likelihood": 3, "sources": 1, "notes": "Calapooia River Calcite crystals in cliff See Gem Trails of OR", "access": "verify"}, "geometry": {"type": "Point", "coordinates": [-122.5293, 44.2586]}}, {"type": "Feature", "properties": {"id": "rh0ca1a47516", "name": "Calapooia River", "_cat": "agate", "_grp": "gem", "_src": "rh", "stone": "Agate", "all stones": "Agate; Gold; Jasper", "region": "Willamette / Cascades", "ground": "public water, private banks", "likelihood": 3, "sources": 1, "notes": "Gold present but minor. The Calapooia runs through private timberland for long stretches - access is the constraint, not claims. || Calapooia River Agate, jasper, gold In gravel See Gem Trails of OR", "access": "verify"}, "geometry": {"type": "Point", "coordinates": [-122.4381, 44.2346]}}, {"type": "Feature", "properties": {"id": "rha272020bfd", "name": "Lookout Point Lake", "_cat": "agate", "_grp": "gem", "_src": "rh", "stone": "Agate", "all stones": "Agate; Quartz; Jasper", "region": "Willamette / Cascades", "ground": "public water, private banks", "likelihood": 3, "sources": 1, "notes": "Lookout Point Lake Agate, jasper, quartz In gravel @ low water See Gem Trails & Rockhounding OR", "access": "verify"}, "geometry": {"type": "Point", "coordinates": [-122.62, 43.8431]}}, {"type": "Feature", "properties": {"id": "rhdaae16b8e2", "name": "Lookout Point Lake", "_cat": "agate", "_grp": "gem", "_src": "rh", "stone": "Agate", "all stones": "Agate; Quartz; Jasper", "region": "Willamette / Cascades", "ground": "public water, private banks", "likelihood": 3, "sources": 1, "notes": "Lookout Point Lake Agate, jasper, quartz In gravel @ low water See Gem Trails of OR", "access": "verify"}, "geometry": {"type": "Point", "coordinates": [-122.6232, 43.8333]}}, {"type": "Feature", "properties": {"id": "rh2ce9ae952f", "name": "Camp Carson", "_cat": "agate", "_grp": "gem", "_src": "rh", "stone": "Agate", "all stones": "Agate; Petrified wood; Jasper", "region": "Eastern Oregon", "ground": "public water, private banks", "likelihood": 3, "sources": 1, "notes": "Camp Carson Agate, jasper, petrified wood in gravel See Gem Trails & Rockhounding OR", "access": "verify"}, "geometry": {"type": "Point", "coordinates": [-118.2967, 45.055]}}, {"type": "Feature", "properties": {"id": "rhf4c05a7cb0", "name": "Troy", "_cat": "agate", "_grp": "gem", "_src": "rh", "stone": "Agate", "all stones": "Agate; Jasper", "region": "Eastern Oregon", "ground": "public water, private banks", "likelihood": 3, "sources": 1, "notes": "Troy Agate, jasper, etc. in gravel See Gem Trails & Rockhounding OR", "access": "verify"}, "geometry": {"type": "Point", "coordinates": [-117.4733, 45.8993]}}, {"type": "Feature", "properties": {"id": "rh8d8e6bacad", "name": "Imnaha", "_cat": "agate", "_grp": "gem", "_src": "rh", "stone": "Agate", "all stones": "Agate; Jasper", "region": "Eastern Oregon", "ground": "unverified", "likelihood": 3, "sources": 1, "notes": "Imnaha Agate, jasper, chrysanthemum stone In rgavel See Gem Trails & Rockhounding OR", "access": "verify"}, "geometry": {"type": "Point", "coordinates": [-116.835, 45.5597]}}, {"type": "Feature", "properties": {"id": "rhf7ddbac2e2", "name": "Imnaha River", "_cat": "agate", "_grp": "gem", "_src": "rh", "stone": "Agate", "all stones": "Agate; Jasper", "region": "Eastern Oregon", "ground": "public water, private banks", "likelihood": 3, "sources": 1, "notes": "Imnaha River Agate, jasper, chrysanthemum stone In gravel See Gem Trails of OR", "access": "verify"}, "geometry": {"type": "Point", "coordinates": [-116.7845, 45.7013]}}, {"type": "Feature", "properties": {"id": "rhac82066824", "name": "Oxbow", "_cat": "agate", "_grp": "gem", "_src": "rh", "stone": "Agate", "all stones": "Agate; Petrified wood; Jasper", "region": "Eastern Oregon", "ground": "public water, private banks", "likelihood": 3, "sources": 1, "notes": "Oxbow Agate, jasper, petrified wood In gravel See Gem Trails & Rockhounding OR", "access": "verify"}, "geometry": {"type": "Point", "coordinates": [-116.8563, 44.9735]}}, {"type": "Feature", "properties": {"id": "rh4b89f92c87", "name": "Cornucopia", "_cat": "agate", "_grp": "gem", "_src": "rh", "stone": "Agate", "all stones": "Agate; Quartz; Jasper", "region": "Eastern Oregon", "ground": "unverified", "likelihood": 4, "sources": 1, "notes": "Cornucopia Agate, jasper, quartz with pyrite In stream & tailings See Gem Trails of OR", "access": "verify"}, "geometry": {"type": "Point", "coordinates": [-117.1984, 45.0062]}}, {"type": "Feature", "properties": {"id": "rh2e7818eaed", "name": "Sumpter", "_cat": "agate", "_grp": "gem", "_src": "rh", "stone": "Agate", "all stones": "Agate; Petrified wood; Jasper", "region": "Eastern Oregon", "ground": "unverified", "likelihood": 4, "sources": 1, "notes": "Sumpter Agate, jasper, petrified wood in tailings See Gem Trails of OR", "access": "verify"}, "geometry": {"type": "Point", "coordinates": [-118.2048, 44.7423]}}, {"type": "Feature", "properties": {"id": "rhbc78f34d2d", "name": "Bates", "_cat": "wood", "_grp": "gem", "_src": "rh", "stone": "Petrified wood", "all stones": "Petrified wood; Jasper", "region": "Eastern Oregon", "ground": "public water, private banks", "likelihood": 3, "sources": 1, "notes": "Bates Jasper, petrified wood,argillite In gravel See Gem Trails & Rockhounding OR Stay N of the road! S side is tribal property.", "access": "verify"}, "geometry": {"type": "Point", "coordinates": [-118.5338, 44.6025]}}, {"type": "Feature", "properties": {"id": "rh90a13fd499", "name": "Bates", "_cat": "wood", "_grp": "gem", "_src": "rh", "stone": "Petrified wood", "all stones": "Petrified wood; Jasper", "region": "Eastern Oregon", "ground": "public water, private banks", "likelihood": 3, "sources": 1, "notes": "Bates Jasper, petrified wood,argillite In gravel See Gem Trails & Rockhounding OR Stay N of the road! S side is tribal property.", "access": "verify"}, "geometry": {"type": "Point", "coordinates": [-118.5425, 44.611]}}, {"type": "Feature", "properties": {"id": "rh4c6d0235fb", "name": "Galena", "_cat": "wood", "_grp": "gem", "_src": "rh", "stone": "Petrified wood", "all stones": "Petrified wood; Jasper", "region": "Eastern Oregon", "ground": "public water, private banks", "likelihood": 3, "sources": 1, "notes": "Galena Jasper, petrified wood, etc. In gravel See Gem Trails of OR", "access": "verify"}, "geometry": {"type": "Point", "coordinates": [-118.8215, 44.7144]}}, {"type": "Feature", "properties": {"id": "rhaf6f5c301b", "name": "Shirttail Creek", "_cat": "agate", "_grp": "gem", "_src": "rh", "stone": "Agate", "all stones": "Agate; Jasper", "region": "Eastern Oregon", "ground": "public water, private banks", "likelihood": 3, "sources": 1, "notes": "Shirttail Creek Agate, jasper, pyrite In gravel See Gem Trails of OR", "access": "verify"}, "geometry": {"type": "Point", "coordinates": [-117.4628, 44.5223]}}, {"type": "Feature", "properties": {"id": "rh7d145bea75", "name": "Shirttail Creek", "_cat": "jade", "_grp": "gem", "_src": "rh", "stone": "Jade", "all stones": "Jade; Agate", "region": "Eastern Oregon", "ground": "public water, private banks", "likelihood": 3, "sources": 1, "notes": "Shirttail Creek Agate, Oregon jade See Gem Trails of OR", "access": "verify"}, "geometry": {"type": "Point", "coordinates": [-117.4587, 44.4912]}}, {"type": "Feature", "properties": {"id": "rh2d4b27d15f", "name": "Lime Orthoclase feldspar", "_cat": "gem_other", "_grp": "gem", "_src": "rh", "stone": "Quartz", "all stones": "Quartz", "region": "Eastern Oregon", "ground": "unverified", "likelihood": 3, "sources": 1, "notes": "Lime Orthoclase feldspar crystals In roadcut See Gem Trails & Rockhounding OR", "access": "verify"}, "geometry": {"type": "Point", "coordinates": [-117.308, 44.4002]}}, {"type": "Feature", "properties": {"id": "rha6e7decbb8", "name": "Beede Reservoir", "_cat": "agate", "_grp": "gem", "_src": "rh", "stone": "Agate", "all stones": "Agate", "region": "Eastern Oregon", "ground": "unverified", "likelihood": 3, "sources": 1, "notes": "Beede Reservoir Agate See Gem Trails & Rockhounding OR", "access": "verify"}, "geometry": {"type": "Point", "coordinates": [-118.4833, 43.7857]}}, {"type": "Feature", "properties": {"id": "rhaf7dfb29dd", "name": "Warm Springs Reservoir", "_cat": "agate", "_grp": "gem", "_src": "rh", "stone": "Agate", "all stones": "Agate", "region": "Eastern Oregon", "ground": "unverified", "likelihood": 3, "sources": 1, "notes": "Warm Springs Reservoir Agate See Gem Trails & Rockhounding OR", "access": "verify"}, "geometry": {"type": "Point", "coordinates": [-118.333, 43.6748]}}, {"type": "Feature", "properties": {"id": "rhf499d53d15", "name": "Warm Springs Reservoir", "_cat": "agate", "_grp": "gem", "_src": "rh", "stone": "Agate", "all stones": "Agate", "region": "SE / Owyhee", "ground": "unverified", "likelihood": 3, "sources": 1, "notes": "Warm Springs Reservoir Agate See Gem Trails of OR", "access": "verify"}, "geometry": {"type": "Point", "coordinates": [-118.2408, 43.5947]}}, {"type": "Feature", "properties": {"id": "rh151273f3ab", "name": "Burns Black & red", "_cat": "obsidian", "_grp": "gem", "_src": "rh", "stone": "Obsidian", "all stones": "Obsidian", "region": "Eastern Oregon", "ground": "unverified", "likelihood": 2, "sources": 1, "notes": "Burns Black & red obsidian General area See Gem Trails & Rockhounding OR", "access": "verify"}, "geometry": {"type": "Point", "coordinates": [-119.1815, 43.6584]}}, {"type": "Feature", "properties": {"id": "rh8cb4ced4df", "name": "Burns Green", "_cat": "obsidian", "_grp": "gem", "_src": "rh", "stone": "Obsidian", "all stones": "Obsidian", "region": "Eastern Oregon", "ground": "public water, private banks", "likelihood": 4, "sources": 1, "notes": "Burns Green Obsidian Old pit, nothing showing | OreRockOn: Burns Green Obsidian Former Claim now open Large filled in pit search float or dig", "access": "verify"}, "geometry": {"type": "Point", "coordinates": [-119.1968, 43.6544]}}, {"type": "Feature", "properties": {"id": "rhe1019d6071", "name": "Turn to Burns", "_cat": "obsidian", "_grp": "gem", "_src": "rh", "stone": "Obsidian", "all stones": "Obsidian", "region": "Eastern Oregon", "ground": "unverified", "likelihood": 2, "sources": 1, "notes": "Turn to Burns obsidian sites", "access": "verify"}, "geometry": {"type": "Point", "coordinates": [-119.0593, 43.6115]}}, {"type": "Feature", "properties": {"id": "rhc05c6965f8", "name": "Succor Creek", "_cat": "agate", "_grp": "gem", "_src": "rh", "stone": "Agate", "all stones": "Agate; Jasper", "region": "SE / Owyhee", "ground": "public water, private banks", "likelihood": 3, "sources": 1, "notes": "Succor Creek Agate, jasper, etc. See Gem Trails & Rockhounding OR", "access": "verify"}, "geometry": {"type": "Point", "coordinates": [-117.1345, 43.4998]}}, {"type": "Feature", "properties": {"id": "rh801b77d51b", "name": "Succor Creek", "_cat": "agate", "_grp": "gem", "_src": "rh", "stone": "Agate", "all stones": "Agate; Jasper", "region": "SE / Owyhee", "ground": "public water, private banks", "likelihood": 3, "sources": 1, "notes": "Succor Creek Agate, jasper, etc. See Gem Trails of OR", "access": "verify"}, "geometry": {"type": "Point", "coordinates": [-117.1328, 43.5074]}}, {"type": "Feature", "properties": {"id": "rhd0cb8fdf4d", "name": "Succor Creek", "_cat": "agate", "_grp": "gem", "_src": "rh", "stone": "Agate", "all stones": "Agate; Petrified wood; Jasper", "region": "SE / Owyhee", "ground": "public water, private banks", "likelihood": 3, "sources": 1, "notes": "Succor Creek Agate, jasper, petrified wood, etc. See Gem Trails of OR", "access": "verify"}, "geometry": {"type": "Point", "coordinates": [-117.1307, 43.5147]}}, {"type": "Feature", "properties": {"id": "rh8489f39fed", "name": "Succor Creek", "_cat": "agate", "_grp": "gem", "_src": "rh", "stone": "Agate", "all stones": "Agate; Petrified wood; Jasper", "region": "SE / Owyhee", "ground": "public water, private banks", "likelihood": 3, "sources": 1, "notes": "Succor Creek Agate, jasper, petrified wood See Gem Trails of OR", "access": "verify"}, "geometry": {"type": "Point", "coordinates": [-117.1211, 43.385]}}, {"type": "Feature", "properties": {"id": "rh54b4111528", "name": "Snakeskin", "_cat": "opal", "_grp": "gem", "_src": "rh", "stone": "Opal", "all stones": "Opal; Agate", "region": "SE / Owyhee", "ground": "unverified", "likelihood": 3, "sources": 1, "notes": "Snakeskin Agate and green opal See Gem Trails & Rockhounding OR", "access": "verify"}, "geometry": {"type": "Point", "coordinates": [-117.7356, 42.7681]}}, {"type": "Feature", "properties": {"id": "rh7ac0bf25c3", "name": "Burns", "_cat": "obsidian", "_grp": "gem", "_src": "rh", "stone": "Obsidian", "all stones": "Obsidian", "region": "Eastern Oregon", "ground": "unverified", "likelihood": 2, "sources": 1, "notes": "Burns Obsidian along road", "access": "verify"}, "geometry": {"type": "Point", "coordinates": [-119.1521, 43.627]}}, {"type": "Feature", "properties": {"id": "rhca715c99e2", "name": "Blitzen Valley", "_cat": "agate", "_grp": "gem", "_src": "rh", "stone": "Agate", "all stones": "Agate; Jasper", "region": "Eastern Oregon", "ground": "unverified", "likelihood": 3, "sources": 2, "notes": "Blitzen Valley Agate, jasper, etc. In roadcut See Gem Trails & Rockhounding OR | OreRockOn: Eagle's Nest Oolite agate See Rockhounding OR", "access": "verify"}, "geometry": {"type": "Point", "coordinates": [-118.9983, 43.2441]}}, {"type": "Feature", "properties": {"id": "rh007bd083c0", "name": "Pueblo Mtns", "_cat": "agate", "_grp": "gem", "_src": "rh", "stone": "Agate", "all stones": "Agate; Jasper", "region": "Southern Oregon", "ground": "unverified", "likelihood": 3, "sources": 1, "notes": "Pueblo Mtns. Agate, jasper, epidote, copper See Gem Trails & Rockhounding OR", "access": "verify"}, "geometry": {"type": "Point", "coordinates": [-118.6099, 42.0678]}}, {"type": "Feature", "properties": {"id": "rhf8cfe001d0", "name": "Pueblo Mtns", "_cat": "agate", "_grp": "gem", "_src": "rh", "stone": "Agate", "all stones": "Agate; Jasper", "region": "Southern Oregon", "ground": "unverified", "likelihood": 3, "sources": 1, "notes": "Pueblo Mtns. Agate, jasper, epidote, copper See Gem Trails & Rockhounding OR", "access": "verify"}, "geometry": {"type": "Point", "coordinates": [-118.6207, 42.0448]}}, {"type": "Feature", "properties": {"id": "rhdd3a4b8952", "name": "Flook Lake", "_cat": "agate", "_grp": "gem", "_src": "rh", "stone": "Agate", "all stones": "Agate; Jasper", "region": "Southern Oregon", "ground": "public water, private banks", "likelihood": 3, "sources": 2, "notes": "Flook Lake Agate, jasper in wash See Gem Trails of OR", "access": "verify"}, "geometry": {"type": "Point", "coordinates": [-119.5397, 42.5801]}}, {"type": "Feature", "properties": {"id": "rh4b139d37ae", "name": "Drewes Reservoir", "_cat": "obsidian", "_grp": "gem", "_src": "rh", "stone": "Obsidian", "all stones": "Obsidian; Agate; Jasper", "region": "Southern Oregon", "ground": "unverified", "likelihood": 3, "sources": 1, "notes": "Drewes Reservoir Agate, jasper, obsidian See Gem Trails of OR", "access": "verify"}, "geometry": {"type": "Point", "coordinates": [-120.679, 42.1251]}}, {"type": "Feature", "properties": {"id": "rh1ddfecb05f", "name": "Dry Creek", "_cat": "opal", "_grp": "gem", "_src": "rh", "stone": "Opal", "all stones": "Opal; Agate; Quartz; Jasper", "region": "Southern Oregon", "ground": "public water, private banks", "likelihood": 3, "sources": 2, "notes": "Dry Creek Agate, jasper, opal, quartz See Gem Trails & Rockhounding OR", "access": "verify"}, "geometry": {"type": "Point", "coordinates": [-120.598, 42.0502]}}, {"type": "Feature", "properties": {"id": "rhaadcdb3bad", "name": "Dry Creek", "_cat": "opal", "_grp": "gem", "_src": "rh", "stone": "Opal", "all stones": "Opal; Agate; Quartz; Jasper", "region": "Southern Oregon", "ground": "public water, private banks", "likelihood": 3, "sources": 1, "notes": "Dry Creek Agate, jasper, opal, quartz See Gem Trails of OR", "access": "verify"}, "geometry": {"type": "Point", "coordinates": [-120.6272, 42.0431]}}, {"type": "Feature", "properties": {"id": "rh1be396a3c1", "name": "Orchard Bar", "_cat": "agate", "_grp": "gem", "_src": "rh", "stone": "Agate", "all stones": "Agate; Petrified wood; Jasper", "region": "Oregon Coast", "ground": "public water, private banks", "likelihood": 3, "sources": 1, "notes": "Orchard Bar Agate, jasper, petrified wood See Gem Trails & Rockhounding OR", "access": "verify"}, "geometry": {"type": "Point", "coordinates": [-124.3692, 42.4643]}}, {"type": "Feature", "properties": {"id": "rhe9176b3fcc", "name": "Sugarloaf Mountain Green", "_cat": "jade", "_grp": "gem", "_src": "rh", "stone": "Jade", "all stones": "Jade", "region": "Oregon Coast", "ground": "unverified", "likelihood": 2, "sources": 1, "notes": "Sugarloaf Mountain Green Jade Search streams around mountain VERY general area", "access": "verify"}, "geometry": {"type": "Point", "coordinates": [-124.2198, 42.3984]}}, {"type": "Feature", "properties": {"id": "rh235e0ec0a7", "name": "Emigrant Reservoir", "_cat": "agate", "_grp": "gem", "_src": "rh", "stone": "Agate", "all stones": "Agate; Quartz; Jasper", "region": "Southern Oregon", "ground": "unverified", "likelihood": 3, "sources": 1, "notes": "Emigrant Reservoir Agate, jasper, quartz See Gem Trails of OR", "access": "verify"}, "geometry": {"type": "Point", "coordinates": [-122.6168, 42.1364]}}, {"type": "Feature", "properties": {"id": "rh104987ed84", "name": "Emigrant Creek", "_cat": "opal", "_grp": "gem", "_src": "rh", "stone": "Opal", "all stones": "Opal; Agate", "region": "Southern Oregon", "ground": "public water, private banks", "likelihood": 3, "sources": 2, "notes": "Emigrant Creek Agate & opal See Gem Trails of OR", "access": "verify"}, "geometry": {"type": "Point", "coordinates": [-122.5172, 42.1244]}}, {"type": "Feature", "properties": {"id": "rhdc47ca6e57", "name": "Agate Desert Agate, etc. See", "_cat": "agate", "_grp": "gem", "_src": "rh", "stone": "Agate", "all stones": "Agate", "region": "Southern Oregon", "ground": "unverified", "likelihood": 3, "sources": 1, "notes": "Agate Desert Agate, etc. See Gem Trails & Rockhounding OR", "access": "verify"}, "geometry": {"type": "Point", "coordinates": [-122.8689, 42.4258]}}, {"type": "Feature", "properties": {"id": "rhdc21db2418", "name": "` Little Butte Creek", "_cat": "agate", "_grp": "gem", "_src": "rh", "stone": "Agate", "all stones": "Agate", "region": "Southern Oregon", "ground": "public water, private banks", "likelihood": 4, "sources": 1, "notes": "` Little Butte Creek Agate, etc. See Gem Trails of OR", "access": "verify"}, "geometry": {"type": "Point", "coordinates": [-122.8562, 42.4552]}}, {"type": "Feature", "properties": {"id": "rhd7c2c696af", "name": "Agate Reservoir Agate, etc. See", "_cat": "agate", "_grp": "gem", "_src": "rh", "stone": "Agate", "all stones": "Agate", "region": "Southern Oregon", "ground": "unverified", "likelihood": 3, "sources": 1, "notes": "Agate Reservoir Agate, etc. See Gem Trails of OR", "access": "verify"}, "geometry": {"type": "Point", "coordinates": [-122.7753, 42.4132]}}, {"type": "Feature", "properties": {"id": "rh2f5ba0e26b", "name": "Illinois River", "_cat": "agate", "_grp": "gem", "_src": "rh", "stone": "Agate", "all stones": "Agate; Jasper", "region": "Oregon Coast", "ground": "public water, private banks", "likelihood": 3, "sources": 1, "notes": "Illinois River Agate, jasper, etc. See Gem Trails of OR", "access": "verify"}, "geometry": {"type": "Point", "coordinates": [-123.6599, 42.194]}}, {"type": "Feature", "properties": {"id": "rh5b6439ce81", "name": "Sugarloaf Mountain Green", "_cat": "jade", "_grp": "gem", "_src": "rh", "stone": "Jade", "all stones": "Jade", "region": "Oregon Coast", "ground": "unverified", "likelihood": 2, "sources": 1, "notes": "Sugarloaf Mountain Green Jade Search streams around mountain VERY general area", "access": "verify"}, "geometry": {"type": "Point", "coordinates": [-123.6726, 42.1215]}}, {"type": "Feature", "properties": {"id": "rhe870b53547", "name": "Sugarloaf Mountain Green", "_cat": "jade", "_grp": "gem", "_src": "rh", "stone": "Jade", "all stones": "Jade", "region": "Oregon Coast", "ground": "unverified", "likelihood": 2, "sources": 1, "notes": "Sugarloaf Mountain Green Jade Search streams around mountain VERY general area", "access": "verify"}, "geometry": {"type": "Point", "coordinates": [-123.6732, 42.1298]}}, {"type": "Feature", "properties": {"id": "rhde31ababb6", "name": "Idleyld Teredo", "_cat": "carnelian", "_grp": "gem", "_src": "rh", "stone": "Carnelian", "all stones": "Carnelian; Agate; Petrified wood; Jasper", "region": "Southern Oregon", "ground": "unverified", "likelihood": 3, "sources": 1, "notes": "Idleyld Teredo wood, carnelian, agate, jasper See Gem Trails & Rockhounding OR", "access": "verify"}, "geometry": {"type": "Point", "coordinates": [-123.057, 43.3225]}}, {"type": "Feature", "properties": {"id": "rh33c3042e02", "name": "Tiller", "_cat": "agate", "_grp": "gem", "_src": "rh", "stone": "Agate", "all stones": "Agate; Petrified wood; Jasper", "region": "Southern Oregon", "ground": "unverified", "likelihood": 3, "sources": 1, "notes": "Tiller Agate, jasper, petrified wood See Gem Trails of OR", "access": "verify"}, "geometry": {"type": "Point", "coordinates": [-122.9071, 42.9536]}}, {"type": "Feature", "properties": {"id": "rh0fdb4cbbf5", "name": "Dumont Creek", "_cat": "agate", "_grp": "gem", "_src": "rh", "stone": "Agate", "all stones": "Agate; Petrified wood; Jasper", "region": "Southern Oregon", "ground": "public water, private banks", "likelihood": 3, "sources": 1, "notes": "Dumont Creek Agate, jasper, petrified wood See Gem Trails & Rockhounding OR", "access": "verify"}, "geometry": {"type": "Point", "coordinates": [-122.8103, 43.0356]}}, {"type": "Feature", "properties": {"id": "rhe6c359efab", "name": "Myrtle Creek", "_cat": "agate", "_grp": "gem", "_src": "rh", "stone": "Agate", "all stones": "Agate; Petrified wood; Jasper", "region": "Oregon Coast", "ground": "public water, private banks", "likelihood": 3, "sources": 2, "notes": "Myrtle Creek Agate, jasper, petrified wood See Gem Trails & Rockhounding OR", "access": "verify"}, "geometry": {"type": "Point", "coordinates": [-123.3014, 43.0184]}}, {"type": "Feature", "properties": {"id": "rhcf57aabe40", "name": "Succor Creek", "_cat": "wood", "_grp": "gem", "_src": "rh", "stone": "Petrified wood", "all stones": "Petrified wood; Fossils", "region": "SE / Owyhee", "ground": "public water, private banks", "likelihood": 3, "sources": 1, "notes": "Succor Creek Fossil leaves & wood Loc. exact", "access": "verify"}, "geometry": {"type": "Point", "coordinates": [-117.139, 43.5577]}}, {"type": "Feature", "properties": {"id": "rh7b38678eb4", "name": "Owl Hollow mine", "_cat": "jade", "_grp": "gem", "_src": "rh", "stone": "Jade", "all stones": "Jade", "region": "Southern Oregon", "ground": "unverified", "likelihood": 4, "sources": 1, "notes": "Owl Hollow mine Nephrite jade Loc. unverified", "access": "verify"}, "geometry": {"type": "Point", "coordinates": [-123.2001, 42.3923]}}, {"type": "Feature", "properties": {"id": "rha076d181e8", "name": "Lincoln", "_cat": "agate", "_grp": "gem", "_src": "rh", "stone": "Agate", "all stones": "Agate", "region": "Southern Oregon", "ground": "unverified", "likelihood": 3, "sources": 1, "notes": "Lincoln Agate \"South of town\" Loc. unknown!", "access": "verify"}, "geometry": {"type": "Point", "coordinates": [-122.396, 42.0959]}}, {"type": "Feature", "properties": {"id": "rh9b28ea8523", "name": "Amity Mine", "_cat": "agate", "_grp": "gem", "_src": "rh", "stone": "Agate", "all stones": "Agate", "region": "Central Oregon", "ground": "unverified", "likelihood": 4, "sources": 1, "notes": "Amity Mine Plume agate In mine or in the area? Loc. unknown!", "access": "verify"}, "geometry": {"type": "Point", "coordinates": [-120.3225, 44.3496]}}, {"type": "Feature", "properties": {"id": "rh5b040ee0b3", "name": "Bully Cr. Reservoir", "_cat": "thunderegg", "_grp": "gem", "_src": "rh", "stone": "Thundereggs", "all stones": "Thundereggs", "region": "SE / Owyhee", "ground": "unverified", "likelihood": 2, "sources": 1, "notes": "Bully Cr. Reservoir Thundereggs Somewhere around the lake Said to be hike-in Loc. Unknown!", "access": "verify"}, "geometry": {"type": "Point", "coordinates": [-117.4225, 44.0419]}}, {"type": "Feature", "properties": {"id": "rh8e35f0d415", "name": "Hart Mtn", "_cat": "opal", "_grp": "gem", "_src": "rh", "stone": "Opal", "all stones": "Opal; Jasper", "region": "Southern Oregon", "ground": "unverified", "likelihood": 3, "sources": 1, "notes": "Hart Mtn. jasper & opal this is one good spot | OreRockOn: Hart Mtn. jasper & opal Another spot to try", "access": "verify"}, "geometry": {"type": "Point", "coordinates": [-119.7839, 42.4859]}}, {"type": "Feature", "properties": {"id": "rh44a1728843", "name": "Antelope", "_cat": "thunderegg", "_grp": "gem", "_src": "rh", "stone": "Thundereggs", "all stones": "Thundereggs", "region": "Central Oregon", "ground": "unverified", "likelihood": 3, "sources": 1, "notes": "Antelope roadcut Thundereggs Loc. exact", "access": "verify"}, "geometry": {"type": "Point", "coordinates": [-120.7919, 44.8817]}}, {"type": "Feature", "properties": {"id": "rh00c869fece", "name": "Some green", "_cat": "obsidian", "_grp": "gem", "_src": "rh", "stone": "Obsidian", "all stones": "Obsidian", "region": "Central Oregon", "ground": "public water, private banks", "likelihood": 3, "sources": 1, "notes": "Some green obsidian In float on hill", "access": "verify"}, "geometry": {"type": "Point", "coordinates": [-120.0116, 43.537]}}, {"type": "Feature", "properties": {"id": "rh7cfbb7f3cd", "name": "Schoolhouse Creek", "_cat": "thunderegg", "_grp": "gem", "_src": "rh", "stone": "Thundereggs", "all stones": "Thundereggs", "region": "Central Oregon", "ground": "public water, private banks", "likelihood": 3, "sources": 1, "notes": "Schoolhouse Creek Thundereggs Loc. unk.!", "access": "verify"}, "geometry": {"type": "Point", "coordinates": [-120.6458, 44.4145]}}, {"type": "Feature", "properties": {"id": "rhcdc268078b", "name": "White Rock Spring", "_cat": "thunderegg", "_grp": "gem", "_src": "rh", "stone": "Thundereggs", "all stones": "Thundereggs; Jasper", "region": "Central Oregon", "ground": "unverified", "likelihood": 4, "sources": 2, "notes": "White Rock Spring Thundereggs Abt. 1 mi. down trail Surface collecting ONLY! | OreRockOn: Sandy Bed thundereggs Close to White Rock | OreRockOn: White Fir Spring Some jasper thundereggs in roadcut", "access": "verify"}, "geometry": {"type": "Point", "coordinates": [-120.5403, 44.4332]}}, {"type": "Feature", "properties": {"id": "rh09bcd8df75", "name": "Starboy", "_cat": "thunderegg", "_grp": "gem", "_src": "rh", "stone": "Thundereggs", "all stones": "Thundereggs", "region": "Central Oregon", "ground": "unverified", "likelihood": 3, "sources": 1, "notes": "Starboy thundereggs Loc. unknown", "access": "verify"}, "geometry": {"type": "Point", "coordinates": [-120.5502, 44.3939]}}, {"type": "Feature", "properties": {"id": "rhcf173ef9c6", "name": "Dry Creek", "_cat": "thunderegg", "_grp": "gem", "_src": "rh", "stone": "Thundereggs", "all stones": "Thundereggs", "region": "Central Oregon", "ground": "public water, private banks", "likelihood": 4, "sources": 1, "notes": "Dry Creek Thundereggs \"Jeremy Bed\" Loc. unk.", "access": "verify"}, "geometry": {"type": "Point", "coordinates": [-120.6629, 44.3889]}}, {"type": "Feature", "properties": {"id": "rha6d76fb9fd", "name": "Belknap Creek", "_cat": "thunderegg", "_grp": "gem", "_src": "rh", "stone": "Thundereggs", "all stones": "Thundereggs", "region": "Central Oregon", "ground": "public water, private banks", "likelihood": 3, "sources": 1, "notes": "Belknap Creek Thundereggs Loc. unk. Surface Collecting ONLY!", "access": "verify"}, "geometry": {"type": "Point", "coordinates": [-120.5338, 44.4621]}}, {"type": "Feature", "properties": {"id": "rh80a751ffb3", "name": "Mahogany Dendretic Agate Pit is", "_cat": "obsidian", "_grp": "gem", "_src": "rh", "stone": "Obsidian", "all stones": "Obsidian; Agate", "region": "SE / Owyhee", "ground": "unverified", "likelihood": 4, "sources": 1, "notes": "Mahogany Dendretic Agate Pit is here Loc. approx. (sec.)", "access": "verify"}, "geometry": {"type": "Point", "coordinates": [-117.3134, 43.2289]}}, {"type": "Feature", "properties": {"id": "rh355747b650", "name": "Lolo Pass", "_cat": "wood", "_grp": "gem", "_src": "rh", "stone": "Petrified wood", "all stones": "Petrified wood", "region": "Willamette / Cascades", "ground": "unverified", "likelihood": 2, "sources": 1, "notes": "Lolo Pass Petrified Wood Streams and roadcuts this area", "access": "verify"}, "geometry": {"type": "Point", "coordinates": [-121.8588, 45.4013]}}, {"type": "Feature", "properties": {"id": "rh288dc29c40", "name": "Josephine", "_cat": "thunderegg", "_grp": "gem", "_src": "rh", "stone": "Thundereggs", "all stones": "Thundereggs", "region": "Central Oregon", "ground": "unverified", "likelihood": 3, "sources": 3, "notes": "Josephine thundereggs Under claim (2014)", "access": "verify"}, "geometry": {"type": "Point", "coordinates": [-120.4734, 44.5007]}}, {"type": "Feature", "properties": {"id": "rh6203f54947", "name": "Lemon Creek", "_cat": "thunderegg", "_grp": "gem", "_src": "rh", "stone": "Thundereggs", "all stones": "Thundereggs", "region": "Central Oregon", "ground": "public water, private banks", "likelihood": 3, "sources": 1, "notes": "Lemon Creek Thundereggs Very tiny Loc. exact", "access": "verify"}, "geometry": {"type": "Point", "coordinates": [-120.6314, 44.4304]}}, {"type": "Feature", "properties": {"id": "rhfce8b0a813", "name": "Nehalem Falls", "_cat": "carnelian", "_grp": "gem", "_src": "rh", "stone": "Carnelian", "all stones": "Carnelian; Agate; Jasper", "region": "Oregon Coast", "ground": "public water, private banks", "likelihood": 3, "sources": 1, "notes": "Nehalem Falls Agate, jasper, carnelian Good gravel hunting from here upstream", "access": "verify"}, "geometry": {"type": "Point", "coordinates": [-123.771, 45.7305]}}, {"type": "Feature", "properties": {"id": "rh3c1fd01d90", "name": "Coal Mine Basin", "_cat": "opal", "_grp": "gem", "_src": "rh", "stone": "Opal", "all stones": "Opal; Petrified wood", "region": "SE / Owyhee", "ground": "unverified", "likelihood": 4, "sources": 1, "notes": "Coal Mine Basin Common opal & petrified wood Some wood here See G&MCGTI", "access": "verify"}, "geometry": {"type": "Point", "coordinates": [-117.0331, 43.2161]}}, {"type": "Feature", "properties": {"id": "rhed47f887c0", "name": "Whitcomb Creek", "_cat": "thunderegg", "_grp": "gem", "_src": "rh", "stone": "Thundereggs", "all stones": "Thundereggs; Agate", "region": "Willamette / Cascades", "ground": "public water, private banks", "likelihood": 2, "sources": 1, "notes": "Whitcomb Creek Geodes & agate General area", "access": "verify"}, "geometry": {"type": "Point", "coordinates": [-122.5248, 44.5228]}}, {"type": "Feature", "properties": {"id": "rh1fdee26e19", "name": "Zeolite minerals, jasper agate in", "_cat": "agate", "_grp": "gem", "_src": "rh", "stone": "Agate", "all stones": "Agate; Jasper; Zeolite", "region": "Oregon Coast", "ground": "public water, private banks", "likelihood": 4, "sources": 1, "notes": "Zeolite minerals, jasper agate in river See Rockhounding OR", "access": "verify"}, "geometry": {"type": "Point", "coordinates": [-123.5517, 45.5874]}}, {"type": "Feature", "properties": {"id": "rhd5cad7112e", "name": "Colalwash River", "_cat": "agate", "_grp": "gem", "_src": "rh", "stone": "Agate", "all stones": "Agate; Petrified wood; Jasper", "region": "Willamette / Cascades", "ground": "public water, private banks", "likelihood": 3, "sources": 1, "notes": "Colalwash River Agate, jasper, petrified wood See Rockhounding OR", "access": "verify"}, "geometry": {"type": "Point", "coordinates": [-122.0606, 45.0327]}}, {"type": "Feature", "properties": {"id": "rh6bd3bdd690", "name": "Ames Creek", "_cat": "wood", "_grp": "gem", "_src": "rh", "stone": "Petrified wood", "all stones": "Petrified wood", "region": "Willamette / Cascades", "ground": "public water, private banks", "likelihood": 3, "sources": 1, "notes": "Ames Creek Petrified wood See Rockhounding OR", "access": "verify"}, "geometry": {"type": "Point", "coordinates": [-122.6975, 44.3774]}}, {"type": "Feature", "properties": {"id": "rhfc7fa6fa20", "name": "Callapooia River", "_cat": "agate", "_grp": "gem", "_src": "rh", "stone": "Agate", "all stones": "Agate; Petrified wood; Jasper", "region": "Willamette / Cascades", "ground": "public water, private banks", "likelihood": 3, "sources": 1, "notes": "Callapooia River Agate, jasper, petrified wood See Rockhounding OR", "access": "verify"}, "geometry": {"type": "Point", "coordinates": [-122.6532, 44.2957]}}, {"type": "Feature", "properties": {"id": "rh6d7261e231", "name": "Agate, jasper, petrified wood, more", "_cat": "agate", "_grp": "gem", "_src": "rh", "stone": "Agate", "all stones": "Agate; Petrified wood; Jasper", "region": "Central Oregon", "ground": "unverified", "likelihood": 3, "sources": 1, "notes": "Agate, jasper, petrified wood, more See Rockhounding OR", "access": "verify"}, "geometry": {"type": "Point", "coordinates": [-120.4711, 44.9193]}}, {"type": "Feature", "properties": {"id": "rh65b4f24446", "name": "Agate, jasper, petrified wood, more", "_cat": "agate", "_grp": "gem", "_src": "rh", "stone": "Agate", "all stones": "Agate; Petrified wood; Jasper", "region": "Central Oregon", "ground": "unverified", "likelihood": 3, "sources": 1, "notes": "Agate, jasper, petrified wood, more See Rockhounding OR", "access": "verify"}, "geometry": {"type": "Point", "coordinates": [-120.4866, 44.9502]}}, {"type": "Feature", "properties": {"id": "rhbba398cc99", "name": "Limb casts See Rockhounding OR", "_cat": "limbcast", "_grp": "gem", "_src": "rh", "stone": "Limb casts", "all stones": "Limb casts", "region": "Central Oregon", "ground": "unverified", "likelihood": 3, "sources": 1, "notes": "Limb casts See Rockhounding OR", "access": "verify"}, "geometry": {"type": "Point", "coordinates": [-120.0634, 44.0103]}}, {"type": "Feature", "properties": {"id": "rh4d5d92af43", "name": "Smoky Butte", "_cat": "agate", "_grp": "gem", "_src": "rh", "stone": "Agate", "all stones": "Agate; Petrified wood; Jasper", "region": "Central Oregon", "ground": "unverified", "likelihood": 4, "sources": 1, "notes": "Smoky Butte Jasper, agate, petrified wood See Rockhounding OR", "access": "verify", "status": "proven"}, "geometry": {"type": "Point", "coordinates": [-120.313, 43.8907]}}, {"type": "Feature", "properties": {"id": "rh48b71a31f6", "name": "Public Rockhounding area See Rockhounding", "_cat": "gem_other", "_grp": "gem", "_src": "rh", "stone": "Public rockhound area", "all stones": "Public rockhound area", "region": "Central Oregon", "ground": "unverified", "likelihood": 2, "sources": 1, "notes": "Public Rockhounding area See Rockhounding OR", "access": "verify"}, "geometry": {"type": "Point", "coordinates": [-120.317, 43.9]}}, {"type": "Feature", "properties": {"id": "rh4a57c2da28", "name": "Agate, jasper, petrified wood See", "_cat": "agate", "_grp": "gem", "_src": "rh", "stone": "Agate", "all stones": "Agate; Petrified wood; Jasper", "region": "Eastern Oregon", "ground": "unverified", "likelihood": 3, "sources": 1, "notes": "Agate, jasper, petrified wood See Rockhounding OR", "access": "verify"}, "geometry": {"type": "Point", "coordinates": [-118.3951, 45.2081]}}, {"type": "Feature", "properties": {"id": "rh959874fc27", "name": "Cornucopia", "_cat": "agate", "_grp": "gem", "_src": "rh", "stone": "Agate", "all stones": "Agate; Quartz", "region": "Eastern Oregon", "ground": "unverified", "likelihood": 3, "sources": 1, "notes": "Cornucopia Quartz, pyrite, agate See Rockhounding OR", "access": "verify"}, "geometry": {"type": "Point", "coordinates": [-117.2145, 45.0124]}}, {"type": "Feature", "properties": {"id": "rh2a7b0d7643", "name": "Troy", "_cat": "agate", "_grp": "gem", "_src": "rh", "stone": "Agate", "all stones": "Agate; Quartz; Jasper", "region": "Eastern Oregon", "ground": "unverified", "likelihood": 3, "sources": 1, "notes": "Troy Quartz, jasper agate See Rockhounding OR", "access": "verify"}, "geometry": {"type": "Point", "coordinates": [-117.4843, 45.8997]}}, {"type": "Feature", "properties": {"id": "rh72413ec7ce", "name": "Troy", "_cat": "agate", "_grp": "gem", "_src": "rh", "stone": "Agate", "all stones": "Agate; Quartz; Jasper", "region": "Eastern Oregon", "ground": "unverified", "likelihood": 3, "sources": 1, "notes": "Troy Agate, jasper, quartz See Rockhounding OR", "access": "verify"}, "geometry": {"type": "Point", "coordinates": [-117.4525, 45.9249]}}, {"type": "Feature", "properties": {"id": "rh9093caf47d", "name": "Idleyd Park", "_cat": "agate", "_grp": "gem", "_src": "rh", "stone": "Agate", "all stones": "Agate; Petrified wood; Jasper", "region": "Southern Oregon", "ground": "unverified", "likelihood": 3, "sources": 1, "notes": "Idleyd Park Agate, jasper, petrified wood See Rockhounding OR", "access": "verify"}, "geometry": {"type": "Point", "coordinates": [-123.0166, 43.326]}}, {"type": "Feature", "properties": {"id": "rha63ed1f5b2", "name": "Emigrant Lake", "_cat": "agate", "_grp": "gem", "_src": "rh", "stone": "Agate", "all stones": "Agate; Jasper", "region": "Southern Oregon", "ground": "unverified", "likelihood": 3, "sources": 1, "notes": "Emigrant Lake Agate, jasper, etc. See Rockhounding OR", "access": "verify"}, "geometry": {"type": "Point", "coordinates": [-122.6168, 42.1585]}}, {"type": "Feature", "properties": {"id": "rh6a19c9ed7b", "name": "Beulah Reservoir", "_cat": "agate", "_grp": "gem", "_src": "rh", "stone": "Agate", "all stones": "Agate; Fossils", "region": "SE / Owyhee", "ground": "unverified", "likelihood": 3, "sources": 1, "notes": "Beulah Reservoir Leaf fossils, agate See Rockhounding OR", "access": "verify"}, "geometry": {"type": "Point", "coordinates": [-118.1584, 43.9012]}}, {"type": "Feature", "properties": {"id": "rh918fa8cdf8", "name": "Cotton", "_cat": "agate", "_grp": "gem", "_src": "rh", "stone": "Agate", "all stones": "Agate; Petrified wood; Jasper", "region": "SE / Owyhee", "ground": "public water, private banks", "likelihood": 3, "sources": 1, "notes": "Cottonwood Creek Jasper, picture jasper, agate. etc. See Rockhounding OR", "access": "verify"}, "geometry": {"type": "Point", "coordinates": [-117.6739, 43.7403]}}, {"type": "Feature", "properties": {"id": "rh52d454ff59", "name": "Cotton", "_cat": "agate", "_grp": "gem", "_src": "rh", "stone": "Agate", "all stones": "Agate; Petrified wood; Jasper", "region": "SE / Owyhee", "ground": "public water, private banks", "likelihood": 3, "sources": 1, "notes": "Cottonwood Creek Jasper, picture jasper, agate. etc. See Rockhounding OR", "access": "verify"}, "geometry": {"type": "Point", "coordinates": [-117.703, 43.7104]}}, {"type": "Feature", "properties": {"id": "rhfdc0fc6694", "name": "Coyote Wells", "_cat": "obsidian", "_grp": "gem", "_src": "rh", "stone": "Obsidian", "all stones": "Obsidian; Agate; Jasper", "region": "SE / Owyhee", "ground": "unverified", "likelihood": 3, "sources": 1, "notes": "Coyote Wells Apache tears, agate, jasper See Rockhounding OR", "access": "verify"}, "geometry": {"type": "Point", "coordinates": [-117.7299, 43.5792]}}, {"type": "Feature", "properties": {"id": "rh69fabcd6b3", "name": "Skull Spring", "_cat": "obsidian", "_grp": "gem", "_src": "rh", "stone": "Obsidian", "all stones": "Obsidian; Agate; Jasper", "region": "SE / Owyhee", "ground": "unverified", "likelihood": 3, "sources": 1, "notes": "Skull Spring Apache tears, agate, jasper See Rockhounding OR", "access": "verify"}, "geometry": {"type": "Point", "coordinates": [-117.7668, 43.4214]}}, {"type": "Feature", "properties": {"id": "rh38472b8b38", "name": "Vines Hill", "_cat": "obsidian", "_grp": "gem", "_src": "rh", "stone": "Obsidian", "all stones": "Obsidian; Petrified wood", "region": "SE / Owyhee", "ground": "unverified", "likelihood": 3, "sources": 1, "notes": "Vines Hill Apache tears, petrified wood See Rockhounding OR", "access": "verify"}, "geometry": {"type": "Point", "coordinates": [-117.4447, 43.8976]}}, {"type": "Feature", "properties": {"id": "rh4bf1bb3e9f", "name": "Twin Springs", "_cat": "agate", "_grp": "gem", "_src": "rh", "stone": "Agate", "all stones": "Agate; Petrified wood; Jasper", "region": "SE / Owyhee", "ground": "unverified", "likelihood": 3, "sources": 1, "notes": "Twin Springs Agate, jasper, petrified wood, etc. See Rockhounding OR", "access": "verify"}, "geometry": {"type": "Point", "coordinates": [-117.4054, 43.5803]}}, {"type": "Feature", "properties": {"id": "rhb13633de67", "name": "Slocum Creek", "_cat": "agate", "_grp": "gem", "_src": "rh", "stone": "Agate", "all stones": "Agate; Jasper", "region": "SE / Owyhee", "ground": "public water, private banks", "likelihood": 3, "sources": 1, "notes": "Slocum Creek Agate, picture jasper, jasper and the nastiest flies in the state! See Rockhounding OR", "access": "verify"}, "geometry": {"type": "Point", "coordinates": [-117.326, 43.3225]}}, {"type": "Feature", "properties": {"id": "rh115c5eac92", "name": "Round Mountain", "_cat": "opal", "_grp": "gem", "_src": "rh", "stone": "Opal", "all stones": "Opal; Petrified wood", "region": "SE / Owyhee", "ground": "unverified", "likelihood": 3, "sources": 1, "notes": "Round Mountain Opalized petrified wood See Rockhounding OR See Gem Trails of ID & MT", "access": "verify"}, "geometry": {"type": "Point", "coordinates": [-117.1293, 43.3934]}}, {"type": "Feature", "properties": {"id": "rhf1f9983586", "name": "Borax Lake", "_cat": "obsidian", "_grp": "gem", "_src": "rh", "stone": "Obsidian", "all stones": "Obsidian; Agate; Jasper", "region": "Southern Oregon", "ground": "unverified", "likelihood": 3, "sources": 1, "notes": "Borax Lake Apache tears, agate, jasper, etc. See Rockhounding OR", "access": "verify"}, "geometry": {"type": "Point", "coordinates": [-118.6206, 42.3129]}}, {"type": "Feature", "properties": {"id": "rh310f31d2b2", "name": "Turn to Hines", "_cat": "obsidian", "_grp": "gem", "_src": "rh", "stone": "Obsidian", "all stones": "Obsidian", "region": "Eastern Oregon", "ground": "unverified", "likelihood": 2, "sources": 1, "notes": "Turn to Hines obsidian sites", "access": "verify"}, "geometry": {"type": "Point", "coordinates": [-119.0851, 43.5467]}}, {"type": "Feature", "properties": {"id": "rhe7dbbdece0", "name": "Plume agate See Gem Trails", "_cat": "agate", "_grp": "gem", "_src": "rh", "stone": "Agate", "all stones": "Agate", "region": "SE / Owyhee", "ground": "unverified", "likelihood": 3, "sources": 1, "notes": "Plume agate See Gem Trails of ID & MT", "access": "verify"}, "geometry": {"type": "Point", "coordinates": [-117.0784, 43.5823]}}, {"type": "Feature", "properties": {"id": "rhd3e618a0f5", "name": "Allen Spring Canyon", "_cat": "thunderegg", "_grp": "gem", "_src": "rh", "stone": "Thundereggs", "all stones": "Thundereggs", "region": "Central Oregon", "ground": "unverified", "likelihood": 3, "sources": 1, "notes": "Allen Spring Canyon Thundereggs Have been called \"Allen Canyon\" Loc. unk.!", "access": "verify"}, "geometry": {"type": "Point", "coordinates": [-119.6446, 45.0451]}}, {"type": "Feature", "properties": {"id": "rha4daa74631", "name": "Lizard Creek", "_cat": "wood", "_grp": "gem", "_src": "rh", "stone": "Petrified wood", "all stones": "Petrified wood; Jasper", "region": "Central Oregon", "ground": "public water, private banks", "likelihood": 3, "sources": 1, "notes": "Lizard Creek Wood replacement jasper Loc. unk.", "access": "verify"}, "geometry": {"type": "Point", "coordinates": [-120.3172, 43.7404]}}, {"type": "Feature", "properties": {"id": "rhc0861e2ba7", "name": "Cave Basin Dendritric pink", "_cat": "limbcast", "_grp": "gem", "_src": "rh", "stone": "Limb casts", "all stones": "Limb casts", "region": "Central Oregon", "ground": "unverified", "likelihood": 3, "sources": 1, "notes": "Cave Basin Dendritric pink limb casts Loc. approx.", "access": "verify"}, "geometry": {"type": "Point", "coordinates": [-120.02, 44.075]}}, {"type": "Feature", "properties": {"id": "rh9b8e24d072", "name": "Corvallis", "_cat": "wood", "_grp": "gem", "_src": "rh", "stone": "Petrified wood", "all stones": "Petrified wood", "region": "Willamette / Cascades", "ground": "unverified", "likelihood": 3, "sources": 1, "notes": "Corvallis Petrified wood in Willamette R. below town For quite a ways downriver", "access": "verify"}, "geometry": {"type": "Point", "coordinates": [-123.249, 44.576]}}, {"type": "Feature", "properties": {"id": "rh6266f7ac44", "name": "Carnelian, agate, jasper in river", "_cat": "carnelian", "_grp": "gem", "_src": "rh", "stone": "Carnelian", "all stones": "Carnelian; Agate; Jasper", "region": "Willamette / Cascades", "ground": "public water, private banks", "likelihood": 3, "sources": 1, "notes": "Carnelian, agate, jasper in river below town just about anywhere", "access": "verify"}, "geometry": {"type": "Point", "coordinates": [-122.581, 45.2]}}, {"type": "Feature", "properties": {"id": "rh6b88ec31ca", "name": "McDowell Creek", "_cat": "gem_other", "_grp": "gem", "_src": "rh", "stone": "Quartz", "all stones": "Quartz", "region": "Willamette / Cascades", "ground": "public water, private banks", "likelihood": 2, "sources": 1, "notes": "McDowell Creek Quartz crystals along road May be gated General loc.", "access": "verify"}, "geometry": {"type": "Point", "coordinates": [-122.671, 44.473]}}, {"type": "Feature", "properties": {"id": "rh9e748e2bb3", "name": "Eight Dollar Mountain and Westside Rd", "_cat": "carnelian", "_grp": "gem", "_src": "rh", "stone": "Carnelian", "all stones": "Carnelian", "region": "Oregon Coast", "ground": "unverified", "likelihood": 3, "sources": 1, "notes": "Eight Dollar Mountain and Westside Rd. Carnelian Loc. unknown", "access": "verify"}, "geometry": {"type": "Point", "coordinates": [-123.656, 42.229]}}, {"type": "Feature", "properties": {"id": "rh60049a352c", "name": "Noonday Ridge", "_cat": "gem_other", "_grp": "gem", "_src": "rh", "stone": "Quartz", "all stones": "Quartz", "region": "Willamette / Cascades", "ground": "unverified", "likelihood": 3, "sources": 1, "notes": "Noonday Ridge Quartz crystal clusters Loc. unk.", "access": "verify"}, "geometry": {"type": "Point", "coordinates": [-122.606, 43.601]}}, {"type": "Feature", "properties": {"id": "rh0e8bdcafb9", "name": "Willow Creek Trail", "_cat": "wood", "_grp": "gem", "_src": "rh", "stone": "Petrified wood", "all stones": "Petrified wood", "region": "Central Oregon", "ground": "public water, private banks", "likelihood": 3, "sources": 1, "notes": "Willow Creek Trail Petrified wood Loc. unknown", "access": "verify"}, "geometry": {"type": "Point", "coordinates": [-121.164, 44.646]}}, {"type": "Feature", "properties": {"id": "rh2dc70292ff", "name": "Snow Peak", "_cat": "wood", "_grp": "gem", "_src": "rh", "stone": "Petrified wood", "all stones": "Petrified wood", "region": "Willamette / Cascades", "ground": "unverified", "likelihood": 3, "sources": 1, "notes": "Snow Peak Petrified wood in stream Loc. unknown", "access": "verify"}, "geometry": {"type": "Point", "coordinates": [-122.601, 44.587]}}, {"type": "Feature", "properties": {"id": "rh9fdb30f37d", "name": "Horse Heaven Mine Yellow", "_cat": "agate", "_grp": "gem", "_src": "rh", "stone": "Agate", "all stones": "Agate", "region": "Central Oregon", "ground": "unverified", "likelihood": 4, "sources": 1, "notes": "Horse Heaven Mine Yellow moss agate Roadcuts this area General loc.", "access": "verify"}, "geometry": {"type": "Point", "coordinates": [-120.506, 44.717]}}, {"type": "Feature", "properties": {"id": "rh8ba43bc8a1", "name": "John Day Dam", "_cat": "agate", "_grp": "gem", "_src": "rh", "stone": "Agate", "all stones": "Agate; Jasper", "region": "Columbia Gorge", "ground": "unverified", "likelihood": 3, "sources": 1, "notes": "John Day Dam Agate jasper etc. See Gem Trails of WA 2", "access": "verify"}, "geometry": {"type": "Point", "coordinates": [-120.71214, 45.71382]}}, {"type": "Feature", "properties": {"id": "rh109fd447c6", "name": "Mosier", "_cat": "wood", "_grp": "gem", "_src": "rh", "stone": "Petrified wood", "all stones": "Petrified wood", "region": "Columbia Gorge", "ground": "unverified", "likelihood": 3, "sources": 2, "notes": "Mosier Petrified wood? Loc. unknown!", "access": "verify"}, "geometry": {"type": "Point", "coordinates": [-121.4132, 45.6872]}}, {"type": "Feature", "properties": {"id": "rhf61852b590", "name": "Hoodoo Canyon", "_cat": "opal", "_grp": "gem", "_src": "rh", "stone": "Opal", "all stones": "Opal; Petrified wood", "region": "SE / Owyhee", "ground": "unverified", "likelihood": 3, "sources": 1, "notes": "Hoodoo Canyon Opalized wood loc. unknown!", "access": "verify"}, "geometry": {"type": "Point", "coordinates": [-117.3956, 43.7771]}}, {"type": "Feature", "properties": {"id": "rh1aac58a7d1", "name": "Middle Fork Coquille River", "_cat": "wood", "_grp": "gem", "_src": "rh", "stone": "Petrified wood", "all stones": "Petrified wood", "region": "Oregon Coast", "ground": "public water, private banks", "likelihood": 3, "sources": 1, "notes": "Middle Fork Coquille River Petrified logs on road E of Bear Cr. loc. unknown!", "access": "verify"}, "geometry": {"type": "Point", "coordinates": [-123.7614, 42.9711]}}, {"type": "Feature", "properties": {"id": "rh6b183b97dc", "name": "Middle Fork Willamette River", "_cat": "agate", "_grp": "gem", "_src": "rh", "stone": "Agate", "all stones": "Agate; Jasper", "region": "Willamette / Cascades", "ground": "public water, private banks", "likelihood": 3, "sources": 1, "notes": "Middle Fork Willamette River Agate, jasper, etc. In gravel See Gem Trails of OR", "access": "verify"}, "geometry": {"type": "Point", "coordinates": [-122.41, 43.852]}}, {"type": "Feature", "properties": {"id": "rhb4ff6d9355", "name": "Middle Fork John Day River", "_cat": "wood", "_grp": "gem", "_src": "rh", "stone": "Petrified wood", "all stones": "Petrified wood; Jasper", "region": "Eastern Oregon", "ground": "public water, private banks", "likelihood": 3, "sources": 1, "notes": "Middle Fork John Day River Jasper, petrified wood, etc. In gravel See Gem Trails of OR", "access": "verify"}, "geometry": {"type": "Point", "coordinates": [-118.876, 44.766]}}, {"type": "Feature", "properties": {"id": "rh9dc088d588", "name": "Middle Fork Willamette River", "_cat": "wood", "_grp": "gem", "_src": "rh", "stone": "Petrified wood", "all stones": "Petrified wood", "region": "Willamette / Cascades", "ground": "public water, private banks", "likelihood": 2, "sources": 1, "notes": "Middle Fork Willamette River Petrified wood General area", "access": "verify"}, "geometry": {"type": "Point", "coordinates": [-122.578, 43.813]}}, {"type": "Feature", "properties": {"id": "rheee89a0623", "name": "South Alkali Creek", "_cat": "opal", "_grp": "gem", "_src": "rh", "stone": "Opal", "all stones": "Opal; Petrified wood", "region": "SE / Owyhee", "ground": "public water, private banks", "likelihood": 3, "sources": 1, "notes": "South Alkali Creek opal and opalized wood Extreme NE corner of section loc. unverified", "access": "verify"}, "geometry": {"type": "Point", "coordinates": [-117.177, 43.59]}}, {"type": "Feature", "properties": {"id": "rh6270bbf870", "name": "Hooker Creek Petriified", "_cat": "wood", "_grp": "gem", "_src": "rh", "stone": "Petrified wood", "all stones": "Petrified wood", "region": "SE / Owyhee", "ground": "public water, private banks", "likelihood": 3, "sources": 1, "notes": "Hooker Creek Petriified wood here to east", "access": "verify"}, "geometry": {"type": "Point", "coordinates": [-117.064, 43.088]}}, {"type": "Feature", "properties": {"id": "rh5b019a405e", "name": "Hooker Creek Petriified", "_cat": "wood", "_grp": "gem", "_src": "rh", "stone": "Petrified wood", "all stones": "Petrified wood", "region": "SE / Owyhee", "ground": "public water, private banks", "likelihood": 3, "sources": 1, "notes": "Hooker Creek Petriified wood here to east", "access": "verify"}, "geometry": {"type": "Point", "coordinates": [-117.048, 43.078]}}, {"type": "Feature", "properties": {"id": "rhdca981e9e6", "name": "Hooker Creek", "_cat": "wood", "_grp": "gem", "_src": "rh", "stone": "Petrified wood", "all stones": "Petrified wood", "region": "SE / Owyhee", "ground": "public water, private banks", "likelihood": 3, "sources": 1, "notes": "Hooker Creek Petrified wood on hillsides", "access": "verify"}, "geometry": {"type": "Point", "coordinates": [-117.046, 43.07]}}, {"type": "Feature", "properties": {"id": "rhae775fcc70", "name": "Swamp Creek Buttes", "_cat": "sunstone", "_grp": "gem", "_src": "rh", "stone": "Sunstone", "all stones": "Sunstone", "region": "SE / Owyhee", "ground": "confirmed public", "likelihood": 5, "sources": 1, "notes": "Swamp Creek Buttes Sunstone area (BLM - Uncomfirmed!)", "access": "verify"}, "geometry": {"type": "Point", "coordinates": [-118.07355, 43.36815]}}, {"type": "Feature", "properties": {"id": "rh37e2f78a21", "name": "Jordan Valley area", "_cat": "thunderegg", "_grp": "gem", "_src": "rh", "stone": "Thundereggs", "all stones": "Thundereggs; Petrified wood", "region": "SE / Owyhee", "ground": "confirmed public", "likelihood": 3, "sources": 1, "notes": "Jordan Valley area Thundereggs & wood (BLM - Unverified!)", "access": "verify"}, "geometry": {"type": "Point", "coordinates": [-117.05485, 42.99467]}}, {"type": "Feature", "properties": {"id": "rh95de2ade6d", "name": "BLM Prineville Reservoir Public Rockhoundi", "_cat": "agate", "_grp": "gem", "_src": "rh", "stone": "Agate", "all stones": "Agate", "region": "Central Oregon", "ground": "confirmed public", "likelihood": 3, "sources": 1, "notes": "BLM Prineville Reservoir Public Rockhounding Area For Agate & Moss Agate", "access": "verify"}, "geometry": {"type": "Point", "coordinates": [-120.7612, 44.12157]}}, {"type": "Feature", "properties": {"id": "rheab80cb70e", "name": "Riverside", "_cat": "opal", "_grp": "gem", "_src": "rh", "stone": "Opal", "all stones": "Opal; Agate", "region": "SE / Owyhee", "ground": "public water, private banks", "likelihood": 2, "sources": 1, "notes": "Riverside agate & opalite area See Gem Trails & Rockhounding OR", "access": "verify"}, "geometry": {"type": "Point", "coordinates": [-118.1351, 43.64991]}}, {"type": "Feature", "properties": {"id": "rh27b218730a", "name": "Winnemucca Creek Old Larry Kribs claims mo", "_cat": "agate", "_grp": "gem", "_src": "rh", "stone": "Agate", "all stones": "Agate", "region": "SE / Owyhee", "ground": "private \u2014 do not enter", "likelihood": 1, "sources": 1, "notes": "Winnemucca Creek Old Larry Kribs claims mostly in SW \u00bc Sec.18 Warms Springs plume agate", "access": "verify"}, "geometry": {"type": "Point", "coordinates": [-118.23175, 43.57047]}}, {"type": "Feature", "properties": {"id": "rhb2096bc342", "name": "Alvord Desert", "_cat": "sunstone", "_grp": "gem", "_src": "rh", "stone": "Sunstone", "all stones": "Sunstone", "region": "Southern Oregon", "ground": "unverified", "likelihood": 3, "sources": 1, "notes": "Alvord Desert sunstones Larry Kribs claim (current) loc. approx. (sec.)", "access": "verify"}, "geometry": {"type": "Point", "coordinates": [-118.44995, 42.36204]}}, {"type": "Feature", "properties": {"id": "rh9d3129ff98", "name": "Golden Glow Thundereggs Old claims", "_cat": "thunderegg", "_grp": "gem", "_src": "rh", "stone": "Thundereggs", "all stones": "Thundereggs", "region": "SE / Owyhee", "ground": "private \u2014 do not enter", "likelihood": 1, "sources": 1, "notes": "Golden Glow Thundereggs Old claims (Sec.)", "access": "verify"}, "geometry": {"type": "Point", "coordinates": [-117.58415, 42.08635]}}, {"type": "Feature", "properties": {"id": "rh9897d8e2f2", "name": "Tenmile Creek", "_cat": "agate", "_grp": "gem", "_src": "rh", "stone": "Agate", "all stones": "Agate", "region": "Oregon Coast", "ground": "public water, private banks", "likelihood": 3, "sources": 3, "notes": "Tenmile Creek agate in gravels", "access": "verify"}, "geometry": {"type": "Point", "coordinates": [-124.10317, 44.23067]}}, {"type": "Feature", "properties": {"id": "rh5de73ccc66", "name": "Clear Creek", "_cat": "agate", "_grp": "gem", "_src": "rh", "stone": "Agate", "all stones": "Agate", "region": "Oregon Coast", "ground": "private \u2014 do not enter", "likelihood": 1, "sources": 1, "notes": "Clear Creek agate area No collecting without permission Some local rock clubs lead field trips", "access": "verify"}, "geometry": {"type": "Point", "coordinates": [-123.30676, 45.80943]}}, {"type": "Feature", "properties": {"id": "rhbb82acffbc", "name": "Rock Creek", "_cat": "thunderegg", "_grp": "gem", "_src": "rh", "stone": "Thundereggs", "all stones": "Thundereggs", "region": "Southern Oregon", "ground": "public water, private banks", "likelihood": 3, "sources": 1, "notes": "Rock Creek thundereggs (section) Unverified! - Colburn", "access": "verify"}, "geometry": {"type": "Point", "coordinates": [-122.94337, 43.38073]}}, {"type": "Feature", "properties": {"id": "rh76fcca703e", "name": "Dorena Lake", "_cat": "wood", "_grp": "gem", "_src": "rh", "stone": "Petrified wood", "all stones": "Petrified wood", "region": "Willamette / Cascades", "ground": "unverified", "likelihood": 3, "sources": 1, "notes": "Dorena Lake Petrified wood At low water in fall? Loc. approx. (sec.)", "access": "verify"}, "geometry": {"type": "Point", "coordinates": [-122.9096, 43.75794]}}, {"type": "Feature", "properties": {"id": "rh6ee720cdc8", "name": "Butte Creek", "_cat": "wood", "_grp": "gem", "_src": "rh", "stone": "Petrified wood", "all stones": "Petrified wood", "region": "Willamette / Cascades", "ground": "public water, private banks", "likelihood": 4, "sources": 1, "notes": "Butte Creek Petrified wood & barnacles, sea urchins Loc. approx.", "access": "verify"}, "geometry": {"type": "Point", "coordinates": [-122.61307, 45.02572]}}, {"type": "Feature", "properties": {"id": "rhe4adae579a", "name": "Prineville Reservoir heights BLM Public ro", "_cat": "agate", "_grp": "gem", "_src": "rh", "stone": "Agate", "all stones": "Agate; Petrified wood", "region": "Central Oregon", "ground": "confirmed public", "likelihood": 3, "sources": 1, "notes": "Prineville Reservoir heights BLM Public rockhounding area agate (section) loc. unverified bog wood", "access": "verify"}, "geometry": {"type": "Point", "coordinates": [-120.85917, 44.11022]}}, {"type": "Feature", "properties": {"id": "rha5b7acf8a6", "name": "Prineville Reservoir heights BLM Public ro", "_cat": "agate", "_grp": "gem", "_src": "rh", "stone": "Agate", "all stones": "Agate; Petrified wood", "region": "Central Oregon", "ground": "confirmed public", "likelihood": 3, "sources": 1, "notes": "Prineville Reservoir heights BLM Public rockhounding area agate (section) loc. unverified bog wood", "access": "verify"}, "geometry": {"type": "Point", "coordinates": [-120.81901, 44.12492]}}, {"type": "Feature", "properties": {"id": "rh942ea5caad", "name": "Bear Creek BLM Public rockhounding area", "_cat": "agate", "_grp": "gem", "_src": "rh", "stone": "Agate", "all stones": "Agate; Petrified wood; Jasper; Fossils", "region": "Central Oregon", "ground": "confirmed public", "likelihood": 3, "sources": 1, "notes": "Bear Creek BLM Public rockhounding area Petrified wood, agate, jasper, leaf fossils loc. unverified", "access": "verify"}, "geometry": {"type": "Point", "coordinates": [-120.6769, 44.00856]}}, {"type": "Feature", "properties": {"id": "rh664c04ab37", "name": "Opal Creek Thundereggs (Colburn) I", "_cat": "opal", "_grp": "gem", "_src": "rh", "stone": "Opal", "all stones": "Opal; Thundereggs", "region": "Central Oregon", "ground": "public water, private banks", "likelihood": 3, "sources": 1, "notes": "Opal Creek Thundereggs (Colburn) I found cores in creek Loc. approx. (sec.)", "access": "verify"}, "geometry": {"type": "Point", "coordinates": [-120.61102, 44.57378]}}, {"type": "Feature", "properties": {"id": "rh24e4a746ff", "name": "Bear Creek", "_cat": "wood", "_grp": "gem", "_src": "rh", "stone": "Petrified wood", "all stones": "Petrified wood", "region": "Central Oregon", "ground": "private \u2014 do not enter", "likelihood": 1, "sources": 1, "notes": "Bear Creek Petrified wood (1/4 Sec.) (private property?)", "access": "verify"}, "geometry": {"type": "Point", "coordinates": [-120.59446, 43.93335]}}, {"type": "Feature", "properties": {"id": "rh2b9bc5bd7b", "name": "Big & Little Buck", "_cat": "thunderegg", "_grp": "gem", "_src": "rh", "stone": "Thundereggs", "all stones": "Thundereggs", "region": "Central Oregon", "ground": "unverified", "likelihood": 3, "sources": 1, "notes": "Big & Little Buck Thundereggs? (Sec.) Sleeping Beauty Thundereggs (Sec.) | OreRockOn: Big & Little Buck 2 Thundereggs? (Sec.) Sleeping Beauty Thundereggs (Sec.)", "access": "verify"}, "geometry": {"type": "Point", "coordinates": [-120.57104, 44.51623]}}, {"type": "Feature", "properties": {"id": "rh69af543d18", "name": "Ridgetop", "_cat": "thunderegg", "_grp": "gem", "_src": "rh", "stone": "Thundereggs", "all stones": "Thundereggs", "region": "Central Oregon", "ground": "unverified", "likelihood": 3, "sources": 2, "notes": "Ridgetop Thundereggs? (Sec.) Surface Collecting ONLY!", "access": "verify"}, "geometry": {"type": "Point", "coordinates": [-120.55114, 44.45914]}}, {"type": "Feature", "properties": {"id": "rhe395a30b9c", "name": "Post", "_cat": "wood", "_grp": "gem", "_src": "rh", "stone": "Petrified wood", "all stones": "Petrified wood", "region": "Central Oregon", "ground": "unverified", "likelihood": 3, "sources": 1, "notes": "Post Petrified wood Loc. approx. (sec.)", "access": "verify"}, "geometry": {"type": "Point", "coordinates": [-120.44263, 44.16476]}}, {"type": "Feature", "properties": {"id": "rh918b35ab21", "name": "Post", "_cat": "wood", "_grp": "gem", "_src": "rh", "stone": "Petrified wood", "all stones": "Petrified wood", "region": "Central Oregon", "ground": "unverified", "likelihood": 3, "sources": 1, "notes": "Post Petrified wood Loc. approx. (sec.)", "access": "verify"}, "geometry": {"type": "Point", "coordinates": [-120.41254, 44.16487]}}, {"type": "Feature", "properties": {"id": "rh464dbf797c", "name": "Old", "_cat": "agate", "_grp": "gem", "_src": "rh", "stone": "Agate", "all stones": "Agate", "region": "Central Oregon", "ground": "unverified", "likelihood": 2, "sources": 1, "notes": "Old Agate loc (loc approx.!)", "access": "verify"}, "geometry": {"type": "Point", "coordinates": [-120.35546, 44.323]}}, {"type": "Feature", "properties": {"id": "rh49951b2e7d", "name": "Butterscotch", "_cat": "agate", "_grp": "gem", "_src": "rh", "stone": "Agate", "all stones": "Agate", "region": "Central Oregon", "ground": "unverified", "likelihood": 4, "sources": 1, "notes": "Butterscotch Agate Claim Current 2014 (Sec.)", "access": "verify"}, "geometry": {"type": "Point", "coordinates": [-120.26025, 44.73378]}}, {"type": "Feature", "properties": {"id": "rh05987720b6", "name": "Brummer Springs", "_cat": "wood", "_grp": "gem", "_src": "rh", "stone": "Petrified wood", "all stones": "Petrified wood", "region": "Central Oregon", "ground": "unverified", "likelihood": 3, "sources": 1, "notes": "Brummer Springs Petrified wood Loc. approx. (sec.)", "access": "verify"}, "geometry": {"type": "Point", "coordinates": [-120.25057, 44.18331]}}, {"type": "Feature", "properties": {"id": "rh809baeb14b", "name": "Nelson Creek", "_cat": "wood", "_grp": "gem", "_src": "rh", "stone": "Petrified wood", "all stones": "Petrified wood", "region": "Central Oregon", "ground": "public water, private banks", "likelihood": 3, "sources": 1, "notes": "Nelson Creek Petrified wood East side of creek Loc. approx. (Sec.)", "access": "verify"}, "geometry": {"type": "Point", "coordinates": [-120.18974, 44.52859]}}, {"type": "Feature", "properties": {"id": "rh734357b3c2", "name": "McDermitt Purple Cow", "_cat": "agate", "_grp": "gem", "_src": "rh", "stone": "Agate", "all stones": "Agate", "region": "SE / Owyhee", "ground": "unverified", "likelihood": 3, "sources": 2, "notes": "McDermitt Purple Cow agate See Rockhounding OR", "access": "verify"}, "geometry": {"type": "Point", "coordinates": [-117.9351, 42.06235]}}, {"type": "Feature", "properties": {"id": "rh6eb3f7767f", "name": "Rome Snakeskin", "_cat": "agate", "_grp": "gem", "_src": "rh", "stone": "Agate", "all stones": "Agate", "region": "SE / Owyhee", "ground": "unverified", "likelihood": 3, "sources": 1, "notes": "Rome Snakeskin agate W side of draw loc. unverified", "access": "verify"}, "geometry": {"type": "Point", "coordinates": [-117.72383, 42.80775]}}, {"type": "Feature", "properties": {"id": "rh40ccae9f42", "name": "Malheur River Old claims", "_cat": "agate", "_grp": "gem", "_src": "rh", "stone": "Agate", "all stones": "Agate", "region": "SE / Owyhee", "ground": "private \u2014 do not enter", "likelihood": 1, "sources": 1, "notes": "Malheur River Old claims (agate?)", "access": "verify"}, "geometry": {"type": "Point", "coordinates": [-117.70614, 43.77631]}}, {"type": "Feature", "properties": {"id": "rh96f23b0edd", "name": "Tenmile Creek", "_cat": "thunderegg", "_grp": "gem", "_src": "rh", "stone": "Thundereggs", "all stones": "Thundereggs", "region": "SE / Owyhee", "ground": "private \u2014 do not enter", "likelihood": 1, "sources": 1, "notes": "Tenmile Creek Thundereggs? Old claims (Sec.)", "access": "verify"}, "geometry": {"type": "Point", "coordinates": [-117.68186, 42.08268]}}, {"type": "Feature", "properties": {"id": "rh03d9b324c5", "name": "Burnt River", "_cat": "wood", "_grp": "gem", "_src": "rh", "stone": "Petrified wood", "all stones": "Petrified wood", "region": "Eastern Oregon", "ground": "public water, private banks", "likelihood": 2, "sources": 1, "notes": "Burnt River Petrified Pine General loc. (sec.)", "access": "verify"}, "geometry": {"type": "Point", "coordinates": [-117.59649, 44.59198]}}, {"type": "Feature", "properties": {"id": "rhab329fb259", "name": "Vines Hill", "_cat": "sunstone", "_grp": "gem", "_src": "rh", "stone": "Sunstone", "all stones": "Sunstone", "region": "SE / Owyhee", "ground": "confirmed public", "likelihood": 4, "sources": 1, "notes": "Vines Hill sunstones (BLM - Unverified!)", "access": "verify"}, "geometry": {"type": "Point", "coordinates": [-117.45917, 43.89591]}}, {"type": "Feature", "properties": {"id": "rh6e3ee40e26", "name": "Mahogany Dendretic 6 & 7", "_cat": "obsidian", "_grp": "gem", "_src": "rh", "stone": "Obsidian", "all stones": "Obsidian; Agate", "region": "SE / Owyhee", "ground": "unverified", "likelihood": 3, "sources": 1, "notes": "Mahogany Dendretic 6 & 7 Old claim - dendritic agate? Loc. approx. (sec.)", "access": "verify"}, "geometry": {"type": "Point", "coordinates": [-117.32232, 43.23259]}}, {"type": "Feature", "properties": {"id": "rh0ece611056", "name": "Owyhee Pink", "_cat": "agate", "_grp": "gem", "_src": "rh", "stone": "Agate", "all stones": "Agate", "region": "SE / Owyhee", "ground": "private \u2014 do not enter", "likelihood": 1, "sources": 1, "notes": "Owyhee Pink Plume Agate Owyhee Gem & Min Soc Current claim (2009) Call for permission!", "access": "verify"}, "geometry": {"type": "Point", "coordinates": [-117.31976, 43.76223]}}, {"type": "Feature", "properties": {"id": "rhca5dd50a0c", "name": "Malheur River Old claims", "_cat": "agate", "_grp": "gem", "_src": "rh", "stone": "Agate", "all stones": "Agate", "region": "SE / Owyhee", "ground": "private \u2014 do not enter", "likelihood": 1, "sources": 1, "notes": "Malheur River Old claims (agate?)", "access": "verify"}, "geometry": {"type": "Point", "coordinates": [-117.68604, 43.77632]}}, {"type": "Feature", "properties": {"id": "rhc986f5c5d6", "name": "Eagle Rock", "_cat": "agate", "_grp": "gem", "_src": "rh", "stone": "Agate", "all stones": "Agate", "region": "Central Oregon", "ground": "unverified", "likelihood": 3, "sources": 1, "notes": "Eagle Rock Plume Agate Road closed 11/15-4/15 See Gem Trails & Rockhounding OR", "access": "verify"}, "geometry": {"type": "Point", "coordinates": [-120.66133, 44.1855]}}, {"type": "Feature", "properties": {"id": "rhadcc583b84", "name": "Swartz Canyon", "_cat": "wood", "_grp": "gem", "_src": "rh", "stone": "Petrified wood", "all stones": "Petrified wood", "region": "Central Oregon", "ground": "unverified", "likelihood": 3, "sources": 1, "notes": "Swartz Canyon Petrified Oak (Unverified - Colburn)", "access": "verify"}, "geometry": {"type": "Point", "coordinates": [-120.88833, 44.16825]}}, {"type": "Feature", "properties": {"id": "rh36654cea66", "name": "Agate/druzy/geodes/wood Good area to searc", "_cat": "thunderegg", "_grp": "gem", "_src": "rh", "stone": "Thundereggs", "all stones": "Thundereggs; Agate; Petrified wood", "region": "Willamette / Cascades", "ground": "unverified", "likelihood": 2, "sources": 1, "notes": "Agate/druzy/geodes/wood Good area to search at low water in the fall!", "access": "verify"}, "geometry": {"type": "Point", "coordinates": [-122.74941, 43.94153]}}, {"type": "Feature", "properties": {"id": "rhae0a4e81df", "name": "Juniper Mountain Jelly", "_cat": "opal", "_grp": "gem", "_src": "rh", "stone": "Opal", "all stones": "Opal", "region": "Southern Oregon", "ground": "private \u2014 do not enter", "likelihood": 1, "sources": 1, "notes": "Juniper Mountain Jelly Opal Vast area to explore Current claims in area! See Gem Trails of OR for fee mining", "access": "verify"}, "geometry": {"type": "Point", "coordinates": [-120.87091, 42.17661]}}, {"type": "Feature", "properties": {"id": "rh5e4e8231c6", "name": "Cottage Grove Inlet", "_cat": "wood", "_grp": "gem", "_src": "rh", "stone": "Petrified wood", "all stones": "Petrified wood; Jasper", "region": "Willamette / Cascades", "ground": "public water, private banks", "likelihood": 3, "sources": 1, "notes": "Cottage Grove Inlet Jasper & petrified wood on gravel bars at low water", "access": "verify"}, "geometry": {"type": "Point", "coordinates": [-123.0744, 43.67294]}}, {"type": "Feature", "properties": {"id": "rhfb65d8e361", "name": "Harney Lake", "_cat": "agate", "_grp": "gem", "_src": "rh", "stone": "Agate", "all stones": "Agate", "region": "Eastern Oregon", "ground": "unverified", "likelihood": 3, "sources": 1, "notes": "Harney Lake Agate? 3 mi.S of rd. (Highland Rock Shop)", "access": "verify"}, "geometry": {"type": "Point", "coordinates": [-118.99401, 43.20858]}}, {"type": "Feature", "properties": {"id": "rhb642812a56", "name": "Burns Black", "_cat": "obsidian", "_grp": "gem", "_src": "rh", "stone": "Obsidian", "all stones": "Obsidian", "region": "Eastern Oregon", "ground": "unverified", "likelihood": 3, "sources": 1, "notes": "Burns Black obsidian Along road from here to OBSI11", "access": "verify"}, "geometry": {"type": "Point", "coordinates": [-119.14558, 43.61701]}}, {"type": "Feature", "properties": {"id": "rh29b046adcb", "name": "Meldrum Bar", "_cat": "carnelian", "_grp": "gem", "_src": "rh", "stone": "Carnelian", "all stones": "Carnelian; Agate; Petrified wood; Jasper", "region": "Willamette / Cascades", "ground": "public water, private banks", "likelihood": 3, "sources": 1, "notes": "Meldrum Bar Agate Jasper petrified wood carnelian In river gravel Best in early summer and in the rain! See RHOR 2", "access": "verify"}, "geometry": {"type": "Point", "coordinates": [-122.61536, 45.37741]}}, {"type": "Feature", "properties": {"id": "rh4dcfc2f8be", "name": "Willamette Mission Park", "_cat": "agate", "_grp": "gem", "_src": "rh", "stone": "Agate", "all stones": "Agate; Jasper", "region": "Willamette / Cascades", "ground": "public water, private banks", "likelihood": 3, "sources": 1, "notes": "Willamette Mission Park Agate jasper etc. In river gravels Best after water drops in the spring These sites get hit hard!", "access": "verify"}, "geometry": {"type": "Point", "coordinates": [-123.05571, 45.08154]}}, {"type": "Feature", "properties": {"id": "rhc388567af5", "name": "Irish Bend Park", "_cat": "agate", "_grp": "gem", "_src": "rh", "stone": "Agate", "all stones": "Agate; Jasper", "region": "Willamette / Cascades", "ground": "public water, private banks", "likelihood": 3, "sources": 1, "notes": "Irish Bend Park Agate jasper etc. In river gravels Best after water drops in the spring These sites get hit hard!", "access": "verify"}, "geometry": {"type": "Point", "coordinates": [-123.21944, 44.36104]}}, {"type": "Feature", "properties": {"id": "rhde82a96012", "name": "Lyle hillsides, 2 mi E of town", "_cat": "wood", "_grp": "gem", "_src": "rh", "stone": "Petrified wood", "all stones": "Petrified wood", "region": "Columbia Gorge", "ground": "unverified", "likelihood": 3, "sources": 1, "notes": "Petrified wood in hillsides east of Lyle.", "access": "verify"}, "geometry": {"type": "Point", "coordinates": [-121.2423, 45.6954]}}, {"type": "Feature", "properties": {"id": "rh17bccd8463", "name": "Klickitat River, 6 mi upstream of Lyle", "_cat": "wood", "_grp": "gem", "_src": "rh", "stone": "Petrified wood", "all stones": "Petrified wood", "region": "Columbia Gorge", "ground": "public water, private banks", "likelihood": 3, "sources": 1, "notes": "Petrified wood in Klickitat River gravels upstream from Lyle.", "access": "verify"}, "geometry": {"type": "Point", "coordinates": [-121.2085, 45.7532]}}, {"type": "Feature", "properties": {"id": "rh9f7dfc5f9d", "name": "Washougal, 2.5 mi NE", "_cat": "amethyst", "_grp": "gem", "_src": "rh", "stone": "Amethyst", "all stones": "Amethyst; Carnelian; Agate; Quartz; Jasper", "region": "Columbia Gorge", "ground": "public water, private banks", "likelihood": 3, "sources": 2, "notes": "Moss agate and amethyst NE of Washougal. | OreRockOn: Washougal River Agate, carnelian, jasper, etc. See RHWA", "access": "verify"}, "geometry": {"type": "Point", "coordinates": [-122.2735, 45.6165]}}, {"type": "Feature", "properties": {"id": "rh160bce791c", "name": "Kelso, cliffs along I-5", "_cat": "agate", "_grp": "gem", "_src": "rh", "stone": "Agate", "all stones": "Agate", "region": "SW Washington", "ground": "unverified", "likelihood": 3, "sources": 1, "notes": "Agate at the base of cliffs south of Kelso along I-5.", "access": "verify"}, "geometry": {"type": "Point", "coordinates": [-122.8677, 46.0672]}}, {"type": "Feature", "properties": {"id": "rh94639be255", "name": "Toledo, river & stream gravels", "_cat": "thunderegg", "_grp": "gem", "_src": "rh", "stone": "Thundereggs", "all stones": "Thundereggs", "region": "SW Washington", "ground": "public water, private banks", "likelihood": 2, "sources": 1, "notes": "Geodes and nodules in area river and stream gravels.", "access": "verify"}, "geometry": {"type": "Point", "coordinates": [-122.8434, 46.4428]}}, {"type": "Feature", "properties": {"id": "rh0c5a74c56c", "name": "Newaukum River gravels near Forest", "_cat": "thunderegg", "_grp": "gem", "_src": "rh", "stone": "Thundereggs", "all stones": "Thundereggs; Carnelian; Chalcedony; Agate; Jasper", "region": "SW Washington", "ground": "public water, private banks", "likelihood": 3, "sources": 3, "notes": "Book site 12. Agate, carnelian, jasper in river gravels. Bar-hunting; best at low water. | Geodes and nodules in Newaukum River gravels. | OreRockOn: Newaukum River Agate, carnelian, jasper, etc. See RHWA", "access": "verify"}, "geometry": {"type": "Point", "coordinates": [-122.8613, 46.6076]}}, {"type": "Feature", "properties": {"id": "rh678c27cce8", "name": "Lucas Creek, E of Adna", "_cat": "thunderegg", "_grp": "gem", "_src": "rh", "stone": "Thundereggs", "all stones": "Thundereggs; Carnelian; Chalcedony; Agate; Petrified wood; Jasper", "region": "SW Washington", "ground": "public water, private banks", "likelihood": 3, "sources": 1, "notes": "Agate, carnelian, chalcedony, geodes, jasper, petrified wood. Low elevation, flat, family-friendly; accessible year-round.", "access": "verify"}, "geometry": {"type": "Point", "coordinates": [-122.7723, 46.6389]}}, {"type": "Feature", "properties": {"id": "rhc98ffef331", "name": "McCoy Farm near Adna (fee)", "_cat": "carnelian", "_grp": "gem", "_src": "rh", "stone": "Carnelian", "all stones": "Carnelian; Petrified wood", "region": "SW Washington", "ground": "private \u2014 do not enter", "likelihood": 2, "sources": 1, "notes": "Fee dig: carnelian and petrified wood.", "access": "verify"}, "geometry": {"type": "Point", "coordinates": [-123.1414, 46.6171]}}, {"type": "Feature", "properties": {"id": "rhf506a9389e", "name": "Centralia, regional stream gravels", "_cat": "thunderegg", "_grp": "gem", "_src": "rh", "stone": "Thundereggs", "all stones": "Thundereggs; Carnelian; Chalcedony; Agate; Petrified wood; Jasper", "region": "SW Washington", "ground": "public water, private banks", "likelihood": 2, "sources": 1, "notes": "Agate, carnelian, chalcedony, geodes, jasper, petrified wood in regional stream and river gravels.", "access": "verify"}, "geometry": {"type": "Point", "coordinates": [-122.9415, 46.7461]}}, {"type": "Feature", "properties": {"id": "rh15d8526b85", "name": "Doty, Chehalis River gravels", "_cat": "thunderegg", "_grp": "gem", "_src": "rh", "stone": "Thundereggs", "all stones": "Thundereggs; Carnelian; Chalcedony; Agate; Petrified wood; Jasper; Crystals (augite, epidote)", "region": "SW Washington", "ground": "public water, private banks", "likelihood": 4, "sources": 2, "notes": "Book site 14. Augite crystals (phenocrysts) in greenish-black porphyry tuff. Long-published locality. | Chehalis River gravels: agate, carnelian, chalcedony, geodes, jasper, petrified wood.", "access": "verify"}, "geometry": {"type": "Point", "coordinates": [-123.28, 46.6425]}}, {"type": "Feature", "properties": {"id": "rhdd27709343", "name": "Pe Ell, river & stream gravels", "_cat": "thunderegg", "_grp": "gem", "_src": "rh", "stone": "Thundereggs", "all stones": "Thundereggs; Carnelian; Chalcedony; Agate; Petrified wood; Jasper; Fossils", "region": "SW Washington", "ground": "public water, private banks", "likelihood": 2, "sources": 3, "notes": "Regional river and stream gravels; broad quartz-family variety. | OreRockOn: Pe Ell Mollusc fossils Near bridge or RR bridge? Loc. unknown | OreRockOn: Pe Ell Marine fossils In roadcuts W side R 1 mi. N of town Loc. unk", "access": "verify"}, "geometry": {"type": "Point", "coordinates": [-123.3035, 46.5737]}}, {"type": "Feature", "properties": {"id": "rh06f5b5e5e4", "name": "Willapa Hills gravels & road cuts", "_cat": "agate", "_grp": "gem", "_src": "rh", "stone": "Agate", "all stones": "Agate; Fossils", "region": "SW Washington", "ground": "public water, private banks", "likelihood": 2, "sources": 1, "notes": "Agatized fossil shells in area gravels and road cuts.", "access": "verify"}, "geometry": {"type": "Point", "coordinates": [-123.5019, 46.667]}}, {"type": "Feature", "properties": {"id": "rh79be0b6a32", "name": "Lebam, Willapa River gravels", "_cat": "chalcedony", "_grp": "gem", "_src": "rh", "stone": "Chalcedony", "all stones": "Chalcedony; Fossils", "region": "SW Washington", "ground": "public water, private banks", "likelihood": 3, "sources": 1, "notes": "Agatized fossil shells and chalcedony in Willapa River gravels.", "access": "verify"}, "geometry": {"type": "Point", "coordinates": [-123.5648, 46.5635]}}, {"type": "Feature", "properties": {"id": "rh06fb964f2e", "name": "Green Creek, N of Holcomb", "_cat": "carnelian", "_grp": "gem", "_src": "rh", "stone": "Carnelian", "all stones": "Carnelian; Chalcedony; Agate; Jasper; Fossils", "region": "SW Washington", "ground": "public water, private banks", "likelihood": 3, "sources": 2, "notes": "Book site 15. Marine fossil agate casts near Raymond. | Agate, carnelian, chalcedony, jasper.", "access": "verify"}, "geometry": {"type": "Point", "coordinates": [-123.6151, 46.5883]}}, {"type": "Feature", "properties": {"id": "rhcc476b7231", "name": "Long Beach, beach gravels", "_cat": "chalcedony", "_grp": "gem", "_src": "rh", "stone": "Chalcedony", "all stones": "Chalcedony; Agate; Quartz", "region": "SW Washington", "ground": "public water, private banks", "likelihood": 3, "sources": 1, "notes": "Agate, chalcedony, quartz in beach gravels.", "access": "verify"}, "geometry": {"type": "Point", "coordinates": [-124.0643, 46.3608]}}, {"type": "Feature", "properties": {"id": "rhf9325dd7c1", "name": "Ocean Park, beach gravels", "_cat": "chalcedony", "_grp": "gem", "_src": "rh", "stone": "Chalcedony", "all stones": "Chalcedony; Agate; Quartz", "region": "SW Washington", "ground": "public water, private banks", "likelihood": 3, "sources": 1, "notes": "Agate, chalcedony, quartz in beach gravels.", "access": "verify"}, "geometry": {"type": "Point", "coordinates": [-124.0587, 46.4924]}}, {"type": "Feature", "properties": {"id": "rhdc51b0772c", "name": "Mt. Adams area", "_cat": "carnelian", "_grp": "gem", "_src": "rh", "stone": "Carnelian", "all stones": "Carnelian; Chalcedony; Agate; Quartz; Jasper", "region": "SW Washington", "ground": "unverified", "likelihood": 2, "sources": 1, "notes": "Agate, carnelian, chalcedony, jasper, quartz crystals.", "access": "verify"}, "geometry": {"type": "Point", "coordinates": [-121.5474, 46.2359]}}, {"type": "Feature", "properties": {"id": "rh48623447d6", "name": "Bickleton, W of town", "_cat": "carnelian", "_grp": "gem", "_src": "rh", "stone": "Carnelian", "all stones": "Carnelian; Agate; Petrified wood; Jasper", "region": "SW Washington", "ground": "unverified", "likelihood": 3, "sources": 1, "notes": "Agate, carnelian, jasper, opalized wood west of Bickleton.", "access": "verify"}, "geometry": {"type": "Point", "coordinates": [-120.5152, 46.0199]}}, {"type": "Feature", "properties": {"id": "rha37ac6cdcb", "name": "Chehalis River (Rockhounding WA #13)", "_cat": "carnelian", "_grp": "gem", "_src": "rh", "stone": "Carnelian", "all stones": "Carnelian; Chalcedony; Agate; Jasper", "region": "SW Washington", "ground": "public water, private banks", "likelihood": 3, "sources": 1, "notes": "Book site 13. Agate, carnelian, jasper in Chehalis gravels.", "access": "verify"}, "geometry": {"type": "Point", "coordinates": [-123.04, 46.66]}}, {"type": "Feature", "properties": {"id": "rh089c444994", "name": "Grays River (#16)", "_cat": "agate", "_grp": "gem", "_src": "rh", "stone": "Agate", "all stones": "Agate; Quartz; Jasper; Fossils", "region": "SW Washington", "ground": "public water, private banks", "likelihood": 3, "sources": 2, "notes": "Book site 16. Agate, quartz, jasper in river gravels; lower Columbia tributary. | OreRockOn: Hull Creek Mollusc fossils In stream Loc. approx.", "access": "verify"}, "geometry": {"type": "Point", "coordinates": [-123.58, 46.37]}}, {"type": "Feature", "properties": {"id": "rh92e27b17ff", "name": "Salmon Creek / Silver Lake (#17)", "_cat": "agate", "_grp": "gem", "_src": "rh", "stone": "Agate", "all stones": "Agate", "region": "SW Washington", "ground": "public water, private banks", "likelihood": 3, "sources": 1, "notes": "Book site 17. Siderite concretions and agate near Silver Lake, Mount St. Helens country.", "access": "verify"}, "geometry": {"type": "Point", "coordinates": [-122.79, 46.31]}}, {"type": "Feature", "properties": {"id": "rha874713f17", "name": "Washougal River (#18)", "_cat": "carnelian", "_grp": "gem", "_src": "rh", "stone": "Carnelian", "all stones": "Carnelian; Chalcedony; Agate; Jasper", "region": "Columbia Gorge", "ground": "public water, private banks", "likelihood": 3, "sources": 1, "notes": "Book site 18. Agate, carnelian, jasper in Washougal River gravels. Close to Portland.", "access": "verify"}, "geometry": {"type": "Point", "coordinates": [-122.33, 45.64]}}, {"type": "Feature", "properties": {"id": "rh6233a610e8", "name": "Rock Creek, Columbia Gorge (#20)", "_cat": "chalcedony", "_grp": "gem", "_src": "rh", "stone": "Chalcedony", "all stones": "Chalcedony; Agate; Quartz; Zeolite", "region": "Columbia Gorge", "ground": "public water, private banks", "likelihood": 4, "sources": 1, "notes": "Book site 20. Agate, chalcedony, quartz, zeolites in Gorge basalt drainage.", "access": "verify"}, "geometry": {"type": "Point", "coordinates": [-121.9, 45.7]}}, {"type": "Feature", "properties": {"id": "rha717c85b54", "name": "Lewis River (#21)", "_cat": "agate", "_grp": "gem", "_src": "rh", "stone": "Agate", "all stones": "Agate; Jasper; Zeolite", "region": "SW Washington", "ground": "public water, private banks", "likelihood": 3, "sources": 1, "notes": "Book site 21. Agate, jasper, zeolites in Lewis River gravels. A SW Washington favorite.", "access": "verify"}, "geometry": {"type": "Point", "coordinates": [-122.45, 45.95]}}, {"type": "Feature", "properties": {"id": "rh771ae4b69b", "name": "East Canyon Creek, Upper Cispus (#22)", "_cat": "agate", "_grp": "gem", "_src": "rh", "stone": "Agate", "all stones": "Agate; Jasper", "region": "SW Washington", "ground": "public water, private banks", "likelihood": 3, "sources": 1, "notes": "Book site 22. Agate and jasper in the upper Cispus drainage.", "access": "verify"}, "geometry": {"type": "Point", "coordinates": [-121.75, 46.42]}}, {"type": "Feature", "properties": {"id": "rhfdb340f886", "name": "McCoy Creek pyrite (#23)", "_cat": "agate", "_grp": "gem", "_src": "rh", "stone": "Agate", "all stones": "Agate; Jasper; Zeolite", "region": "SW Washington", "ground": "public water, private banks", "likelihood": 3, "sources": 2, "notes": "Book site 23. Pyrite crystals. | OreRockOn: Lewis River Agate, jasper, zeolites See RHWA", "access": "verify"}, "geometry": {"type": "Point", "coordinates": [-121.895, 46.145]}}, {"type": "Feature", "properties": {"id": "rhbdb996c0e8", "name": "Klickitat River (#24)", "_cat": "agate", "_grp": "gem", "_src": "rh", "stone": "Agate", "all stones": "Agate; Petrified wood; Jasper", "region": "Columbia Gorge", "ground": "public water, private banks", "likelihood": 3, "sources": 1, "notes": "Book site 24. Agate, jasper, petrified wood along the Klickitat.", "access": "verify"}, "geometry": {"type": "Point", "coordinates": [-121.17, 45.85]}}, {"type": "Feature", "properties": {"id": "rhbfef66aa4c", "name": "Satsop River (#11)", "_cat": "carnelian", "_grp": "gem", "_src": "rh", "stone": "Carnelian", "all stones": "Carnelian; Chalcedony; Agate; Petrified wood; Jasper; Fossils", "region": "SW Washington", "ground": "public water, private banks", "likelihood": 3, "sources": 2, "notes": "Book site 11. Agate, carnelian, jasper in Satsop River gravels. | OreRockOn: Satsop marine fossils, jasper, petrified wood, chalcedony See Gem Trai", "access": "verify"}, "geometry": {"type": "Point", "coordinates": [-123.491, 47.0]}}, {"type": "Feature", "properties": {"id": "rhe5520082c7", "name": "Wynoochee River (#10)", "_cat": "gem_other", "_grp": "gem", "_src": "rh", "stone": "Quartz", "all stones": "Quartz; Jasper; Crystals (augite, epidote)", "region": "SW Washington", "ground": "public water, private banks", "likelihood": 3, "sources": 1, "notes": "Book site 10. Quartzite, epidote, jasper in river gravels.", "access": "verify"}, "geometry": {"type": "Point", "coordinates": [-123.6, 47.07]}}, {"type": "Feature", "properties": {"id": "rhf0f4394007", "name": "Roza Creek", "_cat": "wood", "_grp": "gem", "_src": "rh", "stone": "Petrified wood", "all stones": "Petrified wood", "region": "SW Washington", "ground": "public water, private banks", "likelihood": 3, "sources": 1, "notes": "Roza Creek Petrified wood Loc. unknown!", "access": "verify"}, "geometry": {"type": "Point", "coordinates": [-120.476, 46.791]}}, {"type": "Feature", "properties": {"id": "rh4436cf1e6b", "name": "North Fork Squaw Creek", "_cat": "wood", "_grp": "gem", "_src": "rh", "stone": "Petrified wood", "all stones": "Petrified wood", "region": "SW Washington", "ground": "public water, private banks", "likelihood": 3, "sources": 1, "notes": "North Fork Squaw Creek Petrified wood (Section) On Yakima Firing Ra", "access": "verify"}, "geometry": {"type": "Point", "coordinates": [-120.2762, 46.8315]}}, {"type": "Feature", "properties": {"id": "rhc14a266bb4", "name": "Grays River", "_cat": "agate", "_grp": "gem", "_src": "rh", "stone": "Agate", "all stones": "Agate", "region": "SW Washington", "ground": "public water, private banks", "likelihood": 4, "sources": 1, "notes": "Grays River Agate at top of quarry See Gem Trails &amp; Rockhounding W", "access": "verify"}, "geometry": {"type": "Point", "coordinates": [-123.5163, 46.3804]}}, {"type": "Feature", "properties": {"id": "rh474bfc015d", "name": "Salmon Creek Siderite", "_cat": "agate", "_grp": "gem", "_src": "rh", "stone": "Agate", "all stones": "Agate; Petrified wood; Jasper; Fossils", "region": "SW Washington", "ground": "public water, private banks", "likelihood": 3, "sources": 2, "notes": "Salmon Creek Siderite Concretions Agate, petrified wood, jasper Se | OreRockOn: Everything upstream from here is Weyerhaeuser land and is OFF LIMITS TO COLLE", "access": "verify"}, "geometry": {"type": "Point", "coordinates": [-122.8002, 46.4116]}}, {"type": "Feature", "properties": {"id": "rh9683894dfc", "name": "Altoona Twisted", "_cat": "gem_other", "_grp": "gem", "_src": "rh", "stone": "Quartz", "all stones": "Quartz", "region": "SW Washington", "ground": "unverified", "likelihood": 3, "sources": 1, "notes": "Altoona Twisted quartz crystals in cliff face (loc approx.!) Also m", "access": "verify"}, "geometry": {"type": "Point", "coordinates": [-123.6368, 46.2663]}}, {"type": "Feature", "properties": {"id": "rh09efa4c42c", "name": "Altoona Druzy", "_cat": "gem_other", "_grp": "gem", "_src": "rh", "stone": "Quartz", "all stones": "Quartz", "region": "SW Washington", "ground": "unverified", "likelihood": 3, "sources": 1, "notes": "Altoona Druzy quartz crystals See Gem Trails of WA", "access": "verify"}, "geometry": {"type": "Point", "coordinates": [-123.6617, 46.276]}}, {"type": "Feature", "properties": {"id": "rh97a0d40a3c", "name": "Quartz &amp; calcite in quarry", "_cat": "gem_other", "_grp": "gem", "_src": "rh", "stone": "Quartz", "all stones": "Quartz", "region": "SW Washington", "ground": "unverified", "likelihood": 4, "sources": 1, "notes": "Quartz &amp; calcite in quarry", "access": "verify"}, "geometry": {"type": "Point", "coordinates": [-123.4433, 46.3951]}}, {"type": "Feature", "properties": {"id": "rh91afd6ff2b", "name": "Rawson Microminerals in quarry", "_cat": "zeolite", "_grp": "gem", "_src": "rh", "stone": "Zeolite", "all stones": "Zeolite; Crystals (augite, epidote)", "region": "Columbia Gorge", "ground": "unverified", "likelihood": 4, "sources": 2, "notes": "Rawson Microminerals in quarry See Gem Trails &amp; Rockhounding WA | OreRockOn: Zeolite minerals in quarry See Rockhounding WA", "access": "verify"}, "geometry": {"type": "Point", "coordinates": [-122.3183, 45.718]}}, {"type": "Feature", "properties": {"id": "rh6ae55c1807", "name": "Reecer Canyon Ellensburg Blue", "_cat": "agate", "_grp": "gem", "_src": "rh", "stone": "Agate", "all stones": "Agate", "region": "SW Washington", "ground": "unverified", "likelihood": 2, "sources": 1, "notes": "Reecer Canyon Ellensburg Blue agate General area", "access": "verify"}, "geometry": {"type": "Point", "coordinates": [-120.5906, 47.1712]}}, {"type": "Feature", "properties": {"id": "rh6aa8026ea6", "name": "Rock N Tomahawk Ranch Ellensburg Blue", "_cat": "agate", "_grp": "gem", "_src": "rh", "stone": "Agate", "all stones": "Agate", "region": "SW Washington", "ground": "private \u2014 do not enter", "likelihood": 1, "sources": 1, "notes": "Rock N Tomahawk Ranch Ellensburg Blue agate http://rockntomahawk.websi", "access": "verify"}, "geometry": {"type": "Point", "coordinates": [-120.634, 47.161]}}, {"type": "Feature", "properties": {"id": "rh1b6a5d221e", "name": "Dry Creek Canyon Ellensburg Blue", "_cat": "agate", "_grp": "gem", "_src": "rh", "stone": "Agate", "all stones": "Agate", "region": "SW Washington", "ground": "public water, private banks", "likelihood": 2, "sources": 1, "notes": "Dry Creek Canyon Ellensburg Blue agate General area", "access": "verify"}, "geometry": {"type": "Point", "coordinates": [-120.6896, 47.1407]}}, {"type": "Feature", "properties": {"id": "rhb33a784e7a", "name": "Horse Canyon Ellensburg Blue", "_cat": "agate", "_grp": "gem", "_src": "rh", "stone": "Agate", "all stones": "Agate", "region": "SW Washington", "ground": "unverified", "likelihood": 2, "sources": 1, "notes": "Horse Canyon Ellensburg Blue agate General area", "access": "verify"}, "geometry": {"type": "Point", "coordinates": [-120.7367, 47.1459]}}, {"type": "Feature", "properties": {"id": "rh3ad7f5106a", "name": "Boulder Creek Blue", "_cat": "thunderegg", "_grp": "gem", "_src": "rh", "stone": "Thundereggs", "all stones": "Thundereggs; Agate", "region": "SW Washington", "ground": "public water, private banks", "likelihood": 3, "sources": 1, "notes": "Boulder Creek Blue agate geodes Loc unknown", "access": "verify"}, "geometry": {"type": "Point", "coordinates": [-120.655, 47.2523]}}, {"type": "Feature", "properties": {"id": "rh56de48b2f5", "name": "Williams Creek Blue", "_cat": "thunderegg", "_grp": "gem", "_src": "rh", "stone": "Thundereggs", "all stones": "Thundereggs; Agate", "region": "SW Washington", "ground": "public water, private banks", "likelihood": 3, "sources": 1, "notes": "Williams Creek Blue agate geodes Loc unknown", "access": "verify"}, "geometry": {"type": "Point", "coordinates": [-120.6481, 47.2664]}}, {"type": "Feature", "properties": {"id": "rh9530f90495", "name": "Crystal Hill Agate geodes Loc", "_cat": "thunderegg", "_grp": "gem", "_src": "rh", "stone": "Thundereggs", "all stones": "Thundereggs; Chalcedony; Agate; Quartz; Jasper", "region": "SW Washington", "ground": "unverified", "likelihood": 3, "sources": 2, "notes": "Crystal Hill Agate geodes Loc approx.! See WSMC maps | OreRockOn: Crystal Hill Agate, chalcedony, jasper, calcite See Gem Trails 2 &amp;", "access": "verify"}, "geometry": {"type": "Point", "coordinates": [-120.627, 47.232]}}, {"type": "Feature", "properties": {"id": "rh9d0988bfe0", "name": "First Creek Ellensburg Blue", "_cat": "thunderegg", "_grp": "gem", "_src": "rh", "stone": "Thundereggs", "all stones": "Thundereggs; Agate; Quartz", "region": "SW Washington", "ground": "public water, private banks", "likelihood": 4, "sources": 6, "notes": "First Creek Ellensburg Blue agate Locked gate! Foot access OK See G | OreRockOn: Agate nodules, some with black &amp; white banding | OreRockOn: Larger nodules some with black plumes | OreRockOn: seam agate, mostly grey blue &amp; banded | OreRockOn: seam agate float, agate &amp; crystal nodules, calcite | OreRockOn: yellow &amp; red agate float", "access": "verify"}, "geometry": {"type": "Point", "coordinates": [-120.6942, 47.208]}}, {"type": "Feature", "properties": {"id": "rha2adcc6595", "name": "Ellensburg Blue", "_cat": "agate", "_grp": "gem", "_src": "rh", "stone": "Agate", "all stones": "Agate", "region": "SW Washington", "ground": "unverified", "likelihood": 2, "sources": 1, "notes": "Ellensburg Blue agate General area Reported as Sec", "access": "verify"}, "geometry": {"type": "Point", "coordinates": [-120.658, 47.114]}}, {"type": "Feature", "properties": {"id": "rh41dd8715b3", "name": "Red Top Lookout", "_cat": "thunderegg", "_grp": "gem", "_src": "rh", "stone": "Thundereggs", "all stones": "Thundereggs; Agate", "region": "SW Washington", "ground": "unverified", "likelihood": 3, "sources": 8, "notes": "Red Top Lookout | OreRockOn: Parking See Gem Trails &amp; Rockhounding WA | OreRockOn: Red Top Mtn Agate downhill from trail | OreRockOn: Red Top Mtn Agate either side of trail | OreRockOn: Red Top Mtn Agate Hard rock digging! | OreRockOn: Agate nodules See Gem Trails of WA 2", "access": "verify"}, "geometry": {"type": "Point", "coordinates": [-120.7607, 47.3016]}}, {"type": "Feature", "properties": {"id": "rh8f5f1d6bd9", "name": "Yellow Hill Parking", "_cat": "agate", "_grp": "gem", "_src": "rh", "stone": "Agate", "all stones": "Agate; Jasper", "region": "SW Washington", "ground": "public water, private banks", "likelihood": 3, "sources": 4, "notes": "Yellow Hill Parking See Gem Trails of WA 2 | OreRockOn: Yellow Hill Agate, jasper, jasp-agate Site 1 See Gem Trails of WA 2 | OreRockOn: Middle Fork Teanaway River Agate &amp; jasper in river gravel See G", "access": "verify"}, "geometry": {"type": "Point", "coordinates": [-120.9655, 47.2954]}}, {"type": "Feature", "properties": {"id": "rh2de49c204c", "name": "Petrified wood on island? Ed", "_cat": "wood", "_grp": "gem", "_src": "rh", "stone": "Petrified wood", "all stones": "Petrified wood; Fossils", "region": "SW Washington", "ground": "unverified", "likelihood": 3, "sources": 1, "notes": "Petrified wood on island? Ed Strauss http://www.mashell.com/~estrauss/", "access": "verify"}, "geometry": {"type": "Point", "coordinates": [-122.3071, 46.7958]}}, {"type": "Feature", "properties": {"id": "rh022f136f7b", "name": "Adna pit?", "_cat": "agate", "_grp": "gem", "_src": "rh", "stone": "Agate", "all stones": "Agate", "region": "SW Washington", "ground": "unverified", "likelihood": 2, "sources": 1, "notes": "Adna pit? agate", "access": "verify"}, "geometry": {"type": "Point", "coordinates": [-123.0721, 46.6192]}}, {"type": "Feature", "properties": {"id": "rh7d7c3275dd", "name": "Agates along roadcuts &amp; quarries", "_cat": "agate", "_grp": "gem", "_src": "rh", "stone": "Agate", "all stones": "Agate", "region": "SW Washington", "ground": "unverified", "likelihood": 2, "sources": 1, "notes": "Agates along roadcuts &amp; quarries general area", "access": "verify"}, "geometry": {"type": "Point", "coordinates": [-123.1076, 46.6029]}}, {"type": "Feature", "properties": {"id": "rh58473efee2", "name": "Ceres Hill", "_cat": "agate", "_grp": "gem", "_src": "rh", "stone": "Agate", "all stones": "Agate", "region": "SW Washington", "ground": "unverified", "likelihood": 4, "sources": 3, "notes": "Ceres Hill agate beds See Gem Trails of WA, WA Agate &amp; Min Soc Web", "access": "verify"}, "geometry": {"type": "Point", "coordinates": [-123.1154, 46.6243]}}, {"type": "Feature", "properties": {"id": "rhc4f5222557", "name": "Agate casts of marine fossils", "_cat": "agate", "_grp": "gem", "_src": "rh", "stone": "Agate", "all stones": "Agate; Fossils", "region": "SW Washington", "ground": "public water, private banks", "likelihood": 3, "sources": 1, "notes": "Agate casts of marine fossils in creek gravels @ low water See Gem Tra", "access": "verify"}, "geometry": {"type": "Point", "coordinates": [-123.5961, 46.5858]}}, {"type": "Feature", "properties": {"id": "rh98cd7948cc", "name": "Geodes, wood, carnelian, jasper entire", "_cat": "thunderegg", "_grp": "gem", "_src": "rh", "stone": "Thundereggs", "all stones": "Thundereggs; Carnelian; Petrified wood; Jasper", "region": "SW Washington", "ground": "unverified", "likelihood": 2, "sources": 1, "notes": "Geodes, wood, carnelian, jasper entire area: farms, stream, powerline", "access": "verify"}, "geometry": {"type": "Point", "coordinates": [-122.7332, 46.8141]}}, {"type": "Feature", "properties": {"id": "rha540c0808e", "name": "Last Chance Mine Copper minerals", "_cat": "malachite", "_grp": "gem", "_src": "rh", "stone": "Malachite / azurite", "all stones": "Malachite / azurite", "region": "Columbia Gorge", "ground": "unverified", "likelihood": 4, "sources": 1, "notes": "Last Chance Mine Copper minerals", "access": "verify"}, "geometry": {"type": "Point", "coordinates": [-122.2144, 45.7101]}}, {"type": "Feature", "properties": {"id": "rhb18a01fb1a", "name": "George Cr. Pastel", "_cat": "agate", "_grp": "gem", "_src": "rh", "stone": "Agate", "all stones": "Agate; Jasper", "region": "SW Washington", "ground": "unverified", "likelihood": 3, "sources": 1, "notes": "George Cr. Pastel jasper in talus agate &amp; jasper See Gem Trails", "access": "verify"}, "geometry": {"type": "Point", "coordinates": [-121.4617, 47.081]}}, {"type": "Feature", "properties": {"id": "rh83d1cbfefe", "name": "Red &amp; black", "_cat": "opal", "_grp": "gem", "_src": "rh", "stone": "Opal", "all stones": "Opal; Agate; Petrified wood; Jasper", "region": "SW Washington", "ground": "public water, private banks", "likelihood": 4, "sources": 4, "notes": "Red &amp; black agate, jasper, wood in bank between roads | OreRockOn: Enumclaw Red &amp; Black agate See Gem Trails of WA, See Rockhounding | OreRockOn: Enumclaw Grey, Red &amp; Black agate with opal patterns See Rockhoundi | OreRockOn: Enumclaw Columnar basalt specimens See Gem Trails of WA 2", "access": "verify"}, "geometry": {"type": "Point", "coordinates": [-121.5245, 47.1042]}}, {"type": "Feature", "properties": {"id": "rh1e166a9b96", "name": "Enhydro", "_cat": "agate", "_grp": "gem", "_src": "rh", "stone": "Agate", "all stones": "Agate", "region": "SW Washington", "ground": "unverified", "likelihood": 3, "sources": 1, "notes": "Enhydro agate nofules in roadcut E side", "access": "verify"}, "geometry": {"type": "Point", "coordinates": [-122.8293, 46.0288]}}, {"type": "Feature", "properties": {"id": "rhbc81b718d9", "name": "Easton Ridge", "_cat": "thunderegg", "_grp": "gem", "_src": "rh", "stone": "Thundereggs", "all stones": "Thundereggs; Agate", "region": "SW Washington", "ground": "unverified", "likelihood": 2, "sources": 1, "notes": "Easton Ridge agate nodules general area", "access": "verify"}, "geometry": {"type": "Point", "coordinates": [-121.0456, 47.2051]}}, {"type": "Feature", "properties": {"id": "rh219b160c93", "name": "Frost Mountain", "_cat": "thunderegg", "_grp": "gem", "_src": "rh", "stone": "Thundereggs", "all stones": "Thundereggs; Agate", "region": "SW Washington", "ground": "unverified", "likelihood": 3, "sources": 1, "notes": "Frost Mountain agate nodules loc. approx. See WSMC maps", "access": "verify"}, "geometry": {"type": "Point", "coordinates": [-120.9951, 47.0631]}}, {"type": "Feature", "properties": {"id": "rh54957466d8", "name": "Goldendale Reportedly gate, carnelian, woo", "_cat": "carnelian", "_grp": "gem", "_src": "rh", "stone": "Carnelian", "all stones": "Carnelian; Petrified wood", "region": "Columbia Gorge", "ground": "unverified", "likelihood": 2, "sources": 1, "notes": "Goldendale Reportedly gate, carnelian, wood in canyons", "access": "verify"}, "geometry": {"type": "Point", "coordinates": [-120.7995, 45.8387]}}, {"type": "Feature", "properties": {"id": "rh722516127a", "name": "Pyramid Creek druzy", "_cat": "gem_other", "_grp": "gem", "_src": "rh", "stone": "Quartz", "all stones": "Quartz", "region": "SW Washington", "ground": "public water, private banks", "likelihood": 3, "sources": 1, "notes": "Pyramid Creek druzy quartz in talus See Gem Trails of WA", "access": "verify"}, "geometry": {"type": "Point", "coordinates": [-121.4282, 47.1128]}}, {"type": "Feature", "properties": {"id": "rh3323c8bc8a", "name": "Manatash Ridge", "_cat": "thunderegg", "_grp": "gem", "_src": "rh", "stone": "Thundereggs", "all stones": "Thundereggs", "region": "SW Washington", "ground": "unverified", "likelihood": 2, "sources": 1, "notes": "Manatash Ridge geodes general area", "access": "verify"}, "geometry": {"type": "Point", "coordinates": [-121.1446, 47.0982]}}, {"type": "Feature", "properties": {"id": "rhd23091310c", "name": "Manatash Ridge", "_cat": "thunderegg", "_grp": "gem", "_src": "rh", "stone": "Thundereggs", "all stones": "Thundereggs", "region": "SW Washington", "ground": "unverified", "likelihood": 3, "sources": 1, "notes": "Manatash Ridge geodes in talus &amp; cliffs See WSMC maps", "access": "verify"}, "geometry": {"type": "Point", "coordinates": [-121.1124, 47.0834]}}, {"type": "Feature", "properties": {"id": "rhb60f457b55", "name": "Timberwolf Mtn", "_cat": "gem_other", "_grp": "gem", "_src": "rh", "stone": "Quartz", "all stones": "Quartz", "region": "SW Washington", "ground": "unverified", "likelihood": 3, "sources": 1, "notes": "Timberwolf Mtn quartz crystals See Gem Trails 2 &amp; Rockhounding WA", "access": "verify"}, "geometry": {"type": "Point", "coordinates": [-121.139, 46.7537]}}, {"type": "Feature", "properties": {"id": "rhba7fd85e06", "name": "Beaver Creek", "_cat": "carnelian", "_grp": "gem", "_src": "rh", "stone": "Carnelian", "all stones": "Carnelian; Agate; Petrified wood", "region": "SW Washington", "ground": "public water, private banks", "likelihood": 2, "sources": 1, "notes": "Beaver Creek agate, carnelian, wood General area", "access": "verify"}, "geometry": {"type": "Point", "coordinates": [-122.5558, 46.3929]}}, {"type": "Feature", "properties": {"id": "rh3e990e4ece", "name": "Pigeon Springs", "_cat": "carnelian", "_grp": "gem", "_src": "rh", "stone": "Carnelian", "all stones": "Carnelian; Agate; Petrified wood", "region": "SW Washington", "ground": "unverified", "likelihood": 2, "sources": 1, "notes": "Pigeon Springs agate, carnelian, wood General area - DO NOT GO PAST GA", "access": "verify"}, "geometry": {"type": "Point", "coordinates": [-122.6192, 46.6288]}}, {"type": "Feature", "properties": {"id": "rhf47d139df0", "name": "Quartz Creek See Gem Trails", "_cat": "gem_other", "_grp": "gem", "_src": "rh", "stone": "Quartz", "all stones": "Quartz", "region": "SW Washington", "ground": "public water, private banks", "likelihood": 3, "sources": 1, "notes": "Quartz Creek See Gem Trails &amp; Rockhounding WA", "access": "verify"}, "geometry": {"type": "Point", "coordinates": [-121.0989, 47.0276]}}, {"type": "Feature", "properties": {"id": "rhceb8390040", "name": "Quartz Creek thunderegg masses in", "_cat": "thunderegg", "_grp": "gem", "_src": "rh", "stone": "Thundereggs", "all stones": "Thundereggs; Quartz", "region": "SW Washington", "ground": "public water, private banks", "likelihood": 3, "sources": 2, "notes": "Quartz Creek thunderegg masses in roadcut FR 1901 2.1 mi. past FR 723(", "access": "verify"}, "geometry": {"type": "Point", "coordinates": [-121.0981, 47.0413]}}, {"type": "Feature", "properties": {"id": "rh9f79fd8f90", "name": "Pyramid Creek", "_cat": "thunderegg", "_grp": "gem", "_src": "rh", "stone": "Thundereggs", "all stones": "Thundereggs; Agate", "region": "SW Washington", "ground": "public water, private banks", "likelihood": 3, "sources": 1, "notes": "Pyramid Creek agate nodules in creek &amp; banks See Rockhounding WA", "access": "verify"}, "geometry": {"type": "Point", "coordinates": [-121.4498, 47.1161]}}, {"type": "Feature", "properties": {"id": "rh07705c2ac0", "name": "Slippery Creek", "_cat": "thunderegg", "_grp": "gem", "_src": "rh", "stone": "Thundereggs", "all stones": "Thundereggs; Agate; Quartz", "region": "SW Washington", "ground": "public water, private banks", "likelihood": 3, "sources": 1, "notes": "Slippery Creek agate &amp; quartz geodes 2 mi. on FR 6400 from FR 1725", "access": "verify"}, "geometry": {"type": "Point", "coordinates": [-121.6587, 47.1834]}}, {"type": "Feature", "properties": {"id": "rhd97a9ea941", "name": "Wildcat Creek", "_cat": "gem_other", "_grp": "gem", "_src": "rh", "stone": "Quartz", "all stones": "Quartz; Crystals (augite, epidote)", "region": "SW Washington", "ground": "public water, private banks", "likelihood": 3, "sources": 3, "notes": "Wildcat Creek Augite crystals in roadcut on L-3000 See Gem Trails | OreRockOn: Wildcat Creek More Augite See Gem Trails of WA", "access": "verify"}, "geometry": {"type": "Point", "coordinates": [-123.288, 46.707]}}, {"type": "Feature", "properties": {"id": "rh3c6c1b0103", "name": "Lucas Creek", "_cat": "carnelian", "_grp": "gem", "_src": "rh", "stone": "Carnelian", "all stones": "Carnelian; Agate; Petrified wood; Jasper", "region": "SW Washington", "ground": "public water, private banks", "likelihood": 3, "sources": 3, "notes": "Lucas Creek agate, jasper, carnelian, wood See WA Agate &amp; Min Soc", "access": "verify"}, "geometry": {"type": "Point", "coordinates": [-122.7083, 46.6504]}}, {"type": "Feature", "properties": {"id": "rh58148049ec", "name": "Lucas Creek", "_cat": "carnelian", "_grp": "gem", "_src": "rh", "stone": "Carnelian", "all stones": "Carnelian; Agate; Petrified wood; Jasper", "region": "SW Washington", "ground": "public water, private banks", "likelihood": 3, "sources": 1, "notes": "Lucas Creek agate, jasper, carnelian, wood See WA Agate &amp; Min Soc Web", "access": "verify"}, "geometry": {"type": "Point", "coordinates": [-122.6988, 46.6425]}}, {"type": "Feature", "properties": {"id": "rh2443b567be", "name": "Salmon Creek Siderite", "_cat": "agate", "_grp": "gem", "_src": "rh", "stone": "Agate", "all stones": "Agate; Petrified wood; Jasper; Fossils", "region": "SW Washington", "ground": "public water, private banks", "likelihood": 3, "sources": 3, "notes": "Salmon Creek Siderite Concretions Agate, petrified wood, jasper Se", "access": "verify"}, "geometry": {"type": "Point", "coordinates": [-122.7967, 46.3935]}}, {"type": "Feature", "properties": {"id": "rhb886be80e8", "name": "agate &amp; crystal nodules some", "_cat": "amethyst", "_grp": "gem", "_src": "rh", "stone": "Amethyst", "all stones": "Amethyst; Thundereggs; Agate; Quartz; Petrified wood; Jasper; Zeolite", "region": "SW Washington", "ground": "public water, private banks", "likelihood": 4, "sources": 13, "notes": "agate &amp; crystal nodules some smoky &amp; amethyst See Gem Trails & | OreRockOn: seam agate to 4' | OreRockOn: crystal nodules to 18' with zeolites | OreRockOn: float agate &amp; crystals in talus See Gem Trails of WA 2 | OreRockOn: agate, jasper, pet. wood | OreRockOn: 2 thunderegg beds | OreRockOn: thundereggs | OreRockOn: low grade white agate | OreRockOn: small, scarce crystal nodules | Ore", "access": "verify"}, "geometry": {"type": "Point", "coordinates": [-120.6718, 47.2097]}}, {"type": "Feature", "properties": {"id": "rha985a2dcc8", "name": "seam", "_cat": "agate", "_grp": "gem", "_src": "rh", "stone": "Agate", "all stones": "Agate", "region": "SW Washington", "ground": "public water, private banks", "likelihood": 4, "sources": 4, "notes": "seam agate float to 20 lbs. | OreRockOn: low grade seam agate | OreRockOn: agate float to 500 lbs. 2 mile section | OreRockOn: Some of these sites are from a customer who received a free copy for their s", "access": "verify"}, "geometry": {"type": "Point", "coordinates": [-120.6511, 47.2115]}}, {"type": "Feature", "properties": {"id": "rh165909ca30", "name": "Lavender/green", "_cat": "agate", "_grp": "gem", "_src": "rh", "stone": "Agate", "all stones": "Agate", "region": "SW Washington", "ground": "unverified", "likelihood": 3, "sources": 1, "notes": "Lavender/green plume, lace, black agate", "access": "verify"}, "geometry": {"type": "Point", "coordinates": [-120.6902, 47.2169]}}, {"type": "Feature", "properties": {"id": "rh48e62e6d02", "name": "Gate (Road Closed", "_cat": "agate", "_grp": "gem", "_src": "rh", "stone": "Agate", "all stones": "Agate", "region": "SW Washington", "ground": "unverified", "likelihood": 3, "sources": 2, "notes": "Gate (Road Closed) | OreRockOn: Enumclaw Black agate See Gem Trails of WA 2", "access": "verify"}, "geometry": {"type": "Point", "coordinates": [-121.5398, 47.1218]}}, {"type": "Feature", "properties": {"id": "rh8a37dea0de", "name": "Talus slope 2.3 mi. from gate", "_cat": "agate", "_grp": "gem", "_src": "rh", "stone": "Agate", "all stones": "Agate; Petrified wood; Jasper", "region": "SW Washington", "ground": "unverified", "likelihood": 3, "sources": 1, "notes": "Talus slope 2.3 mi. from gate Agate, jasper, wood", "access": "verify"}, "geometry": {"type": "Point", "coordinates": [-121.5043, 47.1171]}}, {"type": "Feature", "properties": {"id": "rh8df9019b3d", "name": "Agate nodules, geodes, seam agate", "_cat": "thunderegg", "_grp": "gem", "_src": "rh", "stone": "Thundereggs", "all stones": "Thundereggs; Agate", "region": "SW Washington", "ground": "unverified", "likelihood": 4, "sources": 1, "notes": "Agate nodules, geodes, seam agate See Rockhounding WA", "access": "verify"}, "geometry": {"type": "Point", "coordinates": [-121.4652, 47.104]}}, {"type": "Feature", "properties": {"id": "rhaccd839aae", "name": "Green, red, black", "_cat": "agate", "_grp": "gem", "_src": "rh", "stone": "Agate", "all stones": "Agate; Jasper", "region": "SW Washington", "ground": "public water, private banks", "likelihood": 4, "sources": 2, "notes": "Green, red, black agate in talus 0.4 mi. from Rd. 7222 | OreRockOn: Red jasper seam down bank 0.9 mi. from Rd. 7222", "access": "verify"}, "geometry": {"type": "Point", "coordinates": [-121.5077, 47.1074]}}, {"type": "Feature", "properties": {"id": "rhbbeca40c41", "name": "Seam", "_cat": "agate", "_grp": "gem", "_src": "rh", "stone": "Agate", "all stones": "Agate; Quartz", "region": "SW Washington", "ground": "unverified", "likelihood": 4, "sources": 2, "notes": "Seam agate &amp; quartz plates in hill", "access": "verify"}, "geometry": {"type": "Point", "coordinates": [-121.5011, 47.0963]}}, {"type": "Feature", "properties": {"id": "rhf4d7fae187", "name": "Rimrock Lake", "_cat": "thunderegg", "_grp": "gem", "_src": "rh", "stone": "Thundereggs", "all stones": "Thundereggs", "region": "SW Washington", "ground": "unverified", "likelihood": 3, "sources": 1, "notes": "Rimrock Lake thundereggs Under bridge", "access": "verify"}, "geometry": {"type": "Point", "coordinates": [-121.1333, 46.6287]}}, {"type": "Feature", "properties": {"id": "rhdb89257fcf", "name": "Pucker Huddle area petirfied", "_cat": "wood", "_grp": "gem", "_src": "rh", "stone": "Petrified wood", "all stones": "Petrified wood", "region": "Columbia Gorge", "ground": "unverified", "likelihood": 2, "sources": 1, "notes": "Pucker Huddle area petirfied wood Location unknown!", "access": "verify"}, "geometry": {"type": "Point", "coordinates": [-121.5174, 45.7353]}}, {"type": "Feature", "properties": {"id": "rhfb1f1388b4", "name": "Agate on either side of", "_cat": "agate", "_grp": "gem", "_src": "rh", "stone": "Agate", "all stones": "Agate", "region": "SW Washington", "ground": "unverified", "likelihood": 3, "sources": 1, "notes": "Agate on either side of road Take ridgetop trail N or S", "access": "verify"}, "geometry": {"type": "Point", "coordinates": [-120.7612, 47.2831]}}, {"type": "Feature", "properties": {"id": "rh511939fe72", "name": "Red Top Mtn \"Blue Slide\"", "_cat": "agate", "_grp": "gem", "_src": "rh", "stone": "Agate", "all stones": "Agate; Quartz", "region": "SW Washington", "ground": "unverified", "likelihood": 2, "sources": 3, "notes": "Red Top Mtn \"Blue Slide\" agates? | OreRockOn: Red Top Mtn Quartz crystals VERY general location! | OreRockOn: Red Top Mtn 4WD vehicles can park here in good weather", "access": "verify"}, "geometry": {"type": "Point", "coordinates": [-120.7469, 47.3158]}}, {"type": "Feature", "properties": {"id": "rhf929c1aaac", "name": "Red Top Mtn", "_cat": "thunderegg", "_grp": "gem", "_src": "rh", "stone": "Thundereggs", "all stones": "Thundereggs; Agate", "region": "SW Washington", "ground": "unverified", "likelihood": 2, "sources": 2, "notes": "Red Top Mtn Agate geodes General location! | OreRockOn: Red Top Mtn Agates General location!", "access": "verify"}, "geometry": {"type": "Point", "coordinates": [-120.7484, 47.3275]}}, {"type": "Feature", "properties": {"id": "rhbacbad6108", "name": "Timberwolf Mtn. geol. map", "_cat": "wood", "_grp": "gem", "_src": "rh", "stone": "Petrified wood", "all stones": "Petrified wood", "region": "SW Washington", "ground": "unverified", "likelihood": 3, "sources": 1, "notes": "Timberwolf Mtn. geol. map Petrified wood &amp; twigs", "access": "verify"}, "geometry": {"type": "Point", "coordinates": [-121.1384, 46.8079]}}, {"type": "Feature", "properties": {"id": "rhd9ca7b21b0", "name": "Wood Gulch Petrified wood (opal", "_cat": "opal", "_grp": "gem", "_src": "rh", "stone": "Opal", "all stones": "Opal; Agate; Petrified wood", "region": "Columbia Gorge", "ground": "unverified", "likelihood": 3, "sources": 1, "notes": "Wood Gulch Petrified wood (opal &amp; agate) Entire canyon See G", "access": "verify"}, "geometry": {"type": "Point", "coordinates": [-120.2062, 45.7669]}}, {"type": "Feature", "properties": {"id": "rh09eb8db44a", "name": "Locke Lake", "_cat": "wood", "_grp": "gem", "_src": "rh", "stone": "Petrified wood", "all stones": "Petrified wood", "region": "Columbia Gorge", "ground": "unverified", "likelihood": 3, "sources": 1, "notes": "Locke Lake Petrified wood? Loc. unverified!", "access": "verify"}, "geometry": {"type": "Point", "coordinates": [-121.3991, 45.6992]}}, {"type": "Feature", "properties": {"id": "rhdaad32e8b7", "name": "Green Mountain", "_cat": "thunderegg", "_grp": "gem", "_src": "rh", "stone": "Thundereggs", "all stones": "Thundereggs; Agate; Petrified wood; Jasper", "region": "SW Washington", "ground": "unverified", "likelihood": 3, "sources": 4, "notes": "Green Mountain agate nodules, geodes, jasper, petrified wood loc. appr", "access": "verify"}, "geometry": {"type": "Point", "coordinates": [-122.7788, 46.0068]}}, {"type": "Feature", "properties": {"id": "rhb67d0a9ed1", "name": "Green Mountain", "_cat": "thunderegg", "_grp": "gem", "_src": "rh", "stone": "Thundereggs", "all stones": "Thundereggs; Agate; Petrified wood; Jasper", "region": "SW Washington", "ground": "unverified", "likelihood": 3, "sources": 1, "notes": "Green Mountain agate nodules, geodes, jasper, petrified wood dry pond(", "access": "verify"}, "geometry": {"type": "Point", "coordinates": [-122.7562, 45.9888]}}, {"type": "Feature", "properties": {"id": "rh0f24d5719d", "name": "Little Naches River", "_cat": "thunderegg", "_grp": "gem", "_src": "rh", "stone": "Thundereggs", "all stones": "Thundereggs; Quartz", "region": "SW Washington", "ground": "public water, private banks", "likelihood": 3, "sources": 1, "notes": "Little Naches River geodes &amp; quartz in talus &amp; cliffs See W", "access": "verify"}, "geometry": {"type": "Point", "coordinates": [-121.1789, 47.0921]}}, {"type": "Feature", "properties": {"id": "rh7570db880c", "name": "White River Tree Farm", "_cat": "agate", "_grp": "gem", "_src": "rh", "stone": "Agate", "all stones": "Agate; Jasper", "region": "SW Washington", "ground": "public water, private banks", "likelihood": 3, "sources": 1, "notes": "White River Tree Farm Jasper &amp; agate in clearing Location appro", "access": "verify"}, "geometry": {"type": "Point", "coordinates": [-121.7608, 47.1397]}}, {"type": "Feature", "properties": {"id": "rh1ba01967d4", "name": "White River Tree Farm", "_cat": "thunderegg", "_grp": "gem", "_src": "rh", "stone": "Thundereggs", "all stones": "Thundereggs; Agate; Jasper", "region": "SW Washington", "ground": "public water, private banks", "likelihood": 2, "sources": 3, "notes": "White River Tree Farm Agate &amp; jasper in slide General loc.! | OreRockOn: White River Tree Farm Thundereggs Approx. loc.!", "access": "verify"}, "geometry": {"type": "Point", "coordinates": [-121.7468, 47.1338]}}, {"type": "Feature", "properties": {"id": "rh943e3967c3", "name": "White River Tree Farm", "_cat": "opal_fire", "_grp": "gem", "_src": "rh", "stone": "Precious / fire opal", "all stones": "Precious / fire opal; Opal; Thundereggs; Agate; Jasper", "region": "SW Washington", "ground": "public water, private banks", "likelihood": 4, "sources": 7, "notes": "White River Tree Farm Moss agate &amp; jasper Dig in swampy area Ap | OreRockOn: White River Tree Farm Jasper in roadcuts? General area! | OreRockOn: White River Tree Farm \"Glory Hole\" moss agate top of roadcut on W side | OreRockOn: White River Tree Farm Thundereggs on hillside W side Loc. approx.! | OreRockOn: White River Tree Farm Agate &amp; precious opal thundereggs on hillsid", "access": "verify"}, "geometry": {"type": "Point", "coordinates": [-121.7277, 47.1215]}}, {"type": "Feature", "properties": {"id": "rh3bf1701302", "name": "White River Tree Farm", "_cat": "agate", "_grp": "gem", "_src": "rh", "stone": "Agate", "all stones": "Agate; Jasper", "region": "SW Washington", "ground": "public water, private banks", "likelihood": 3, "sources": 1, "notes": "White River Tree Farm Agate &amp; jasper float Loc. VERY approx.!", "access": "verify"}, "geometry": {"type": "Point", "coordinates": [-121.7176, 47.1101]}}, {"type": "Feature", "properties": {"id": "rhcf43ce60bc", "name": "White River Tree Farm", "_cat": "opal", "_grp": "gem", "_src": "rh", "stone": "Opal", "all stones": "Opal; Thundereggs; Agate", "region": "SW Washington", "ground": "public water, private banks", "likelihood": 3, "sources": 1, "notes": "White River Tree Farm Agate, thundereggs, opal in slide Loc. approx.!", "access": "verify"}, "geometry": {"type": "Point", "coordinates": [-121.7493, 47.1614]}}, {"type": "Feature", "properties": {"id": "rh8c1bf266f2", "name": "Lion Rock Flourescent", "_cat": "gem_other", "_grp": "gem", "_src": "rh", "stone": "Quartz", "all stones": "Quartz", "region": "SW Washington", "ground": "unverified", "likelihood": 3, "sources": 1, "notes": "Lion Rock Flourescent calcite crystals See Gem Trails 2 &amp; Rockhoun", "access": "verify"}, "geometry": {"type": "Point", "coordinates": [-120.5858, 47.2525]}}, {"type": "Feature", "properties": {"id": "rh86d69e2387", "name": "Yellow Hill", "_cat": "agate", "_grp": "gem", "_src": "rh", "stone": "Agate", "all stones": "Agate; Jasper", "region": "SW Washington", "ground": "unverified", "likelihood": 3, "sources": 1, "notes": "Yellow Hill Agate, jasper, jasp-agate Old rd. to right Loc. approx.", "access": "verify"}, "geometry": {"type": "Point", "coordinates": [-120.9999, 47.2928]}}, {"type": "Feature", "properties": {"id": "rh685eef77c5", "name": "Canyon River Marine", "_cat": "carnelian", "_grp": "gem", "_src": "rh", "stone": "Carnelian", "all stones": "Carnelian; Agate; Jasper; Fossils", "region": "SW Washington", "ground": "public water, private banks", "likelihood": 3, "sources": 2, "notes": "Canyon River Marine fossils, worm tubes base of cliff S side river | OreRockOn: Satsop River Agate, carnelian, jasper, etc. See RHWA", "access": "verify"}, "geometry": {"type": "Point", "coordinates": [-123.5086, 47.3023]}}, {"type": "Feature", "properties": {"id": "rhe7d6958385", "name": "Porter Bluffs", "_cat": "carnelian", "_grp": "gem", "_src": "rh", "stone": "Carnelian", "all stones": "Carnelian; Agate; Fossils", "region": "SW Washington", "ground": "public water, private banks", "likelihood": 3, "sources": 2, "notes": "Porter Bluffs Crab concretions in roadcut Same as with PORTR5 | OreRockOn: Chehalis River Agate &amp; carnelian in gravel See Gem Trails of WA", "access": "verify"}, "geometry": {"type": "Point", "coordinates": [-123.3171, 46.9441]}}, {"type": "Feature", "properties": {"id": "rh69c4befe0a", "name": "Wenas Ridge Plant", "_cat": "wood", "_grp": "gem", "_src": "rh", "stone": "Petrified wood", "all stones": "Petrified wood; Fossils", "region": "SW Washington", "ground": "unverified", "likelihood": 3, "sources": 1, "notes": "Wenas Ridge Plant fossils (petrified wood?) near end or ridge at cr", "access": "verify"}, "geometry": {"type": "Point", "coordinates": [-120.5607, 46.7039]}}, {"type": "Feature", "properties": {"id": "rhb39c44019c", "name": "Knappton", "_cat": "wood", "_grp": "gem", "_src": "rh", "stone": "Petrified wood", "all stones": "Petrified wood; Fossils", "region": "SW Washington", "ground": "unverified", "likelihood": 3, "sources": 2, "notes": "Knappton Crab &amp; mud shrimp concretions Teredo wood, molluscs In", "access": "verify"}, "geometry": {"type": "Point", "coordinates": [-123.784, 46.2799]}}, {"type": "Feature", "properties": {"id": "rhacdd41ff77", "name": "Manatash Ridge", "_cat": "wood", "_grp": "gem", "_src": "rh", "stone": "Petrified wood", "all stones": "Petrified wood", "region": "SW Washington", "ground": "unverified", "likelihood": 3, "sources": 1, "notes": "Manatash Ridge Petrified wood SE of highway", "access": "verify"}, "geometry": {"type": "Point", "coordinates": [-120.3776, 46.8427]}}, {"type": "Feature", "properties": {"id": "rh9a648a1571", "name": "North Fork Squaw Creek", "_cat": "wood", "_grp": "gem", "_src": "rh", "stone": "Petrified wood", "all stones": "Petrified wood", "region": "SW Washington", "ground": "public water, private banks", "likelihood": 4, "sources": 1, "notes": "North Fork Squaw Creek Petrified wood In layer between basalt flows(br", "access": "verify"}, "geometry": {"type": "Point", "coordinates": [-120.3584, 46.8066]}}, {"type": "Feature", "properties": {"id": "rhd275a81c8c", "name": "Burbank Valley", "_cat": "opal", "_grp": "gem", "_src": "rh", "stone": "Opal", "all stones": "Opal; Petrified wood", "region": "SW Washington", "ground": "public water, private banks", "likelihood": 3, "sources": 1, "notes": "Burbank Valley Opalized wood In roadcut 3.1 mi. S of Squaw Creek br", "access": "verify"}, "geometry": {"type": "Point", "coordinates": [-120.3801, 46.7608]}}, {"type": "Feature", "properties": {"id": "rh2badd61672", "name": "Roza Dam", "_cat": "wood", "_grp": "gem", "_src": "rh", "stone": "Petrified wood", "all stones": "Petrified wood", "region": "SW Washington", "ground": "unverified", "likelihood": 2, "sources": 2, "notes": "Roza Dam petrified wood In white ash general loc.", "access": "verify"}, "geometry": {"type": "Point", "coordinates": [-120.4549, 46.7255]}}, {"type": "Feature", "properties": {"id": "rh1f32cd203c", "name": "Umtanum Creek", "_cat": "agate", "_grp": "gem", "_src": "rh", "stone": "Agate", "all stones": "Agate; Petrified wood; Jasper", "region": "SW Washington", "ground": "public water, private banks", "likelihood": 3, "sources": 4, "notes": "Umtanum Creek petrified wood In canyon wall See Rockhounding WA | OreRockOn: Yakima River canoyn Agate, jasper, petrified wood in river gravel E | OreRockOn: Umtanum Creek (src), WA", "access": "verify"}, "geometry": {"type": "Point", "coordinates": [-120.4848, 46.8572]}}, {"type": "Feature", "properties": {"id": "rh29fabe42c0", "name": "Grays River", "_cat": "agate", "_grp": "gem", "_src": "rh", "stone": "Agate", "all stones": "Agate; Fossils", "region": "SW Washington", "ground": "public water, private banks", "likelihood": 3, "sources": 2, "notes": "Grays River Crab &amp; mollusc fossils Agate In river bank &amp; gr | OreRockOn: Grays River Agate in river gravel See Gem Trails &amp; Rockhounding WA", "access": "verify"}, "geometry": {"type": "Point", "coordinates": [-123.5603, 46.3637]}}, {"type": "Feature", "properties": {"id": "rh159c3c6f6b", "name": "Timberwolf Mtn. Twisted", "_cat": "gem_other", "_grp": "gem", "_src": "rh", "stone": "Quartz", "all stones": "Quartz", "region": "SW Washington", "ground": "unverified", "likelihood": 3, "sources": 1, "notes": "Timberwolf Mtn. Twisted quartz crystals In meadow below viewpoint S", "access": "verify"}, "geometry": {"type": "Point", "coordinates": [-121.1455, 46.766]}}, {"type": "Feature", "properties": {"id": "rhaed65825f7", "name": "Westport Beach", "_cat": "agate", "_grp": "gem", "_src": "rh", "stone": "Agate", "all stones": "Agate", "region": "SW Washington", "ground": "public water, private banks", "likelihood": 3, "sources": 1, "notes": "Westport Beach agates after storms W on Chehalis Ave. from Hwy 105", "access": "verify"}, "geometry": {"type": "Point", "coordinates": [-124.1209, 46.8713]}}, {"type": "Feature", "properties": {"id": "rh0842ca2f80", "name": "Moclips River", "_cat": "agate", "_grp": "gem", "_src": "rh", "stone": "Agate", "all stones": "Agate", "region": "SW Washington", "ground": "public water, private banks", "likelihood": 2, "sources": 1, "notes": "Moclips River Agate etc. in gravel bars General area See Gem Trails", "access": "verify"}, "geometry": {"type": "Point", "coordinates": [-124.2165, 47.2452]}}, {"type": "Feature", "properties": {"id": "rhd740d6cf9a", "name": "Iron Springs", "_cat": "agate", "_grp": "gem", "_src": "rh", "stone": "Agate", "all stones": "Agate", "region": "SW Washington", "ground": "public water, private banks", "likelihood": 3, "sources": 1, "notes": "Iron Springs Agate etc. in gravel See Gem Trails &amp; Rockhounding WA", "access": "verify"}, "geometry": {"type": "Point", "coordinates": [-124.1886, 47.1587]}}, {"type": "Feature", "properties": {"id": "rhb905ccb2da", "name": "Point Brown", "_cat": "agate", "_grp": "gem", "_src": "rh", "stone": "Agate", "all stones": "Agate; Petrified wood; Jasper", "region": "SW Washington", "ground": "public water, private banks", "likelihood": 3, "sources": 1, "notes": "Point Brown Agate, jasper, petrified wood In gravel best after wint", "access": "verify"}, "geometry": {"type": "Point", "coordinates": [-124.1741, 46.9287]}}, {"type": "Feature", "properties": {"id": "rhd95d1ef7ef", "name": "Wood Gulch Petrified wood (opalized", "_cat": "opal", "_grp": "gem", "_src": "rh", "stone": "Opal", "all stones": "Opal; Petrified wood", "region": "Columbia Gorge", "ground": "unverified", "likelihood": 3, "sources": 1, "notes": "Wood Gulch Petrified wood (opalized) See Gem Trails &amp; Rockhounding", "access": "verify"}, "geometry": {"type": "Point", "coordinates": [-120.2014, 45.7497]}}, {"type": "Feature", "properties": {"id": "rh0feaa3ccc4", "name": "Rock Creek", "_cat": "opal", "_grp": "gem", "_src": "rh", "stone": "Opal", "all stones": "Opal; Petrified wood", "region": "Columbia Gorge", "ground": "public water, private banks", "likelihood": 3, "sources": 1, "notes": "Rock Creek Petrified wood (opalized) Check canyon walls &amp; roadcuts", "access": "verify"}, "geometry": {"type": "Point", "coordinates": [-120.4581, 45.7193]}}, {"type": "Feature", "properties": {"id": "rhc3b31d4f3b", "name": "Sundale", "_cat": "opal", "_grp": "gem", "_src": "rh", "stone": "Opal", "all stones": "Opal; Petrified wood", "region": "Columbia Gorge", "ground": "unverified", "likelihood": 3, "sources": 1, "notes": "Sundale Petrified wood (opalized) Check canyon &amp; roadcuts See G", "access": "verify"}, "geometry": {"type": "Point", "coordinates": [-120.3213, 45.7273]}}, {"type": "Feature", "properties": {"id": "rh46ee9d6108", "name": "Old Highway 8", "_cat": "opal", "_grp": "gem", "_src": "rh", "stone": "Opal", "all stones": "Opal; Petrified wood", "region": "Columbia Gorge", "ground": "unverified", "likelihood": 3, "sources": 1, "notes": "Old Highway 8 Petrified wood (opalized) Check canyon &amp; roadcuts(br", "access": "verify"}, "geometry": {"type": "Point", "coordinates": [-120.2634, 45.7339]}}, {"type": "Feature", "properties": {"id": "rhd143c17678", "name": "Quartz Creek Agate in stream", "_cat": "agate", "_grp": "gem", "_src": "rh", "stone": "Agate", "all stones": "Agate; Quartz", "region": "SW Washington", "ground": "public water, private banks", "likelihood": 3, "sources": 1, "notes": "Quartz Creek Agate in stream gravel Look near stream mouths here to 4W", "access": "verify"}, "geometry": {"type": "Point", "coordinates": [-121.1353, 47.017]}}, {"type": "Feature", "properties": {"id": "rh84cfe803d8", "name": "Four Way Meadow", "_cat": "agate", "_grp": "gem", "_src": "rh", "stone": "Agate", "all stones": "Agate", "region": "SW Washington", "ground": "public water, private banks", "likelihood": 3, "sources": 1, "notes": "Four Way Meadow Agate in stream gravel Look near stream mouths here to", "access": "verify"}, "geometry": {"type": "Point", "coordinates": [-121.206, 47.052]}}, {"type": "Feature", "properties": {"id": "rhbd38bd9517", "name": "Teanaway River", "_cat": "agate", "_grp": "gem", "_src": "rh", "stone": "Agate", "all stones": "Agate; Jasper", "region": "SW Washington", "ground": "public water, private banks", "likelihood": 3, "sources": 1, "notes": "Teanaway River Agate &amp; jasper in river gravel See Gem Trails of", "access": "verify"}, "geometry": {"type": "Point", "coordinates": [-120.8928, 47.2536]}}, {"type": "Feature", "properties": {"id": "rh5f9f593ce9", "name": "Louis Bloch Park", "_cat": "agate", "_grp": "gem", "_src": "rh", "stone": "Agate", "all stones": "Agate; Petrified wood; Jasper", "region": "Columbia Gorge", "ground": "public water, private banks", "likelihood": 3, "sources": 1, "notes": "Louis Bloch Park Agate, jasper, petrified wood in Washougal River S", "access": "verify"}, "geometry": {"type": "Point", "coordinates": [-122.3939, 45.5872]}}, {"type": "Feature", "properties": {"id": "rh115e98d929", "name": "Grays River", "_cat": "amethyst", "_grp": "gem", "_src": "rh", "stone": "Amethyst", "all stones": "Amethyst; Quartz", "region": "SW Washington", "ground": "public water, private banks", "likelihood": 4, "sources": 1, "notes": "Grays River Quartz, calcite, amethyst in quarry See Gem Trails of W", "access": "verify"}, "geometry": {"type": "Point", "coordinates": [-123.4727, 46.4058]}}, {"type": "Feature", "properties": {"id": "rh1becc31358", "name": "Chehalis River", "_cat": "carnelian", "_grp": "gem", "_src": "rh", "stone": "Carnelian", "all stones": "Carnelian; Petrified wood; Jasper", "region": "SW Washington", "ground": "public water, private banks", "likelihood": 3, "sources": 1, "notes": "Chehalis River Carnelian, petrified wood, jasper in gravel here to Pe", "access": "verify"}, "geometry": {"type": "Point", "coordinates": [-123.1464, 46.6005]}}, {"type": "Feature", "properties": {"id": "rhd25cf36c80", "name": "Bear River mouth", "_cat": "agate", "_grp": "gem", "_src": "rh", "stone": "Agate", "all stones": "Agate", "region": "SW Washington", "ground": "public water, private banks", "likelihood": 2, "sources": 1, "notes": "Bear River mouth Agate in gravel bars General loc. See Gem Trails o", "access": "verify"}, "geometry": {"type": "Point", "coordinates": [-123.9577, 46.3486]}}, {"type": "Feature", "properties": {"id": "rhf715758d2b", "name": "\"Adams Creek Meadows\"", "_cat": "wood", "_grp": "gem", "_src": "rh", "stone": "Petrified wood", "all stones": "Petrified wood", "region": "SW Washington", "ground": "public water, private banks", "likelihood": 3, "sources": 1, "notes": "\"Adams Creek Meadows\" Petrified wood Loc. unknown!", "access": "verify"}, "geometry": {"type": "Point", "coordinates": [-121.6461, 46.3334]}}, {"type": "Feature", "properties": {"id": "rh40ff862f9a", "name": "Copper Creek Petirfied", "_cat": "wood", "_grp": "gem", "_src": "rh", "stone": "Petrified wood", "all stones": "Petrified wood", "region": "SW Washington", "ground": "public water, private banks", "likelihood": 3, "sources": 1, "notes": "Copper Creek Petirfied wood in creek", "access": "verify"}, "geometry": {"type": "Point", "coordinates": [-121.961, 46.7579]}}, {"type": "Feature", "properties": {"id": "rhef78cb4c7a", "name": "Satsop marine", "_cat": "chalcedony", "_grp": "gem", "_src": "rh", "stone": "Chalcedony", "all stones": "Chalcedony; Petrified wood; Jasper; Fossils", "region": "SW Washington", "ground": "unverified", "likelihood": 3, "sources": 1, "notes": "Satsop marine fossils, jasper, petrified wood, chalcedony See Gem Trai", "access": "verify"}, "geometry": {"type": "Point", "coordinates": [-123.525, 47.045]}}, {"type": "Feature", "properties": {"id": "rhf51bd82135", "name": "North Cove Beach", "_cat": "agate", "_grp": "gem", "_src": "rh", "stone": "Agate", "all stones": "Agate", "region": "SW Washington", "ground": "public water, private banks", "likelihood": 3, "sources": 1, "notes": "North Cove Beach agates See Gem Trails of WA 2", "access": "verify"}, "geometry": {"type": "Point", "coordinates": [-124.062, 46.733]}}, {"type": "Feature", "properties": {"id": "rh670e8e0824", "name": "Westhaven Beach", "_cat": "agate", "_grp": "gem", "_src": "rh", "stone": "Agate", "all stones": "Agate", "region": "SW Washington", "ground": "public water, private banks", "likelihood": 3, "sources": 1, "notes": "Westhaven Beach agates See Gem Trails of WA 2", "access": "verify"}, "geometry": {"type": "Point", "coordinates": [-124.119, 46.908]}}, {"type": "Feature", "properties": {"id": "rh3ece975581", "name": "Newaukum River", "_cat": "carnelian", "_grp": "gem", "_src": "rh", "stone": "Carnelian", "all stones": "Carnelian; Agate", "region": "SW Washington", "ground": "public water, private banks", "likelihood": 3, "sources": 1, "notes": "Newaukum River Carnelian agate See Gem Trails 2 &amp; Rockhounding WA", "access": "verify"}, "geometry": {"type": "Point", "coordinates": [-122.781, 46.655]}}, {"type": "Feature", "properties": {"id": "rh2764c09fc8", "name": "Newaukum River", "_cat": "carnelian", "_grp": "gem", "_src": "rh", "stone": "Carnelian", "all stones": "Carnelian; Agate", "region": "SW Washington", "ground": "public water, private banks", "likelihood": 3, "sources": 1, "notes": "Newaukum River Carnelian agate See Gem Trails 2 &amp; Rockhounding WA", "access": "verify"}, "geometry": {"type": "Point", "coordinates": [-122.792, 46.627]}}, {"type": "Feature", "properties": {"id": "rh3b6895936c", "name": "Washougal River", "_cat": "wood", "_grp": "gem", "_src": "rh", "stone": "Petrified wood", "all stones": "Petrified wood; Jasper", "region": "Columbia Gorge", "ground": "public water, private banks", "likelihood": 3, "sources": 1, "notes": "Washougal River Jasper, petrified wood See Gem Trails 2 &amp; Rockhoun", "access": "verify"}, "geometry": {"type": "Point", "coordinates": [-122.375, 45.588]}}, {"type": "Feature", "properties": {"id": "rhfa6b7c7548", "name": "Klikitat River", "_cat": "agate", "_grp": "gem", "_src": "rh", "stone": "Agate", "all stones": "Agate; Petrified wood; Jasper", "region": "Columbia Gorge", "ground": "public water, private banks", "likelihood": 3, "sources": 1, "notes": "Klikitat River Jasper, petrified wood, agate See Gem Trails of WA 2", "access": "verify"}, "geometry": {"type": "Point", "coordinates": [-121.08, 45.834]}}, {"type": "Feature", "properties": {"id": "rhc9e33db52a", "name": "Klikitat River", "_cat": "agate", "_grp": "gem", "_src": "rh", "stone": "Agate", "all stones": "Agate; Petrified wood; Jasper", "region": "Columbia Gorge", "ground": "public water, private banks", "likelihood": 3, "sources": 1, "notes": "Klikitat River Jasper, petrified wood, agate See Gem Trails 2 &amp; Ro", "access": "verify"}, "geometry": {"type": "Point", "coordinates": [-121.107, 45.926]}}, {"type": "Feature", "properties": {"id": "rh03622fc153", "name": "Klikitat River", "_cat": "agate", "_grp": "gem", "_src": "rh", "stone": "Agate", "all stones": "Agate; Petrified wood; Jasper", "region": "SW Washington", "ground": "public water, private banks", "likelihood": 3, "sources": 1, "notes": "Klikitat River Jasper, petrified wood, agate See Gem Trails 2 &amp; Ro", "access": "verify"}, "geometry": {"type": "Point", "coordinates": [-121.125, 45.986]}}, {"type": "Feature", "properties": {"id": "rhdf3c902603", "name": "Roosevelt", "_cat": "wood", "_grp": "gem", "_src": "rh", "stone": "Petrified wood", "all stones": "Petrified wood", "region": "Columbia Gorge", "ground": "unverified", "likelihood": 3, "sources": 1, "notes": "Roosevelt Petrified wood See Gem Trails of WA 2", "access": "verify"}, "geometry": {"type": "Point", "coordinates": [-120.213, 45.738]}}, {"type": "Feature", "properties": {"id": "rh7d28c19f4d", "name": "Rock Creek", "_cat": "wood", "_grp": "gem", "_src": "rh", "stone": "Petrified wood", "all stones": "Petrified wood", "region": "Columbia Gorge", "ground": "public water, private banks", "likelihood": 3, "sources": 1, "notes": "Rock Creek Petrified wood See Gem Trails of WA 2", "access": "verify"}, "geometry": {"type": "Point", "coordinates": [-120.438, 45.748]}}, {"type": "Feature", "properties": {"id": "rh3423a225a6", "name": "Sand Spring Canyon", "_cat": "wood", "_grp": "gem", "_src": "rh", "stone": "Petrified wood", "all stones": "Petrified wood", "region": "Columbia Gorge", "ground": "unverified", "likelihood": 3, "sources": 1, "notes": "Sand Spring Canyon Petrified wood See Gem Trails of WA 2", "access": "verify"}, "geometry": {"type": "Point", "coordinates": [-120.526, 45.726]}}, {"type": "Feature", "properties": {"id": "rhc9f82a1fc8", "name": "Satus Creek", "_cat": "obsidian", "_grp": "gem", "_src": "rh", "stone": "Obsidian", "all stones": "Obsidian; Petrified wood", "region": "SW Washington", "ground": "public water, private banks", "likelihood": 3, "sources": 1, "notes": "Satus Creek Petrified wood, rare obsidian See Gem Trails of WA 2", "access": "verify"}, "geometry": {"type": "Point", "coordinates": [-120.378, 46.252]}}, {"type": "Feature", "properties": {"id": "rhda097630fa", "name": "Wapato", "_cat": "agate", "_grp": "gem", "_src": "rh", "stone": "Agate", "all stones": "Agate; Petrified wood; Jasper", "region": "SW Washington", "ground": "unverified", "likelihood": 3, "sources": 1, "notes": "Wapato Agate, petrified wood, jasper See Gem Trails 2 &amp; Rockhoundi", "access": "verify"}, "geometry": {"type": "Point", "coordinates": [-120.401, 46.467]}}, {"type": "Feature", "properties": {"id": "rhc5aed29fcf", "name": "Zillah", "_cat": "agate", "_grp": "gem", "_src": "rh", "stone": "Agate", "all stones": "Agate; Petrified wood; Jasper", "region": "SW Washington", "ground": "unverified", "likelihood": 3, "sources": 1, "notes": "Zillah Agate, petrified wood, jasper See Gem Trails 2 &amp; Rockhoundi", "access": "verify"}, "geometry": {"type": "Point", "coordinates": [-120.282, 46.401]}}, {"type": "Feature", "properties": {"id": "rh8ffca20440", "name": "Umtanum Creek", "_cat": "wood", "_grp": "gem", "_src": "rh", "stone": "Petrified wood", "all stones": "Petrified wood", "region": "SW Washington", "ground": "public water, private banks", "likelihood": 3, "sources": 1, "notes": "Umtanum Creek Petrified wood See Gem Trails of WA 2", "access": "verify"}, "geometry": {"type": "Point", "coordinates": [-120.499, 46.859]}}, {"type": "Feature", "properties": {"id": "rh91775722d0", "name": "Roza", "_cat": "wood", "_grp": "gem", "_src": "rh", "stone": "Petrified wood", "all stones": "Petrified wood", "region": "SW Washington", "ground": "unverified", "likelihood": 3, "sources": 1, "notes": "Roza Petrified wood See Gem Trails of WA 2", "access": "verify"}, "geometry": {"type": "Point", "coordinates": [-120.456, 46.778]}}, {"type": "Feature", "properties": {"id": "rh7182ef890f", "name": "Roza", "_cat": "wood", "_grp": "gem", "_src": "rh", "stone": "Petrified wood", "all stones": "Petrified wood", "region": "SW Washington", "ground": "unverified", "likelihood": 3, "sources": 1, "notes": "Roza Petrified wood See Gem Trails of WA 2", "access": "verify"}, "geometry": {"type": "Point", "coordinates": [-120.463, 46.8]}}, {"type": "Feature", "properties": {"id": "rh5d13c0f261", "name": "Teanaway", "_cat": "chalcedony", "_grp": "gem", "_src": "rh", "stone": "Chalcedony", "all stones": "Chalcedony; Agate; Petrified wood; Jasper", "region": "SW Washington", "ground": "unverified", "likelihood": 3, "sources": 1, "notes": "Teanaway agate, chalcedony, jasper, petrified wood See Gem Trails of W", "access": "verify"}, "geometry": {"type": "Point", "coordinates": [-120.834, 47.169]}}, {"type": "Feature", "properties": {"id": "rhbb5f5851b7", "name": "Swauk Creek", "_cat": "chalcedony", "_grp": "gem", "_src": "rh", "stone": "Chalcedony", "all stones": "Chalcedony; Agate; Petrified wood; Jasper", "region": "SW Washington", "ground": "public water, private banks", "likelihood": 3, "sources": 1, "notes": "Swauk Creek agate, chalcedony, jasper, petrified wood See Gem Trails o", "access": "verify"}, "geometry": {"type": "Point", "coordinates": [-120.738, 47.124]}}, {"type": "Feature", "properties": {"id": "rha65f7774f7", "name": "Yakima River", "_cat": "chalcedony", "_grp": "gem", "_src": "rh", "stone": "Chalcedony", "all stones": "Chalcedony; Agate; Petrified wood; Jasper", "region": "SW Washington", "ground": "public water, private banks", "likelihood": 3, "sources": 1, "notes": "Yakima River agate, chalcedony, jasper, petrified wood See Gem Trails", "access": "verify"}, "geometry": {"type": "Point", "coordinates": [-120.702, 47.101]}}, {"type": "Feature", "properties": {"id": "rh10c9c0d55f", "name": "Thrall", "_cat": "chalcedony", "_grp": "gem", "_src": "rh", "stone": "Chalcedony", "all stones": "Chalcedony; Agate; Petrified wood; Jasper", "region": "SW Washington", "ground": "unverified", "likelihood": 3, "sources": 1, "notes": "Thrall agate, chalcedony, jasper, petrified wood See Gem Trails of WA", "access": "verify"}, "geometry": {"type": "Point", "coordinates": [-120.516, 46.927]}}, {"type": "Feature", "properties": {"id": "rh86b4f88d24", "name": "Morgan Creek", "_cat": "carnelian", "_grp": "gem", "_src": "rh", "stone": "Carnelian", "all stones": "Carnelian", "region": "Columbia Gorge", "ground": "public water, private banks", "likelihood": 2, "sources": 1, "notes": "Morgan Creek Carnelian in Salmon and Morgan Cr. Large area", "access": "verify"}, "geometry": {"type": "Point", "coordinates": [-122.512, 45.759]}}, {"type": "Feature", "properties": {"id": "rh5ea8a219e1", "name": "Damon Point", "_cat": "agate", "_grp": "gem", "_src": "rh", "stone": "Agate", "all stones": "Agate; Jasper", "region": "SW Washington", "ground": "unverified", "likelihood": 3, "sources": 1, "notes": "Damon Point Agate jasper etc. See Rockhounding WA", "access": "verify"}, "geometry": {"type": "Point", "coordinates": [-124.108, 46.946]}}, {"type": "Feature", "properties": {"id": "rh2f3675d72e", "name": "Dunn Creek quarry", "_cat": "agate", "_grp": "gem", "_src": "rh", "stone": "Agate", "all stones": "Agate", "region": "SW Washington", "ground": "public water, private banks", "likelihood": 4, "sources": 1, "notes": "Dunn Creek quarry Agate? Loc. exact", "access": "verify"}, "geometry": {"type": "Point", "coordinates": [-123.275, 46.69]}}, {"type": "Feature", "properties": {"id": "rh343549d048", "name": "Wynoochee River", "_cat": "gem_other", "_grp": "gem", "_src": "rh", "stone": "Quartz", "all stones": "Quartz; Jasper; Crystals (augite, epidote)", "region": "SW Washington", "ground": "public water, private banks", "likelihood": 3, "sources": 1, "notes": "Wynoochee River Quartzite, epidote, jasper, etc. See RHWA", "access": "verify"}, "geometry": {"type": "Point", "coordinates": [-123.687, 47.022]}}, {"type": "Feature", "properties": {"id": "rhd3c24af925", "name": "Chehalis River", "_cat": "carnelian", "_grp": "gem", "_src": "rh", "stone": "Carnelian", "all stones": "Carnelian; Agate; Jasper", "region": "SW Washington", "ground": "public water, private banks", "likelihood": 3, "sources": 1, "notes": "Chehalis River Agate, carnelian, jasper, etc. See RHWA", "access": "verify"}, "geometry": {"type": "Point", "coordinates": [-122.983, 46.651]}}, {"type": "Feature", "properties": {"id": "rh6f84f56a94", "name": "Grays River", "_cat": "agate", "_grp": "gem", "_src": "rh", "stone": "Agate", "all stones": "Agate; Quartz; Jasper", "region": "SW Washington", "ground": "public water, private banks", "likelihood": 3, "sources": 1, "notes": "Grays River Agate, quartz, jasper, etc. See RHWA", "access": "verify"}, "geometry": {"type": "Point", "coordinates": [-123.479, 46.391]}}, {"type": "Feature", "properties": {"id": "rh32f727c8a6", "name": "Washougal River", "_cat": "carnelian", "_grp": "gem", "_src": "rh", "stone": "Carnelian", "all stones": "Carnelian; Agate; Jasper", "region": "Columbia Gorge", "ground": "public water, private banks", "likelihood": 3, "sources": 1, "notes": "Washougal River Agate, carnelian, jasper, etc. See RHWA", "access": "verify"}, "geometry": {"type": "Point", "coordinates": [-122.342, 45.617]}}, {"type": "Feature", "properties": {"id": "rh524ddbbbf5", "name": "Washougal River", "_cat": "carnelian", "_grp": "gem", "_src": "rh", "stone": "Carnelian", "all stones": "Carnelian; Agate; Jasper", "region": "Columbia Gorge", "ground": "public water, private banks", "likelihood": 3, "sources": 1, "notes": "Washougal River Agate, carnelian, jasper, etc. See RHWA", "access": "verify"}, "geometry": {"type": "Point", "coordinates": [-122.155, 45.673]}}, {"type": "Feature", "properties": {"id": "rh6b4c233103", "name": "East Canyon Creek", "_cat": "agate", "_grp": "gem", "_src": "rh", "stone": "Agate", "all stones": "Agate; Jasper", "region": "SW Washington", "ground": "public water, private banks", "likelihood": 3, "sources": 1, "notes": "East Canyon Creek Agate, jasper See RHWA", "access": "verify"}, "geometry": {"type": "Point", "coordinates": [-121.733, 46.313]}}, {"type": "Feature", "properties": {"id": "rhb2d96a4085", "name": "East Canyon Creek", "_cat": "agate", "_grp": "gem", "_src": "rh", "stone": "Agate", "all stones": "Agate; Jasper", "region": "SW Washington", "ground": "public water, private banks", "likelihood": 3, "sources": 1, "notes": "East Canyon Creek Agate, jasper See RHWA", "access": "verify"}, "geometry": {"type": "Point", "coordinates": [-121.721, 46.33]}}, {"type": "Feature", "properties": {"id": "rh701c270fc5", "name": "American River", "_cat": "chalcedony", "_grp": "gem", "_src": "rh", "stone": "Chalcedony", "all stones": "Chalcedony; Agate", "region": "SW Washington", "ground": "public water, private banks", "likelihood": 3, "sources": 1, "notes": "American River Chalcedony, agate See RHWA", "access": "verify"}, "geometry": {"type": "Point", "coordinates": [-121.269, 46.963]}}, {"type": "Feature", "properties": {"id": "rh41f1d5e789", "name": "Little Naches", "_cat": "thunderegg", "_grp": "gem", "_src": "rh", "stone": "Thundereggs", "all stones": "Thundereggs; Chalcedony; Agate; Jasper", "region": "SW Washington", "ground": "unverified", "likelihood": 3, "sources": 1, "notes": "Little Naches Thundereggs, agate, chalcedony, jasper See RHWA", "access": "verify"}, "geometry": {"type": "Point", "coordinates": [-121.099, 46.99]}}, {"type": "Feature", "properties": {"id": "rha82dcb8e03", "name": "Little Naches", "_cat": "thunderegg", "_grp": "gem", "_src": "rh", "stone": "Thundereggs", "all stones": "Thundereggs; Chalcedony; Agate; Jasper", "region": "SW Washington", "ground": "unverified", "likelihood": 3, "sources": 1, "notes": "Little Naches Thundereggs, agate, chalcedony, jasper See RHWA", "access": "verify"}, "geometry": {"type": "Point", "coordinates": [-121.155, 47.027]}}, {"type": "Feature", "properties": {"id": "rh6960a71ee3", "name": "Yakima River", "_cat": "agate", "_grp": "gem", "_src": "rh", "stone": "Agate", "all stones": "Agate; Jasper", "region": "SW Washington", "ground": "public water, private banks", "likelihood": 3, "sources": 1, "notes": "Yakima River Agate, jasper See RHWA", "access": "verify"}, "geometry": {"type": "Point", "coordinates": [-120.502, 46.625]}}, {"type": "Feature", "properties": {"id": "rh6e0ec6ea05", "name": "Washougal River", "_cat": "agate", "_grp": "gem", "_src": "rh", "stone": "Agate", "all stones": "Agate; Jasper", "region": "Columbia Gorge", "ground": "public water, private banks", "likelihood": 3, "sources": 2, "notes": "Washougal River Agate, jasper, etc. On gravel bar \"at mle marker 7\" Loc. | OreRockOn: This site is from a customer who received a free copy for their suggestion.", "access": "verify"}, "geometry": {"type": "Point", "coordinates": [-122.289, 45.626]}}, {"type": "Feature", "properties": {"id": "rh7ca287c485", "name": "Lookout Point", "_cat": "wood", "_grp": "gem", "_src": "rh", "stone": "Petrified wood", "all stones": "Petrified wood", "region": "SW Washington", "ground": "unverified", "likelihood": 3, "sources": 1, "notes": "Lookout Point Petrified wood (Section)", "access": "verify"}, "geometry": {"type": "Point", "coordinates": [-120.5727, 46.6362]}}, {"type": "Feature", "properties": {"id": "rh6e78700a3d", "name": "Yellowbottom Rec Site \u2014 NO PANNING", "_cat": "agate", "_grp": "gem", "_src": "rh", "stone": "Agate", "all stones": "Agate; Jasper", "region": "Willamette / Cascades", "ground": "confirmed public", "likelihood": 4, "sources": 2, "notes": "CLOSED TO PANNING. Swimming and camping site inside the corridor, but gold panning is specifically not allowed here. Good basecamp; pan upstream or down.", "access": "free", "status": "closed"}, "geometry": {"type": "Point", "coordinates": [-122.3195, 44.5825]}}, {"type": "Feature", "properties": {"id": "rh2544558bdb", "name": "Calapooia River \u2014 NF-2820 lower pullouts", "_cat": "agate", "_grp": "gem", "_src": "rh", "stone": "Agate", "all stones": "Agate; Carnelian; Jasper; Petrified wood", "region": "Willamette / Cascades", "ground": "public water, private banks", "likelihood": 3, "sources": 3, "notes": "Forest Road 2820 runs beside the river above Holley. Access is a string of small pullouts - park and walk to fresh gravel. Holley blue, carnelian, jasper and wood all come out of this stretch. Surrounding ground is private timber, so stay on the road prism and the wetted gravel.", "access": "verify"}, "geometry": {"type": "Point", "coordinates": [-122.521, 44.256]}}, {"type": "Feature", "properties": {"id": "rh06157e83bf", "name": "Calapooia River \u2014 upper NF-2820 / Weyerhaeuser gate", "_cat": "agate", "_grp": "gem", "_src": "rh", "stone": "Agate", "all stones": "Agate; Jasper; Petrified wood; Quartz", "region": "Willamette / Cascades", "ground": "public water, private banks", "likelihood": 3, "sources": 2, "notes": "Gravel road ends at Weyerhaeuser gates. Park along the road and walk in. Low water late summer into early fall is the whole game - bars are under otherwise.", "access": "verify"}, "geometry": {"type": "Point", "coordinates": [-122.416, 44.227]}}, {"type": "Feature", "properties": {"id": "rh33129f8b80", "name": "Quartz Creek confluence \u2014 upper Calapooia", "_cat": "agate", "_grp": "gem", "_src": "rh", "stone": "Agate", "all stones": "Agate; Jasper; Quartz; Petrified wood", "region": "Willamette / Cascades", "ground": "public water, private banks", "likelihood": 2, "sources": 1, "notes": "APPROXIMATE AND UNVERIFIED. Tributary confluence in the upper Calapooia drainage, Willamette NF ground. Named for quartz veining in the surrounding Western Cascades volcanics. This is a lead to scout, not a destination.", "access": "verify"}, "geometry": {"type": "Point", "coordinates": [-122.356, 44.221]}}, {"type": "Feature", "properties": {"id": "rhccdd3ed312", "name": "Pioneer Park \u2014 Calapooia at Brownsville", "_cat": "agate", "_grp": "gem", "_src": "rh", "stone": "Agate", "all stones": "Agate; Jasper; Petrified wood", "region": "Willamette / Cascades", "ground": "confirmed public", "likelihood": 4, "sources": 2, "notes": "City park with easy legal river access at the bottom of the drainage. Picked over and the material runs small, but it is open ground with a bathroom and no gate - a decent first read on what the river carries.", "access": "free"}, "geometry": {"type": "Point", "coordinates": [-122.9861, 44.3936]}}]}